{"type": "FeatureCollection", "features": [{"type": "Feature", "properties": {"name": "Sans titre - Rep\u00e8re", "styleUrl": "#msn_homegardenbusiness6"}, "geometry": {"type": "Point", "coordinates": [36.48913160538317, 33.26454308115041, 0.0]}}, {"type": "Feature", "properties": {"name": "Sans titre - Rep\u00e8re", "styleUrl": "#msn_target1"}, "geometry": {"type": "Point", "coordinates": [41.28369943575934, 23.2259512029167, 0.0]}}, {"type": "Feature", "properties": {"name": "Sans titre - Rep\u00e8re", "styleUrl": "#msn_homegardenbusiness13"}, "geometry": {"type": "Point", "coordinates": [41.32041203376668, 23.27422612622152, 0.0]}}, {"type": "Feature", "properties": {"name": "Sans titre - Rep\u00e8re", "styleUrl": "#msn_target4"}, "geometry": {"type": "Point", "coordinates": [41.33307231083786, 23.27580940963841, 0.0]}}, {"type": "Feature", "properties": {"name": "Sans titre - Rep\u00e8re", "styleUrl": "#msn_ylw-pushpin2"}, "geometry": {"type": "Point", "coordinates": [41.33744295617075, 23.26955886529959, 0.0]}}, {"type": "Feature", "properties": {"name": "Sans titre - Rep\u00e8re", "styleUrl": "#msn_ylw-pushpin2"}, "geometry": {"type": "Point", "coordinates": [41.35427333973356, 23.28032922406781, 0.0]}}, {"type": "Feature", "properties": {"name": "Sans titre - Rep\u00e8re", "styleUrl": "#msn_ylw-pushpin2"}, "geometry": {"type": "Point", "coordinates": [41.36081249013005, 23.28859692762567, 0.0]}}, {"type": "Feature", "properties": {"name": "Sans titre - Rep\u00e8re", "styleUrl": "#msn_ylw-pushpin2"}, "geometry": {"type": "Point", "coordinates": [41.36555983184237, 23.29318307251739, 0.0]}}, {"type": "Feature", "properties": {"name": "Sans titre - Rep\u00e8re", "styleUrl": "#msn_target2"}, "geometry": {"type": "Point", "coordinates": [41.36674960728616, 23.29672986452286, 0.0]}}, {"type": "Feature", "properties": {"name": "Sans titre - Rep\u00e8re", "styleUrl": "#msn_target2"}, "geometry": {"type": "Point", "coordinates": [41.36884572916841, 23.29814012943369, 0.0]}}, {"type": "Feature", "properties": {"name": "Sans titre - Rep\u00e8re", "styleUrl": "#msn_target2"}, "geometry": {"type": "Point", "coordinates": [41.37233076701643, 23.30093702556061, 0.0]}}, {"type": "Feature", "properties": {"name": "Sans titre - Rep\u00e8re", "styleUrl": "#msn_target2"}, "geometry": {"type": "Point", "coordinates": [41.37200063302095, 23.31494574895555, 0.0]}}, {"type": "Feature", "properties": {"name": "Sans titre - Rep\u00e8re", "styleUrl": "#msn_target2"}, "geometry": {"type": "Point", "coordinates": [41.3716452312928, 23.32396994143985, 0.0]}}, {"type": "Feature", "properties": {"name": "Sans titre - Rep\u00e8re", "styleUrl": "#msn_target2"}, "geometry": {"type": "Point", "coordinates": [41.36652096417449, 23.33623557995647, 0.0]}}, {"type": "Feature", "properties": {"name": "Sans titre - Rep\u00e8re", "styleUrl": "#msn_target2"}, "geometry": {"type": "Point", "coordinates": [41.365919006487, 23.33990519618052, 0.0]}}, {"type": "Feature", "properties": {"name": "Sans titre - Rep\u00e8re", "styleUrl": "#msn_target2"}, "geometry": {"type": "Point", "coordinates": [41.36451213079032, 23.34509012157285, 0.0]}}, {"type": "Feature", "properties": {"name": "Sans titre - Rep\u00e8re", "styleUrl": "#msn_target2"}, "geometry": {"type": "Point", "coordinates": [41.37059493580456, 23.359870011825, 0.0]}}, {"type": "Feature", "properties": {"name": "Sans titre - Rep\u00e8re", "styleUrl": "#msn_target2"}, "geometry": {"type": "Point", "coordinates": [41.37303756044625, 23.362283379305, 0.0]}}, {"type": "Feature", "properties": {"name": "Sans titre - Rep\u00e8re", "styleUrl": "#msn_target2"}, "geometry": {"type": "Point", "coordinates": [41.37023961278592, 23.37953274997126, 0.0]}}, {"type": "Feature", "properties": {"name": "Sans titre - Rep\u00e8re", "styleUrl": "#msn_target2"}, "geometry": {"type": "Point", "coordinates": [41.39121403878723, 23.38781875480295, 0.0]}}, {"type": "Feature", "properties": {"name": "Sans titre - Rep\u00e8re", "styleUrl": "#msn_target2"}, "geometry": {"type": "Point", "coordinates": [41.34588558216228, 23.3994839782488, 0.0]}}, {"type": "Feature", "properties": {"name": "Sans titre - Rep\u00e8re", "styleUrl": "#msn_target2"}, "geometry": {"type": "Point", "coordinates": [41.45380599756579, 23.37146084100588, 0.0]}}, {"type": "Feature", "properties": {"name": "Sans titre - Rep\u00e8re", "styleUrl": "#msn_target2"}, "geometry": {"type": "Point", "coordinates": [41.42900264452233, 23.31371497842652, 0.0]}}, {"type": "Feature", "properties": {"name": "Sans titre - Rep\u00e8re", "styleUrl": "#msn_ylw-pushpin"}, "geometry": {"type": "Point", "coordinates": [41.42212056054111, 23.29512963796446, 0.0]}}, {"type": "Feature", "properties": {"name": "Sans titre - Rep\u00e8re", "styleUrl": "#msn_target3"}, "geometry": {"type": "Point", "coordinates": [41.42867836023039, 23.28824211722533, 0.0]}}, {"type": "Feature", "properties": {"name": "Sans titre - Rep\u00e8re", "styleUrl": "#msn_target0"}, "geometry": {"type": "Point", "coordinates": [41.43430829190033, 23.1771637908255, 0.0]}}, {"type": "Feature", "properties": {"name": "Sans titre - Rep\u00e8re", "styleUrl": "#msn_target0"}, "geometry": {"type": "Point", "coordinates": [41.43568670705906, 23.17337513173918, 0.0]}}, {"type": "Feature", "properties": {"name": "Sans titre - Rep\u00e8re", "styleUrl": "#msn_ylw-pushpin0"}, "geometry": {"type": "Point", "coordinates": [41.45319366618637, 23.18699453475903, 0.0]}}, {"type": "Feature", "properties": {"name": "Sans titre - Rep\u00e8re", "styleUrl": "#msn_ylw-pushpin0"}, "geometry": {"type": "Point", "coordinates": [41.45764957340717, 23.18994403072858, 0.0]}}, {"type": "Feature", "properties": {"name": "Sans titre - Rep\u00e8re", "styleUrl": "#msn_ylw-pushpin0"}, "geometry": {"type": "Point", "coordinates": [42.8257912999366, 20.95677425914601, 0.0]}}, {"type": "Feature", "properties": {"name": "Sans titre - Rep\u00e8re", "styleUrl": "#msn_ylw-pushpin4"}, "geometry": {"type": "Point", "coordinates": [42.82557148393775, 20.95676806512572, 0.0]}}, {"type": "Feature", "properties": {"name": "Sans titre - Rep\u00e8re", "styleUrl": "#msn_target"}, "geometry": {"type": "Point", "coordinates": [42.48313858004829, 21.01843841439501, 0.0]}}, {"type": "Feature", "properties": {"name": "Sans titre - Rep\u00e8re", "styleUrl": "#msn_target"}, "geometry": {"type": "Point", "coordinates": [42.48117468455556, 21.01810840314942, 0.0]}}, {"type": "Feature", "properties": {"name": "Sans titre - Rep\u00e8re", "styleUrl": "#msn_target"}, "geometry": {"type": "Point", "coordinates": [42.48006978208239, 21.01422179114335, 0.0]}}, {"type": "Feature", "properties": {"name": "Sans titre - Rep\u00e8re", "styleUrl": "#msn_target"}, "geometry": {"type": "Point", "coordinates": [42.47830464249983, 21.01260432048581, 0.0]}}, {"type": "Feature", "properties": {"name": "Sans titre - Rep\u00e8re", "styleUrl": "#msn_target"}, "geometry": {"type": "Point", "coordinates": [42.4946874652681, 21.08537910894152, 0.0]}}, {"type": "Feature", "properties": {"name": "Sans titre - Rep\u00e8re", "styleUrl": "#msn_target"}, "geometry": {"type": "Point", "coordinates": [42.49700333466729, 21.08377223450443, 0.0]}}, {"type": "Feature", "properties": {"name": "Sans titre - Rep\u00e8re", "styleUrl": "#msn_homegardenbusiness01"}, "geometry": {"type": "Point", "coordinates": [43.24963240802495, 16.78069574744677, 0.0]}}, {"type": "Feature", "properties": {"name": "Sans titre - Rep\u00e8re", "styleUrl": "#msn_ylw-pushpin3"}, "geometry": {"type": "Point", "coordinates": [43.46809174441221, 13.29085539910883, 0.0]}}, {"type": "Feature", "properties": {"name": "Sans titre - Rep\u00e8re", "styleUrl": "#msn_ylw-pushpin3"}, "geometry": {"type": "Point", "coordinates": [43.49605645052082, 13.31711372494568, 0.0]}}, {"type": "Feature", "properties": {"name": "Sans titre - Rep\u00e8re", "styleUrl": "#msn_homegardenbusiness6"}, "geometry": {"type": "Point", "coordinates": [43.305962041721, 15.71292939104707, 0.0]}}, {"type": "Feature", "properties": {"name": "Sans titre - Rep\u00e8re", "styleUrl": "#msn_homegardenbusiness20"}, "geometry": {"type": "Point", "coordinates": [36.41350427771918, 33.30001460878594, 0.0]}}, {"type": "Feature", "properties": {"name": "Sans titre - Rep\u00e8re", "styleUrl": "#msn_ylw-pushpin26"}, "geometry": {"type": "Point", "coordinates": [41.06183029203935, 13.31574318502286, 0.0]}}, {"type": "Feature", "properties": {"name": "Sans titre - Rep\u00e8re", "styleUrl": "#msn_ylw-pushpin19"}, "geometry": {"type": "Point", "coordinates": [42.04934220223224, 13.37624733545628, 0.0]}}, {"type": "Feature", "properties": {"name": "Sans titre - Rep\u00e8re", "styleUrl": "#msn_donut00"}, "geometry": {"type": "Point", "coordinates": [40.50937931179297, 13.52856186161822, 0.0]}}, {"type": "Feature", "properties": {"name": "Sans titre - Rep\u00e8re", "styleUrl": "#msn_homegardenbusiness70"}, "geometry": {"type": "Point", "coordinates": [40.653128217614, 13.6004580739362, 0.0]}}, {"type": "Feature", "properties": {"name": "Sans titre - Rep\u00e8re", "styleUrl": "#msn_target17"}, "geometry": {"type": "Point", "coordinates": [42.02351342876594, 13.37183838637614, 0.0]}}, {"type": "Feature", "properties": {"name": "Sans titre - Rep\u00e8re", "styleUrl": "#msn_ylw-pushpin23"}, "geometry": {"type": "Point", "coordinates": [8.540968050901052, 17.14973734536191, 0.0]}}, {"type": "Feature", "properties": {"name": "Sans titre - Rep\u00e8re", "styleUrl": "#msn_ylw-pushpin26"}, "geometry": {"type": "Point", "coordinates": [41.07326461826725, 13.29535460395851, 0.0]}}, {"type": "Feature", "properties": {"name": "Sans titre - Rep\u00e8re", "styleUrl": "#msn_ylw-pushpin26"}, "geometry": {"type": "Point", "coordinates": [41.07303144357102, 13.35741265350895, 0.0]}}, {"type": "Feature", "properties": {"name": "Sans titre - Rep\u00e8re", "styleUrl": "#msn_ylw-pushpin26"}, "geometry": {"type": "Point", "coordinates": [41.06123502361009, 13.35141876888959, 0.0]}}, {"type": "Feature", "properties": {"styleUrl": "#msn_donut1"}, "geometry": {"type": "Point", "coordinates": [8.546267878658247, 17.15199872238266, 0.0]}}, {"type": "Feature", "properties": {"name": "Sans titre - Rep\u00e8re", "styleUrl": "#msn_target13"}, "geometry": {"type": "Point", "coordinates": [8.535348329356339, 17.13896935127649, 0.0]}}, {"type": "Feature", "properties": {"name": "Sans titre - Rep\u00e8re", "styleUrl": "#msn_ylw-pushpin26"}, "geometry": {"type": "Point", "coordinates": [41.06410858340852, 13.35327283053091, 0.0]}}, {"type": "Feature", "properties": {"name": "Sans titre - Rep\u00e8re", "styleUrl": "#m_ylw-pushpin300"}, "geometry": {"type": "Point", "coordinates": [36.70112227631544, 31.81790408550983, 0.0]}}, {"type": "Feature", "properties": {"name": "Sans titre - Rep\u00e8re", "styleUrl": "#m_ylw-pushpin300"}, "geometry": {"type": "Point", "coordinates": [38.19998934821263, 30.29602869352161, 0.0]}}, {"type": "Feature", "properties": {"name": "Sans titre - Rep\u00e8re", "styleUrl": "#m_ylw-pushpin300"}, "geometry": {"type": "Point", "coordinates": [40.4890959044518, 26.44139721077178, 0.0]}}, {"type": "Feature", "properties": {"name": "Sans titre - Rep\u00e8re", "styleUrl": "#m_ylw-pushpin300"}, "geometry": {"type": "Point", "coordinates": [40.50648613167673, 26.41981956285062, 0.0]}}, {"type": "Feature", "properties": {"name": "Sans titre - Rep\u00e8re", "styleUrl": "#m_ylw-pushpin300"}, "geometry": {"type": "Point", "coordinates": [37.33105874739837, 33.73564719306998, 0.0]}}, {"type": "Feature", "properties": {"name": "Sans titre - Rep\u00e8re", "styleUrl": "#m_ylw-pushpin300"}, "geometry": {"type": "Point", "coordinates": [37.31494240472426, 33.76248058742582, 0.0]}}, {"type": "Feature", "properties": {"name": "Sans titre - Rep\u00e8re", "styleUrl": "#m_ylw-pushpin300"}, "geometry": {"type": "Point", "coordinates": [37.30611576881829, 33.78138963542259, 0.0]}}, {"type": "Feature", "properties": {"name": "Sans titre - Rep\u00e8re", "styleUrl": "#m_ylw-pushpin300"}, "geometry": {"type": "Point", "coordinates": [37.2941176401031, 33.79420537139483, 0.0]}}, {"type": "Feature", "properties": {"name": "Sans titre - Rep\u00e8re", "styleUrl": "#m_ylw-pushpin300"}, "geometry": {"type": "Point", "coordinates": [37.3006844193923, 33.79789007089658, 0.0]}}, {"type": "Feature", "properties": {"name": "Sans titre - Rep\u00e8re", "styleUrl": "#m_ylw-pushpin300"}, "geometry": {"type": "Point", "coordinates": [37.28301688971163, 33.80754156581823, 0.0]}}, {"type": "Feature", "properties": {"name": "Sans titre - Rep\u00e8re", "styleUrl": "#m_ylw-pushpin300"}, "geometry": {"type": "Point", "coordinates": [37.29949222003286, 33.81362684996651, 0.0]}}, {"type": "Feature", "properties": {"name": "Sans titre - Rep\u00e8re", "styleUrl": "#m_ylw-pushpin300"}, "geometry": {"type": "Point", "coordinates": [37.28815246279065, 33.86391751430831, 0.0]}}, {"type": "Feature", "properties": {"name": "Sans titre - Rep\u00e8re", "styleUrl": "#m_ylw-pushpin300"}, "geometry": {"type": "Point", "coordinates": [37.2822115549925, 33.84566528526139, 0.0]}}, {"type": "Feature", "properties": {"name": "Sans titre - Rep\u00e8re", "styleUrl": "#m_ylw-pushpin300"}, "geometry": {"type": "Point", "coordinates": [37.27283248873586, 33.86324039874298, 0.0]}}, {"type": "Feature", "properties": {"name": "Sans titre - Rep\u00e8re", "styleUrl": "#m_ylw-pushpin300"}, "geometry": {"type": "Point", "coordinates": [37.28880757088662, 33.85523427079092, 0.0]}}, {"type": "Feature", "properties": {"name": "Sans titre - Rep\u00e8re", "styleUrl": "#m_ylw-pushpin300"}, "geometry": {"type": "Point", "coordinates": [37.31349299457364, 33.88245799168232, 0.0]}}, {"type": "Feature", "properties": {"name": "Sans titre - Rep\u00e8re", "styleUrl": "#m_ylw-pushpin020"}, "geometry": {"type": "Point", "coordinates": [36.77717121386112, 31.55999479271777, 0.0]}}, {"type": "Feature", "properties": {"name": "Sans titre - Rep\u00e8re", "styleUrl": "#m_ylw-pushpin020"}, "geometry": {"type": "Point", "coordinates": [36.72504105456574, 31.83890547990369, 0.0]}}, {"type": "Feature", "properties": {"name": "Sans titre - Rep\u00e8re", "styleUrl": "#m_ylw-pushpin020"}, "geometry": {"type": "Point", "coordinates": [37.24082218459455, 31.90260307068055, 0.0]}}, {"type": "Feature", "properties": {"name": "Sans titre - Rep\u00e8re", "styleUrl": "#m_ylw-pushpin020"}, "geometry": {"type": "Point", "coordinates": [37.24660838565843, 31.90370044402285, 0.0]}}, {"type": "Feature", "properties": {"name": "Sans titre - Rep\u00e8re", "styleUrl": "#m_ylw-pushpin020"}, "geometry": {"type": "Point", "coordinates": [37.23285153753537, 31.90742368719638, 0.0]}}, {"type": "Feature", "properties": {"name": "Sans titre - Rep\u00e8re", "styleUrl": "#m_ylw-pushpin020"}, "geometry": {"type": "Point", "coordinates": [37.2163058593912, 31.9090427175107, 0.0]}}, {"type": "Feature", "properties": {"name": "Sans titre - Rep\u00e8re", "styleUrl": "#m_ylw-pushpin020"}, "geometry": {"type": "Point", "coordinates": [37.23931023750264, 31.98827753710219, 0.0]}}, {"type": "Feature", "properties": {"name": "Sans titre - Rep\u00e8re", "styleUrl": "#m_ylw-pushpin020"}, "geometry": {"type": "Point", "coordinates": [37.2188666755093, 32.00446314918153, 0.0]}}, {"type": "Feature", "properties": {"name": "Sans titre - Rep\u00e8re", "styleUrl": "#m_ylw-pushpin020"}, "geometry": {"type": "Point", "coordinates": [37.23885056433709, 32.13067507753293, 0.0]}}, {"type": "Feature", "properties": {"name": "Sans titre - Rep\u00e8re", "styleUrl": "#m_ylw-pushpin020"}, "geometry": {"type": "Point", "coordinates": [38.07620924497717, 32.08936677511117, 0.0]}}, {"type": "Feature", "properties": {"name": "Sans titre - Rep\u00e8re", "styleUrl": "#m_ylw-pushpin020"}, "geometry": {"type": "Point", "coordinates": [37.35892526673504, 33.30333083911519, 0.0]}}, {"type": "Feature", "properties": {"name": "Sans titre - Rep\u00e8re", "styleUrl": "#m_ylw-pushpin020"}, "geometry": {"type": "Point", "coordinates": [37.40983371784641, 33.29380515016936, 0.0]}}, {"type": "Feature", "properties": {"name": "Sans titre - Rep\u00e8re", "styleUrl": "#m_ylw-pushpin020"}, "geometry": {"type": "Point", "coordinates": [37.37686085639304, 33.91287211103202, 0.0]}}, {"type": "Feature", "properties": {"name": "Sans titre - Rep\u00e8re", "styleUrl": "#m_ylw-pushpin020"}, "geometry": {"type": "Point", "coordinates": [37.43699691566591, 33.94832029905191, 0.0]}}, {"type": "Feature", "properties": {"name": "Sans titre - Rep\u00e8re", "styleUrl": "#m_ylw-pushpin020"}, "geometry": {"type": "Point", "coordinates": [37.44503654730619, 33.9390721646877, 0.0]}}, {"type": "Feature", "properties": {"name": "Sans titre - Rep\u00e8re", "styleUrl": "#m_ylw-pushpin020"}, "geometry": {"type": "Point", "coordinates": [37.45679711826192, 33.92952212307787, 0.0]}}, {"type": "Feature", "properties": {"name": "Sans titre - Rep\u00e8re", "styleUrl": "#m_ylw-pushpin020"}, "geometry": {"type": "Point", "coordinates": [37.48228898975767, 33.88615723936818, 0.0]}}, {"type": "Feature", "properties": {"name": "Sans titre - Rep\u00e8re", "styleUrl": "#m_ylw-pushpin020"}, "geometry": {"type": "Point", "coordinates": [36.73106526246919, 31.25567035248812, 0.0]}}, {"type": "Feature", "properties": {"name": "Sans titre - Rep\u00e8re", "styleUrl": "#m_ylw-pushpin4000"}, "geometry": {"type": "Point", "coordinates": [36.85370366895857, 31.93412663430734, 0.0]}}, {"type": "Feature", "properties": {"name": "Sans titre - Rep\u00e8re", "styleUrl": "#m_ylw-pushpin4000"}, "geometry": {"type": "Point", "coordinates": [36.74588648869493, 31.83031940671334, 0.0]}}, {"type": "Feature", "properties": {"name": "Sans titre - Rep\u00e8re", "styleUrl": "#m_ylw-pushpin4000"}, "geometry": {"type": "Point", "coordinates": [36.72059480426334, 31.81798844362346, 0.0]}}, {"type": "Feature", "properties": {"name": "Sans titre - Rep\u00e8re", "styleUrl": "#m_ylw-pushpin4000"}, "geometry": {"type": "Point", "coordinates": [36.79519062751847, 31.87021905651747, 0.0]}}, {"type": "Feature", "properties": {"name": "Sans titre - Rep\u00e8re", "styleUrl": "#m_ylw-pushpin4000"}, "geometry": {"type": "Point", "coordinates": [36.79722857509169, 31.87744264668975, 0.0]}}, {"type": "Feature", "properties": {"name": "Sans titre - Rep\u00e8re", "styleUrl": "#m_ylw-pushpin4000"}, "geometry": {"type": "Point", "coordinates": [36.78609382970493, 31.88411874624496, 0.0]}}, {"type": "Feature", "properties": {"name": "Sans titre - Rep\u00e8re", "styleUrl": "#m_ylw-pushpin4000"}, "geometry": {"type": "Point", "coordinates": [36.77532788442798, 31.89154299066108, 0.0]}}, {"type": "Feature", "properties": {"name": "Sans titre - Rep\u00e8re", "styleUrl": "#m_ylw-pushpin4000"}, "geometry": {"type": "Point", "coordinates": [36.7522544097837, 31.90672544632987, 0.0]}}, {"type": "Feature", "properties": {"name": "Sans titre - Rep\u00e8re", "styleUrl": "#m_ylw-pushpin4000"}, "geometry": {"type": "Point", "coordinates": [36.7431904890186, 31.80714712180282, 0.0]}}, {"type": "Feature", "properties": {"name": "Solctice alignement", "styleUrl": "#m_ylw-pushpin4000"}, "geometry": {"type": "Point", "coordinates": [36.79081738455545, 31.90640633963901, 0.0]}}, {"type": "Feature", "properties": {"name": "Sans titre - Rep\u00e8re", "styleUrl": "#m_ylw-pushpin4000"}, "geometry": {"type": "Point", "coordinates": [36.79339892107081, 31.92212053806043, 0.0]}}, {"type": "Feature", "properties": {"name": "Sans titre - Rep\u00e8re", "styleUrl": "#m_ylw-pushpin4000"}, "geometry": {"type": "Point", "coordinates": [36.77978713702466, 31.92961240586822, 0.0]}}, {"type": "Feature", "properties": {"name": "kite", "styleUrl": "#m_ylw-pushpin401"}, "geometry": {"type": "Point", "coordinates": [36.78282562200808, 31.92993460130122, 0.0]}}, {"type": "Feature", "properties": {"name": "kite", "styleUrl": "#m_ylw-pushpin4000"}, "geometry": {"type": "Point", "coordinates": [36.76791083181185, 31.90023909278636, 0.0]}}, {"type": "Feature", "properties": {"name": "Sans titre - Rep\u00e8re", "styleUrl": "#m_ylw-pushpin4000"}, "geometry": {"type": "Point", "coordinates": [36.80664291550391, 31.94856592612604, 0.0]}}, {"type": "Feature", "properties": {"name": "Sans titre - Rep\u00e8re", "styleUrl": "#m_ylw-pushpin4000"}, "geometry": {"type": "Point", "coordinates": [37.44384226243195, 33.92985498823816, 0.0]}}, {"type": "Feature", "properties": {"name": "Sans titre - Rep\u00e8re", "styleUrl": "#m_ylw-pushpin4000"}, "geometry": {"type": "Point", "coordinates": [37.26659639766483, 34.03894268525863, 0.0]}}, {"type": "Feature", "properties": {"name": "Sans titre - Rep\u00e8re", "styleUrl": "#m_ylw-pushpin4000"}, "geometry": {"type": "Point", "coordinates": [37.19592893697593, 34.11612111256743, 0.0]}}, {"type": "Feature", "properties": {"name": "Sans titre - Rep\u00e8re", "styleUrl": "#m_ylw-pushpin4000"}, "geometry": {"type": "Point", "coordinates": [37.24294689222948, 34.15301977115571, 0.0]}}, {"type": "Feature", "properties": {"name": "Sans titre - Rep\u00e8re", "styleUrl": "#m_ylw-pushpin4000"}, "geometry": {"type": "Point", "coordinates": [38.00014424897077, 34.01094647521914, 0.0]}}, {"type": "Feature", "properties": {"name": "Sans titre - Rep\u00e8re", "styleUrl": "#m_ylw-pushpin4000"}, "geometry": {"type": "Point", "coordinates": [38.03144124307281, 34.01058840829369, 0.0]}}, {"type": "Feature", "properties": {"name": "Sans titre - Rep\u00e8re", "styleUrl": "#m_ylw-pushpin4000"}, "geometry": {"type": "Point", "coordinates": [37.99561018662764, 34.29059212450604, 0.0]}}, {"type": "Feature", "properties": {"name": "Sans titre - Rep\u00e8re", "styleUrl": "#m_ylw-pushpin4000"}, "geometry": {"type": "Point", "coordinates": [38.25791529642604, 34.56337501345899, 0.0]}}, {"type": "Feature", "properties": {"name": "Sans titre - Rep\u00e8re", "styleUrl": "#m_ylw-pushpin4000"}, "geometry": {"type": "Point", "coordinates": [38.50104019095154, 34.5601366261119, 0.0]}}, {"type": "Feature", "properties": {"name": "Sans titre - Rep\u00e8re", "styleUrl": "#m_ylw-pushpin410"}, "geometry": {"type": "Point", "coordinates": [37.33774676099288, 32.96546739270263, 0.0]}}, {"type": "Feature", "properties": {"name": "Sans titre - Rep\u00e8re", "styleUrl": "#m_ylw-pushpin410"}, "geometry": {"type": "Point", "coordinates": [37.33492244356854, 32.95985335263043, 0.0]}}, {"type": "Feature", "properties": {"name": "Sans titre - Rep\u00e8re", "styleUrl": "#m_ylw-pushpin410"}, "geometry": {"type": "Point", "coordinates": [37.32662293309683, 32.95568070919882, 0.0]}}, {"type": "Feature", "properties": {"name": "Sans titre - Rep\u00e8re", "styleUrl": "#m_ylw-pushpin410"}, "geometry": {"type": "Point", "coordinates": [37.32590387621232, 32.96962839998655, 0.0]}}, {"type": "Feature", "properties": {"name": "Sans titre - Rep\u00e8re", "styleUrl": "#m_ylw-pushpin410"}, "geometry": {"type": "Point", "coordinates": [37.34134962351542, 32.94544741792687, 0.0]}}, {"type": "Feature", "properties": {"name": "Sans titre - Rep\u00e8re", "styleUrl": "#m_ylw-pushpin410"}, "geometry": {"type": "Point", "coordinates": [37.34847292950105, 32.93711629294501, 0.0]}}, {"type": "Feature", "properties": {"name": "Sans titre - Rep\u00e8re", "styleUrl": "#m_ylw-pushpin410"}, "geometry": {"type": "Point", "coordinates": [37.33130572672484, 32.92653875522911, 0.0]}}, {"type": "Feature", "properties": {"name": "Sans titre - Rep\u00e8re", "styleUrl": "#m_ylw-pushpin410"}, "geometry": {"type": "Point", "coordinates": [37.30902690497544, 32.89622973557425, 0.0]}}, {"type": "Feature", "properties": {"name": "Sans titre - Rep\u00e8re", "styleUrl": "#m_ylw-pushpin410"}, "geometry": {"type": "Point", "coordinates": [37.34356675287011, 32.877418422646, 0.0]}}, {"type": "Feature", "properties": {"name": "Sans titre - Rep\u00e8re", "styleUrl": "#m_ylw-pushpin410"}, "geometry": {"type": "Point", "coordinates": [37.41604898960327, 32.85708610500082, 0.0]}}, {"type": "Feature", "properties": {"name": "Sans titre - Rep\u00e8re", "styleUrl": "#m_ylw-pushpin410"}, "geometry": {"type": "Point", "coordinates": [37.43106037032851, 32.85295649229129, 0.0]}}, {"type": "Feature", "properties": {"name": "Sans titre - Rep\u00e8re", "styleUrl": "#m_ylw-pushpin410"}, "geometry": {"type": "Point", "coordinates": [37.50629575609774, 32.84130946837246, 0.0]}}, {"type": "Feature", "properties": {"name": "Sans titre - Rep\u00e8re", "styleUrl": "#m_ylw-pushpin410"}, "geometry": {"type": "Point", "coordinates": [37.20890274956076, 32.88563183651965, 0.0]}}, {"type": "Feature", "properties": {"name": "Sans titre - Rep\u00e8re", "styleUrl": "#m_ylw-pushpin410"}, "geometry": {"type": "Point", "coordinates": [37.16171292869069, 32.85887899647479, 0.0]}}, {"type": "Feature", "properties": {"name": "Sans titre - Rep\u00e8re", "styleUrl": "#m_ylw-pushpin410"}, "geometry": {"type": "Point", "coordinates": [37.13007058817895, 32.86889451484984, 0.0]}}, {"type": "Feature", "properties": {"name": "Sans titre - Rep\u00e8re", "styleUrl": "#m_ylw-pushpin410"}, "geometry": {"type": "Point", "coordinates": [37.64557676395803, 33.05328555406992, 0.0]}}, {"type": "Feature", "properties": {"name": "Sans titre - Rep\u00e8re", "styleUrl": "#m_ylw-pushpin410"}, "geometry": {"type": "Point", "coordinates": [37.65820685005978, 33.04701503478056, 0.0]}}, {"type": "Feature", "properties": {"name": "Sans titre - Rep\u00e8re", "styleUrl": "#m_ylw-pushpin410"}, "geometry": {"type": "Point", "coordinates": [37.71646687184673, 33.08852108422911, 0.0]}}, {"type": "Feature", "properties": {"name": "Sans titre - Rep\u00e8re", "styleUrl": "#m_ylw-pushpin410"}, "geometry": {"type": "Point", "coordinates": [37.7181975195584, 33.11310672912393, 0.0]}}, {"type": "Feature", "properties": {"name": "Sans titre - Rep\u00e8re", "styleUrl": "#m_ylw-pushpin410"}, "geometry": {"type": "Point", "coordinates": [37.73140038255511, 33.11104614927221, 0.0]}}, {"type": "Feature", "properties": {"name": "Sans titre - Rep\u00e8re", "styleUrl": "#m_ylw-pushpin410"}, "geometry": {"type": "Point", "coordinates": [37.07776686264643, 32.78876282528655, 0.0]}}, {"type": "Feature", "properties": {"name": "Sans titre - Rep\u00e8re", "styleUrl": "#m_ylw-pushpin410"}, "geometry": {"type": "Point", "coordinates": [37.09432227619465, 32.77860180490978, 0.0]}}, {"type": "Feature", "properties": {"name": "Sans titre - Rep\u00e8re", "styleUrl": "#m_ylw-pushpin410"}, "geometry": {"type": "Point", "coordinates": [37.08604686253015, 32.70734730557594, 0.0]}}, {"type": "Feature", "properties": {"name": "Sans titre - Rep\u00e8re", "styleUrl": "#m_ylw-pushpin410"}, "geometry": {"type": "Point", "coordinates": [37.16828961956918, 32.49622708501116, 0.0]}}, {"type": "Feature", "properties": {"name": "Sans titre - Rep\u00e8re", "styleUrl": "#m_ylw-pushpin410"}, "geometry": {"type": "Point", "coordinates": [37.17197479888808, 32.46767997363713, 0.0]}}, {"type": "Feature", "properties": {"name": "Sans titre - Rep\u00e8re", "styleUrl": "#m_ylw-pushpin410"}, "geometry": {"type": "Point", "coordinates": [37.17272638181731, 32.4488574752183, 0.0]}}, {"type": "Feature", "properties": {"name": "Sans titre - Rep\u00e8re", "styleUrl": "#m_ylw-pushpin410"}, "geometry": {"type": "Point", "coordinates": [37.16327279562788, 32.42872202563503, 0.0]}}, {"type": "Feature", "properties": {"name": "Sans titre - Rep\u00e8re", "styleUrl": "#m_ylw-pushpin410"}, "geometry": {"type": "Point", "coordinates": [37.13598053720487, 32.40260409422805, 0.0]}}, {"type": "Feature", "properties": {"name": "Sans titre - Rep\u00e8re", "styleUrl": "#m_ylw-pushpin410"}, "geometry": {"type": "Point", "coordinates": [37.13686551948298, 32.38792885104827, 0.0]}}, {"type": "Feature", "properties": {"name": "Sans titre - Rep\u00e8re", "styleUrl": "#m_ylw-pushpin410"}, "geometry": {"type": "Point", "coordinates": [37.16540564986119, 32.37407412282908, 0.0]}}, {"type": "Feature", "properties": {"name": "Sans titre - Rep\u00e8re", "styleUrl": "#m_ylw-pushpin410"}, "geometry": {"type": "Point", "coordinates": [37.15993631516258, 32.37792002093102, 0.0]}}, {"type": "Feature", "properties": {"name": "Sans titre - Rep\u00e8re", "styleUrl": "#m_ylw-pushpin410"}, "geometry": {"type": "Point", "coordinates": [37.14534134240596, 32.37021456048553, 0.0]}}, {"type": "Feature", "properties": {"name": "Sans titre - Rep\u00e8re", "styleUrl": "#m_ylw-pushpin410"}, "geometry": {"type": "Point", "coordinates": [37.16765302813507, 32.35251323835681, 0.0]}}, {"type": "Feature", "properties": {"name": "Sans titre - Rep\u00e8re", "styleUrl": "#m_ylw-pushpin410"}, "geometry": {"type": "Point", "coordinates": [37.17958709709336, 32.33051144286759, 0.0]}}, {"type": "Feature", "properties": {"name": "Sans titre - Rep\u00e8re", "styleUrl": "#m_ylw-pushpin410"}, "geometry": {"type": "Point", "coordinates": [37.16262309827271, 32.32063800224491, 0.0]}}, {"type": "Feature", "properties": {"name": "Sans titre - Rep\u00e8re", "styleUrl": "#m_ylw-pushpin410"}, "geometry": {"type": "Point", "coordinates": [37.15913492344695, 32.31775165882903, 0.0]}}, {"type": "Feature", "properties": {"name": "Sans titre - Rep\u00e8re", "styleUrl": "#m_ylw-pushpin410"}, "geometry": {"type": "Point", "coordinates": [37.15673750819455, 32.31671379061263, 0.0]}}, {"type": "Feature", "properties": {"name": "Sans titre - Rep\u00e8re", "styleUrl": "#m_ylw-pushpin410"}, "geometry": {"type": "Point", "coordinates": [37.1559200182387, 32.30907829524127, 0.0]}}, {"type": "Feature", "properties": {"name": "Sans titre - Rep\u00e8re", "styleUrl": "#m_ylw-pushpin410"}, "geometry": {"type": "Point", "coordinates": [37.14834518449467, 32.21295472991427, 0.0]}}, {"type": "Feature", "properties": {"name": "Sans titre - Rep\u00e8re", "styleUrl": "#m_ylw-pushpin410"}, "geometry": {"type": "Point", "coordinates": [37.14901598173544, 32.23227605816028, 0.0]}}, {"type": "Feature", "properties": {"name": "Strange Castle", "styleUrl": "#m_ylw-pushpin310"}, "geometry": {"type": "Point", "coordinates": [36.11695389676709, 31.08994697048122, 0.0]}}, {"type": "Feature", "properties": {"name": "Sans titre - Rep\u00e8re", "styleUrl": "#m_ylw-pushpin310"}, "geometry": {"type": "Point", "coordinates": [36.13794176864082, 31.08879070674496, 0.0]}}, {"type": "Feature", "properties": {"name": "Sans titre - Rep\u00e8re", "styleUrl": "#m_ylw-pushpin310"}, "geometry": {"type": "Point", "coordinates": [36.16169223934889, 31.08603133438734, 0.0]}}, {"type": "Feature", "properties": {"name": "Sans titre - Rep\u00e8re", "styleUrl": "#m_ylw-pushpin310"}, "geometry": {"type": "Point", "coordinates": [36.07752768326754, 31.01159707066935, 0.0]}}, {"type": "Feature", "properties": {"name": "Sans titre - Rep\u00e8re", "description": "30\u00b059'43.93\"N  36\u00b0 7'10.26\"E", "styleUrl": "#m_ylw-pushpin310"}, "geometry": {"type": "Point", "coordinates": [36.11951666666667, 30.99553611111111, 0.0]}}, {"type": "Feature", "properties": {"name": "Sans titre - Rep\u00e8re", "styleUrl": "#m_ylw-pushpin310"}, "geometry": {"type": "Point", "coordinates": [36.15127738451913, 31.15914789957839, 0.0]}}, {"type": "Feature", "properties": {"name": "Sans titre - Rep\u00e8re", "styleUrl": "#msn_ylw-pushpin24"}, "geometry": {"type": "Point", "coordinates": [36.20503008966176, 29.91849649303331, 0.0]}}, {"type": "Feature", "properties": {"name": "Sans titre - Rep\u00e8re", "styleUrl": "#m_ylw-pushpin310"}, "geometry": {"type": "Point", "coordinates": [37.19651283432783, 31.75958759987877, 0.0]}}, {"type": "Feature", "properties": {"name": "Sans titre - Rep\u00e8re", "styleUrl": "#m_ylw-pushpin310"}, "geometry": {"type": "Point", "coordinates": [37.24248440758198, 31.74402706136231, 0.0]}}, {"type": "Feature", "properties": {"name": "Sans titre - Rep\u00e8re", "styleUrl": "#m_ylw-pushpin310"}, "geometry": {"type": "Point", "coordinates": [37.27865849620567, 31.73762770429067, 0.0]}}, {"type": "Feature", "properties": {"name": "Sans titre - Rep\u00e8re", "styleUrl": "#m_ylw-pushpin310"}, "geometry": {"type": "Point", "coordinates": [37.33874029281028, 31.73163081007324, 0.0]}}, {"type": "Feature", "properties": {"name": "Sans titre - Rep\u00e8re", "styleUrl": "#m_ylw-pushpin310"}, "geometry": {"type": "Point", "coordinates": [37.35055329114289, 31.7260046053972, 0.0]}}, {"type": "Feature", "properties": {"name": "Sans titre - Rep\u00e8re", "styleUrl": "#m_ylw-pushpin310"}, "geometry": {"type": "Point", "coordinates": [37.36049189394966, 31.7288447116803, 0.0]}}, {"type": "Feature", "properties": {"name": "Sans titre - Rep\u00e8re", "styleUrl": "#m_ylw-pushpin310"}, "geometry": {"type": "Point", "coordinates": [37.36831301433321, 31.72595393247206, 0.0]}}, {"type": "Feature", "properties": {"name": "Sans titre - Rep\u00e8re", "styleUrl": "#m_ylw-pushpin310"}, "geometry": {"type": "Point", "coordinates": [37.3728875541561, 31.72585583944359, 0.0]}}, {"type": "Feature", "properties": {"name": "Sans titre - Rep\u00e8re", "styleUrl": "#m_ylw-pushpin310"}, "geometry": {"type": "Point", "coordinates": [37.37764090514444, 31.73007510354403, 0.0]}}, {"type": "Feature", "properties": {"name": "Sans titre - Rep\u00e8re", "styleUrl": "#m_ylw-pushpin310"}, "geometry": {"type": "Point", "coordinates": [37.38376374247454, 31.73381273416227, 0.0]}}, {"type": "Feature", "properties": {"name": "Sans titre - Rep\u00e8re", "styleUrl": "#m_ylw-pushpin310"}, "geometry": {"type": "Point", "coordinates": [37.41345163661924, 31.73908876599226, 0.0]}}, {"type": "Feature", "properties": {"name": "Sans titre - Rep\u00e8re", "styleUrl": "#m_ylw-pushpin310"}, "geometry": {"type": "Point", "coordinates": [37.44194066893722, 31.73210392280443, 0.0]}}, {"type": "Feature", "properties": {"name": "Sans titre - Rep\u00e8re", "styleUrl": "#m_ylw-pushpin310"}, "geometry": {"type": "Point", "coordinates": [37.44775661073346, 31.72997129363205, 0.0]}}, {"type": "Feature", "properties": {"name": "Sans titre - Rep\u00e8re", "styleUrl": "#m_ylw-pushpin310"}, "geometry": {"type": "Point", "coordinates": [37.46042166131529, 31.73936972553589, 0.0]}}, {"type": "Feature", "properties": {"name": "Sans titre - Rep\u00e8re", "styleUrl": "#m_ylw-pushpin310"}, "geometry": {"type": "Point", "coordinates": [37.46480244551373, 31.74233001628802, 0.0]}}, {"type": "Feature", "properties": {"name": "Sans titre - Rep\u00e8re", "styleUrl": "#m_ylw-pushpin310"}, "geometry": {"type": "Point", "coordinates": [37.47264836287487, 31.74170011895202, 0.0]}}, {"type": "Feature", "properties": {"name": "Sans titre - Rep\u00e8re", "styleUrl": "#m_ylw-pushpin310"}, "geometry": {"type": "Point", "coordinates": [37.48782822416977, 31.74719901236397, 0.0]}}, {"type": "Feature", "properties": {"name": "Sans titre - Rep\u00e8re", "styleUrl": "#m_ylw-pushpin310"}, "geometry": {"type": "Point", "coordinates": [37.48442357076766, 31.77507406869233, 0.0]}}, {"type": "Feature", "properties": {"name": "Sans titre - Rep\u00e8re", "styleUrl": "#m_ylw-pushpin310"}, "geometry": {"type": "Point", "coordinates": [37.43870525390096, 31.80310111277553, 0.0]}}, {"type": "Feature", "properties": {"name": "Sans titre - Rep\u00e8re", "styleUrl": "#m_ylw-pushpin310"}, "geometry": {"type": "Point", "coordinates": [37.44359749034403, 31.71454706150693, 0.0]}}, {"type": "Feature", "properties": {"name": "Sans titre - Rep\u00e8re", "styleUrl": "#m_ylw-pushpin310"}, "geometry": {"type": "Point", "coordinates": [37.47266207158086, 31.67299577707223, 0.0]}}, {"type": "Feature", "properties": {"name": "Sans titre - Rep\u00e8re", "styleUrl": "#m_ylw-pushpin310"}, "geometry": {"type": "Point", "coordinates": [37.48635557996081, 31.66858231176062, 0.0]}}, {"type": "Feature", "properties": {"name": "Sans titre - Rep\u00e8re", "styleUrl": "#m_ylw-pushpin310"}, "geometry": {"type": "Point", "coordinates": [37.42736063571022, 31.60254184303993, 0.0]}}, {"type": "Feature", "properties": {"name": "Sans titre - Rep\u00e8re", "styleUrl": "#m_ylw-pushpin310"}, "geometry": {"type": "Point", "coordinates": [37.43292984800104, 31.59290214201295, 0.0]}}, {"type": "Feature", "properties": {"name": "Sans titre - Rep\u00e8re", "styleUrl": "#m_ylw-pushpin310"}, "geometry": {"type": "Point", "coordinates": [37.44114248112965, 31.58809425255174, 0.0]}}, {"type": "Feature", "properties": {"name": "Sans titre - Rep\u00e8re", "styleUrl": "#m_ylw-pushpin310"}, "geometry": {"type": "Point", "coordinates": [37.53136215086153, 31.46108047675458, 0.0]}}, {"type": "Feature", "properties": {"name": "Sans titre - Rep\u00e8re", "styleUrl": "#m_ylw-pushpin310"}, "geometry": {"type": "Point", "coordinates": [37.53660693937908, 31.46129965048289, 0.0]}}, {"type": "Feature", "properties": {"name": "Sans titre - Rep\u00e8re", "styleUrl": "#m_ylw-pushpin310"}, "geometry": {"type": "Point", "coordinates": [37.73251626344578, 31.30016171169855, 0.0]}}, {"type": "Feature", "properties": {"name": "Sans titre - Rep\u00e8re", "styleUrl": "#m_ylw-pushpin310"}, "geometry": {"type": "Point", "coordinates": [37.76152117607144, 31.29685568526342, 0.0]}}, {"type": "Feature", "properties": {"name": "Sans titre - Rep\u00e8re", "styleUrl": "#m_ylw-pushpin310"}, "geometry": {"type": "Point", "coordinates": [37.77460494891847, 31.29853456186033, 0.0]}}, {"type": "Feature", "properties": {"name": "Sans titre - Rep\u00e8re", "styleUrl": "#m_ylw-pushpin310"}, "geometry": {"type": "Point", "coordinates": [37.78771945731086, 31.2917714701933, 0.0]}}, {"type": "Feature", "properties": {"name": "Sans titre - Rep\u00e8re", "styleUrl": "#m_ylw-pushpin310"}, "geometry": {"type": "Point", "coordinates": [37.82958937799423, 31.29930463666575, 0.0]}}, {"type": "Feature", "properties": {"name": "Sans titre - Rep\u00e8re", "styleUrl": "#m_ylw-pushpin310"}, "geometry": {"type": "Point", "coordinates": [37.93220368746829, 31.80568379742518, 0.0]}}, {"type": "Feature", "properties": {"name": "Sans titre - Rep\u00e8re", "styleUrl": "#m_ylw-pushpin310"}, "geometry": {"type": "Point", "coordinates": [38.04457668481673, 31.91312277102906, 0.0]}}, {"type": "Feature", "properties": {"name": "Sans titre - Rep\u00e8re", "styleUrl": "#m_ylw-pushpin60"}, "geometry": {"type": "Point", "coordinates": [37.47338835486956, 31.77988246128585, 0.0]}}, {"type": "Feature", "properties": {"name": "Sans titre - Rep\u00e8re", "styleUrl": "#m_ylw-pushpin60"}, "geometry": {"type": "Point", "coordinates": [37.44919316399823, 31.80883098665506, 0.0]}}, {"type": "Feature", "properties": {"name": "Sans titre - Rep\u00e8re", "styleUrl": "#m_ylw-pushpin120"}, "geometry": {"type": "Point", "coordinates": [45.44432332589814, 27.95446644170826, 0.0]}}, {"type": "Feature", "properties": {"name": "Sans titre - Rep\u00e8re", "styleUrl": "#m_ylw-pushpin120"}, "geometry": {"type": "Point", "coordinates": [37.80337700044392, 31.09737821252636, 0.0]}}, {"type": "Feature", "properties": {"name": "Sans titre - Rep\u00e8re", "styleUrl": "#m_ylw-pushpin120"}, "geometry": {"type": "Point", "coordinates": [37.84610385990805, 31.06910316778742, 0.0]}}, {"type": "Feature", "properties": {"name": "Sans titre - Rep\u00e8re", "styleUrl": "#m_ylw-pushpin120"}, "geometry": {"type": "Point", "coordinates": [37.89643119774663, 31.09142396545135, 0.0]}}, {"type": "Feature", "properties": {"name": "Sans titre - Rep\u00e8re", "styleUrl": "#m_ylw-pushpin120"}, "geometry": {"type": "Point", "coordinates": [37.93540009278578, 31.10978048106654, 0.0]}}, {"type": "Feature", "properties": {"name": "Sans titre - Rep\u00e8re", "styleUrl": "#m_ylw-pushpin120"}, "geometry": {"type": "Point", "coordinates": [38.06476721025889, 31.11926277384654, 0.0]}}, {"type": "Feature", "properties": {"name": "Sans titre - Rep\u00e8re", "styleUrl": "#m_ylw-pushpin120"}, "geometry": {"type": "Point", "coordinates": [38.26820390021764, 31.18352099866348, 0.0]}}, {"type": "Feature", "properties": {"name": "Sans titre - Rep\u00e8re", "styleUrl": "#m_ylw-pushpin120"}, "geometry": {"type": "Point", "coordinates": [38.52105578354049, 31.19002417069861, 0.0]}}, {"type": "Feature", "properties": {"name": "Sans titre - Rep\u00e8re", "styleUrl": "#m_ylw-pushpin120"}, "geometry": {"type": "Point", "coordinates": [38.52702794462046, 31.19469500205583, 0.0]}}, {"type": "Feature", "properties": {"name": "Sans titre - Rep\u00e8re", "styleUrl": "#m_ylw-pushpin120"}, "geometry": {"type": "Point", "coordinates": [38.52899717984017, 31.20194359993417, 0.0]}}, {"type": "Feature", "properties": {"name": "Sans titre - Rep\u00e8re", "styleUrl": "#m_ylw-pushpin120"}, "geometry": {"type": "Point", "coordinates": [38.53514768690003, 31.209139368199, 0.0]}}, {"type": "Feature", "properties": {"name": "Sans titre - Rep\u00e8re", "styleUrl": "#m_ylw-pushpin120"}, "geometry": {"type": "Point", "coordinates": [38.53361347586023, 31.21429629986012, 0.0]}}, {"type": "Feature", "properties": {"name": "Sans titre - Rep\u00e8re", "styleUrl": "#m_ylw-pushpin120"}, "geometry": {"type": "Point", "coordinates": [38.53054386903955, 31.22281639164103, 0.0]}}, {"type": "Feature", "properties": {"name": "Sans titre - Rep\u00e8re", "styleUrl": "#m_ylw-pushpin120"}, "geometry": {"type": "Point", "coordinates": [38.5356379165737, 31.23029490839675, 0.0]}}, {"type": "Feature", "properties": {"name": "Sans titre - Rep\u00e8re", "styleUrl": "#m_ylw-pushpin120"}, "geometry": {"type": "Point", "coordinates": [38.5285527313685, 31.23300068975992, 0.0]}}, {"type": "Feature", "properties": {"name": "Sans titre - Rep\u00e8re", "styleUrl": "#m_ylw-pushpin120"}, "geometry": {"type": "Point", "coordinates": [38.51921255539025, 31.23633564712304, 0.0]}}, {"type": "Feature", "properties": {"name": "Sans titre - Rep\u00e8re", "styleUrl": "#m_ylw-pushpin120"}, "geometry": {"type": "Point", "coordinates": [38.53379355675375, 31.24387801514706, 0.0]}}, {"type": "Feature", "properties": {"name": "Sans titre - Rep\u00e8re", "styleUrl": "#m_ylw-pushpin120"}, "geometry": {"type": "Point", "coordinates": [38.53272958211465, 31.25039426139862, 0.0]}}, {"type": "Feature", "properties": {"name": "Sans titre - Rep\u00e8re", "styleUrl": "#m_ylw-pushpin120"}, "geometry": {"type": "Point", "coordinates": [38.54978108068092, 31.26997175661919, 0.0]}}, {"type": "Feature", "properties": {"name": "Sans titre - Rep\u00e8re", "styleUrl": "#m_ylw-pushpin120"}, "geometry": {"type": "Point", "coordinates": [38.47255387824505, 31.31604171485372, 0.0]}}, {"type": "Feature", "properties": {"name": "Sans titre - Rep\u00e8re", "styleUrl": "#m_ylw-pushpin120"}, "geometry": {"type": "Point", "coordinates": [38.47423133911368, 31.32208373254598, 0.0]}}, {"type": "Feature", "properties": {"name": "Sans titre - Rep\u00e8re", "styleUrl": "#m_ylw-pushpin120"}, "geometry": {"type": "Point", "coordinates": [38.28076429064769, 31.53581939359734, 0.0]}}, {"type": "Feature", "properties": {"name": "Sans titre - Rep\u00e8re", "styleUrl": "#m_ylw-pushpin120"}, "geometry": {"type": "Point", "coordinates": [38.67595055996745, 31.41386926559999, 0.0]}}, {"type": "Feature", "properties": {"name": "Sans titre - Rep\u00e8re", "styleUrl": "#m_ylw-pushpin20"}, "geometry": {"type": "Point", "coordinates": [36.57080969045138, 31.35873640404889, 0.0]}}, {"type": "Feature", "properties": {"name": "Sans titre - Rep\u00e8re", "styleUrl": "#m_ylw-pushpin20"}, "geometry": {"type": "Point", "coordinates": [36.93176991143692, 31.95317796376362, 0.0]}}, {"type": "Feature", "properties": {"name": "Sans titre - Rep\u00e8re", "styleUrl": "#m_ylw-pushpin20"}, "geometry": {"type": "Point", "coordinates": [36.93702662255713, 31.94878813124685, 0.0]}}, {"type": "Feature", "properties": {"name": "Sans titre - Rep\u00e8re", "styleUrl": "#m_ylw-pushpin20"}, "geometry": {"type": "Point", "coordinates": [38.35238470214333, 34.45591659360776, 0.0]}}, {"type": "Feature", "properties": {"name": "Sans titre - Rep\u00e8re", "styleUrl": "#m_ylw-pushpin20"}, "geometry": {"type": "Point", "coordinates": [38.26705250210542, 34.55323632402396, 0.0]}}, {"type": "Feature", "properties": {"name": "Sans titre - Rep\u00e8re", "styleUrl": "#m_ylw-pushpin20"}, "geometry": {"type": "Point", "coordinates": [37.80024140927006, 33.93846625890213, 0.0]}}, {"type": "Feature", "properties": {"name": "Sans titre - Rep\u00e8re", "styleUrl": "#m_ylw-pushpin20"}, "geometry": {"type": "Point", "coordinates": [37.79324505352708, 33.9782818107433, 0.0]}}, {"type": "Feature", "properties": {"name": "Sans titre - Rep\u00e8re", "styleUrl": "#m_ylw-pushpin20"}, "geometry": {"type": "Point", "coordinates": [38.05810922893882, 31.91245960381096, 0.0]}}, {"type": "Feature", "properties": {"name": "Sans titre - Rep\u00e8re", "styleUrl": "#m_ylw-pushpin20"}, "geometry": {"type": "Point", "coordinates": [38.06297709963791, 31.91132877197017, 0.0]}}, {"type": "Feature", "properties": {"name": "Sans titre - Rep\u00e8re", "styleUrl": "#m_ylw-pushpin20"}, "geometry": {"type": "Point", "coordinates": [38.06344955481845, 31.99041459646084, 0.0]}}, {"type": "Feature", "properties": {"name": "Sans titre - Rep\u00e8re", "styleUrl": "#m_ylw-pushpin20"}, "geometry": {"type": "Point", "coordinates": [38.01390861338668, 32.2662033972104, 0.0]}}, {"type": "Feature", "properties": {"name": "Sans titre - Rep\u00e8re", "styleUrl": "#m_ylw-pushpin20"}, "geometry": {"type": "Point", "coordinates": [38.02829758643634, 32.26384639670391, 0.0]}}, {"type": "Feature", "properties": {"name": "Sans titre - Rep\u00e8re", "styleUrl": "#m_ylw-pushpin20"}, "geometry": {"type": "Point", "coordinates": [38.02909390282397, 32.26736071868353, 0.0]}}, {"type": "Feature", "properties": {"name": "Sans titre - Rep\u00e8re", "styleUrl": "#m_ylw-pushpin20"}, "geometry": {"type": "Point", "coordinates": [38.03084733291769, 32.27169439307616, 0.0]}}, {"type": "Feature", "properties": {"name": "Sans titre - Rep\u00e8re", "styleUrl": "#m_ylw-pushpin20"}, "geometry": {"type": "Point", "coordinates": [38.02004270099533, 32.26630458547547, 0.0]}}, {"type": "Feature", "properties": {"name": "Sans titre - Rep\u00e8re", "styleUrl": "#m_ylw-pushpin20"}, "geometry": {"type": "Point", "coordinates": [38.01877842511026, 32.27472742673719, 0.0]}}, {"type": "Feature", "properties": {"name": "Sans titre - Rep\u00e8re", "styleUrl": "#m_ylw-pushpin20"}, "geometry": {"type": "Point", "coordinates": [38.00520397470868, 32.25968451364364, 0.0]}}, {"type": "Feature", "properties": {"name": "Sans titre - Rep\u00e8re", "styleUrl": "#m_ylw-pushpin20"}, "geometry": {"type": "Point", "coordinates": [38.01298538233605, 32.24988512156446, 0.0]}}, {"type": "Feature", "properties": {"name": "Sans titre - Rep\u00e8re", "styleUrl": "#m_ylw-pushpin20"}, "geometry": {"type": "Point", "coordinates": [38.03769811110989, 32.23279428221623, 0.0]}}, {"type": "Feature", "properties": {"name": "Sans titre - Rep\u00e8re", "styleUrl": "#m_ylw-pushpin20"}, "geometry": {"type": "Point", "coordinates": [38.03666922553541, 32.23648416581938, 0.0]}}, {"type": "Feature", "properties": {"name": "Sans titre - Rep\u00e8re", "styleUrl": "#m_ylw-pushpin20"}, "geometry": {"type": "Point", "coordinates": [38.04923742822788, 32.24300116514339, 0.0]}}, {"type": "Feature", "properties": {"name": "Sans titre - Rep\u00e8re", "styleUrl": "#m_ylw-pushpin20"}, "geometry": {"type": "Point", "coordinates": [38.07422743523249, 32.24449490239732, 0.0]}}, {"type": "Feature", "properties": {"name": "Sans titre - Rep\u00e8re", "styleUrl": "#m_ylw-pushpin20"}, "geometry": {"type": "Point", "coordinates": [38.09217018998557, 32.23730608784877, 0.0]}}, {"type": "Feature", "properties": {"name": "Sans titre - Rep\u00e8re", "styleUrl": "#m_ylw-pushpin20"}, "geometry": {"type": "Point", "coordinates": [38.12958566276306, 32.25857175306862, 0.0]}}, {"type": "Feature", "properties": {"name": "Sans titre - Rep\u00e8re", "styleUrl": "#m_ylw-pushpin20"}, "geometry": {"type": "Point", "coordinates": [38.13612282222842, 32.26468524113996, 0.0]}}, {"type": "Feature", "properties": {"name": "Sans titre - Rep\u00e8re", "styleUrl": "#m_ylw-pushpin20"}, "geometry": {"type": "Point", "coordinates": [38.10171513664033, 32.20778963209615, 0.0]}}, {"type": "Feature", "properties": {"name": "Sans titre - Rep\u00e8re", "styleUrl": "#m_ylw-pushpin20"}, "geometry": {"type": "Point", "coordinates": [38.08351812790747, 32.18183385214675, 0.0]}}, {"type": "Feature", "properties": {"name": "Sans titre - Rep\u00e8re", "styleUrl": "#m_ylw-pushpin20"}, "geometry": {"type": "Point", "coordinates": [38.07467044579593, 32.17416993004959, 0.0]}}, {"type": "Feature", "properties": {"name": "Sans titre - Rep\u00e8re", "styleUrl": "#m_ylw-pushpin20"}, "geometry": {"type": "Point", "coordinates": [38.06966577397876, 32.17292794867394, 0.0]}}, {"type": "Feature", "properties": {"name": "Sans titre - Rep\u00e8re", "styleUrl": "#m_ylw-pushpin20"}, "geometry": {"type": "Point", "coordinates": [38.05808590710873, 32.16400738702664, 0.0]}}, {"type": "Feature", "properties": {"name": "Sans titre - Rep\u00e8re", "styleUrl": "#m_ylw-pushpin20"}, "geometry": {"type": "Point", "coordinates": [38.05077148737226, 32.16077892980887, 0.0]}}, {"type": "Feature", "properties": {"name": "Sans titre - Rep\u00e8re", "styleUrl": "#m_ylw-pushpin20"}, "geometry": {"type": "Point", "coordinates": [38.06717772846655, 32.14921395246137, 0.0]}}, {"type": "Feature", "properties": {"name": "Sans titre - Rep\u00e8re", "styleUrl": "#m_ylw-pushpin20"}, "geometry": {"type": "Point", "coordinates": [38.0671690108958, 32.14832899201866, 0.0]}}, {"type": "Feature", "properties": {"name": "Sans titre - Rep\u00e8re", "styleUrl": "#m_ylw-pushpin20"}, "geometry": {"type": "Point", "coordinates": [38.054273804956, 32.14281183711985, 0.0]}}, {"type": "Feature", "properties": {"name": "Sans titre - Rep\u00e8re", "styleUrl": "#m_ylw-pushpin20"}, "geometry": {"type": "Point", "coordinates": [38.05365133671599, 32.14087144251781, 0.0]}}, {"type": "Feature", "properties": {"name": "Sans titre - Rep\u00e8re", "styleUrl": "#m_ylw-pushpin20"}, "geometry": {"type": "Point", "coordinates": [38.05083713874765, 32.13946056930733, 0.0]}}, {"type": "Feature", "properties": {"name": "Sans titre - Rep\u00e8re", "styleUrl": "#m_ylw-pushpin20"}, "geometry": {"type": "Point", "coordinates": [38.04350632283884, 32.13655018410569, 0.0]}}, {"type": "Feature", "properties": {"name": "Sans titre - Rep\u00e8re", "styleUrl": "#m_ylw-pushpin20"}, "geometry": {"type": "Point", "coordinates": [38.04995853142208, 32.13317320614136, 0.0]}}, {"type": "Feature", "properties": {"name": "Sans titre - Rep\u00e8re", "styleUrl": "#m_ylw-pushpin20"}, "geometry": {"type": "Point", "coordinates": [38.05518359789659, 32.12944892100222, 0.0]}}, {"type": "Feature", "properties": {"name": "Sans titre - Rep\u00e8re", "styleUrl": "#m_ylw-pushpin20"}, "geometry": {"type": "Point", "coordinates": [38.06314368289656, 32.12581553372609, 0.0]}}, {"type": "Feature", "properties": {"name": "Sans titre - Rep\u00e8re", "styleUrl": "#m_ylw-pushpin20"}, "geometry": {"type": "Point", "coordinates": [38.07172963631202, 32.12699034852199, 0.0]}}, {"type": "Feature", "properties": {"name": "Sans titre - Rep\u00e8re", "styleUrl": "#m_ylw-pushpin20"}, "geometry": {"type": "Point", "coordinates": [38.05721413598686, 32.15604587426859, 0.0]}}, {"type": "Feature", "properties": {"name": "Sans titre - Rep\u00e8re", "styleUrl": "#m_ylw-pushpin20"}, "geometry": {"type": "Point", "coordinates": [38.04780804352896, 32.18561998665482, 0.0]}}, {"type": "Feature", "properties": {"name": "Sans titre - Rep\u00e8re", "styleUrl": "#m_ylw-pushpin20"}, "geometry": {"type": "Point", "coordinates": [38.0364592817652, 32.1263590398047, 0.0]}}, {"type": "Feature", "properties": {"name": "Sans titre - Rep\u00e8re", "styleUrl": "#m_ylw-pushpin20"}, "geometry": {"type": "Point", "coordinates": [38.03660028923172, 32.12321890527971, 0.0]}}, {"type": "Feature", "properties": {"name": "Sans titre - Rep\u00e8re", "styleUrl": "#m_ylw-pushpin20"}, "geometry": {"type": "Point", "coordinates": [38.01307539637729, 32.12678046819148, 0.0]}}, {"type": "Feature", "properties": {"name": "Sans titre - Rep\u00e8re", "styleUrl": "#m_ylw-pushpin20"}, "geometry": {"type": "Point", "coordinates": [37.9979950689591, 32.11824462177979, 0.0]}}, {"type": "Feature", "properties": {"name": "Sans titre - Rep\u00e8re", "styleUrl": "#m_ylw-pushpin20"}, "geometry": {"type": "Point", "coordinates": [37.86612392091553, 32.57210213156216, 0.0]}}, {"type": "Feature", "properties": {"name": "Sans titre - Rep\u00e8re", "styleUrl": "#msn_target41"}, "geometry": {"type": "Point", "coordinates": [44.57550994055789, 27.34475959094626, 0.0]}}, {"type": "Feature", "properties": {"name": "Sans titre - Rep\u00e8re", "styleUrl": "#msn_target41"}, "geometry": {"type": "Point", "coordinates": [44.53942248037117, 27.32774719014029, 0.0]}}, {"type": "Feature", "properties": {"name": "Sans titre - Rep\u00e8re", "styleUrl": "#m_ylw-pushpin20"}, "geometry": {"type": "Point", "coordinates": [44.53063746801089, 27.32815936707805, 0.0]}}, {"type": "Feature", "properties": {"name": "Sans titre - Rep\u00e8re", "styleUrl": "#m_ylw-pushpin20"}, "geometry": {"type": "Point", "coordinates": [38.04639522223243, 31.10843734706517, 0.0]}}, {"type": "Feature", "properties": {"name": "Sans titre - Rep\u00e8re", "styleUrl": "#m_ylw-pushpin20"}, "geometry": {"type": "Point", "coordinates": [38.10504572734011, 31.09937226662665, 0.0]}}, {"type": "Feature", "properties": {"name": "Sans titre - Rep\u00e8re", "styleUrl": "#m_ylw-pushpin20"}, "geometry": {"type": "Point", "coordinates": [38.11816505750756, 31.10950760143006, 0.0]}}, {"type": "Feature", "properties": {"name": "Sans titre - Rep\u00e8re", "styleUrl": "#m_ylw-pushpin20"}, "geometry": {"type": "Point", "coordinates": [38.11944630700368, 31.10677734769417, 0.0]}}, {"type": "Feature", "properties": {"name": "Sans titre - Rep\u00e8re", "styleUrl": "#m_ylw-pushpin20"}, "geometry": {"type": "Point", "coordinates": [38.11241629799905, 31.0933265425131, 0.0]}}, {"type": "Feature", "properties": {"name": "Sans titre - Rep\u00e8re", "styleUrl": "#m_ylw-pushpin20"}, "geometry": {"type": "Point", "coordinates": [38.11955376642414, 31.07929167490725, 0.0]}}, {"type": "Feature", "properties": {"name": "Sans titre - Rep\u00e8re", "styleUrl": "#m_ylw-pushpin20"}, "geometry": {"type": "Point", "coordinates": [38.1134165045204, 31.0686856026022, 0.0]}}, {"type": "Feature", "properties": {"name": "Sans titre - Rep\u00e8re", "styleUrl": "#m_ylw-pushpin20"}, "geometry": {"type": "Point", "coordinates": [38.13049825542206, 31.07284389303035, 0.0]}}, {"type": "Feature", "properties": {"name": "Sans titre - Rep\u00e8re", "styleUrl": "#m_ylw-pushpin20"}, "geometry": {"type": "Point", "coordinates": [38.14982960117995, 31.08159492484817, 0.0]}}, {"type": "Feature", "properties": {"name": "Sans titre - Rep\u00e8re", "styleUrl": "#m_ylw-pushpin20"}, "geometry": {"type": "Point", "coordinates": [38.17458008568967, 31.07545213782279, 0.0]}}, {"type": "Feature", "properties": {"name": "Sans titre - Rep\u00e8re", "styleUrl": "#m_ylw-pushpin20"}, "geometry": {"type": "Point", "coordinates": [38.18948401381843, 31.07829867897358, 0.0]}}, {"type": "Feature", "properties": {"name": "Sans titre - Rep\u00e8re", "styleUrl": "#m_ylw-pushpin20"}, "geometry": {"type": "Point", "coordinates": [38.18340765154252, 31.09729567944317, 0.0]}}, {"type": "Feature", "properties": {"name": "Sans titre - Rep\u00e8re", "styleUrl": "#m_ylw-pushpin20"}, "geometry": {"type": "Point", "coordinates": [38.20105530915318, 31.10372094182627, 0.0]}}, {"type": "Feature", "properties": {"name": "Sans titre - Rep\u00e8re", "styleUrl": "#m_ylw-pushpin20"}, "geometry": {"type": "Point", "coordinates": [38.21771732659963, 31.107343169312, 0.0]}}, {"type": "Feature", "properties": {"name": "Sans titre - Rep\u00e8re", "styleUrl": "#m_ylw-pushpin20"}, "geometry": {"type": "Point", "coordinates": [38.23748426538655, 31.1092045131549, 0.0]}}, {"type": "Feature", "properties": {"name": "Sans titre - Rep\u00e8re", "styleUrl": "#m_ylw-pushpin20"}, "geometry": {"type": "Point", "coordinates": [38.25052604240346, 31.11591641605281, 0.0]}}, {"type": "Feature", "properties": {"name": "Sans titre - Rep\u00e8re", "styleUrl": "#m_ylw-pushpin20"}, "geometry": {"type": "Point", "coordinates": [38.27523399678496, 31.11612125554748, 0.0]}}, {"type": "Feature", "properties": {"name": "Sans titre - Rep\u00e8re", "styleUrl": "#m_ylw-pushpin20"}, "geometry": {"type": "Point", "coordinates": [38.28243067700919, 31.12195497400465, 0.0]}}, {"type": "Feature", "properties": {"name": "Sans titre - Rep\u00e8re", "styleUrl": "#m_ylw-pushpin20"}, "geometry": {"type": "Point", "coordinates": [38.29315725542305, 31.12321892944698, 0.0]}}, {"type": "Feature", "properties": {"name": "Sans titre - Rep\u00e8re", "styleUrl": "#m_ylw-pushpin20"}, "geometry": {"type": "Point", "coordinates": [38.46756275185418, 31.38635859166084, 0.0]}}, {"type": "Feature", "properties": {"name": "Sans titre - Rep\u00e8re", "styleUrl": "#m_ylw-pushpin20"}, "geometry": {"type": "Point", "coordinates": [38.46319823171181, 31.38803469934346, 0.0]}}, {"type": "Feature", "properties": {"name": "Sans titre - Rep\u00e8re", "styleUrl": "#m_ylw-pushpin20"}, "geometry": {"type": "Point", "coordinates": [38.46580281371982, 31.37828346267382, 0.0]}}, {"type": "Feature", "properties": {"name": "Sans titre - Rep\u00e8re", "styleUrl": "#m_ylw-pushpin20"}, "geometry": {"type": "Point", "coordinates": [38.53208879410498, 31.42656897608517, 0.0]}}, {"type": "Feature", "properties": {"name": "Sans titre - Rep\u00e8re", "styleUrl": "#m_ylw-pushpin20"}, "geometry": {"type": "Point", "coordinates": [38.56201983879831, 31.43521317151373, 0.0]}}, {"type": "Feature", "properties": {"name": "Sans titre - Rep\u00e8re", "styleUrl": "#m_ylw-pushpin20"}, "geometry": {"type": "Point", "coordinates": [38.44883196971657, 31.41028934839415, 0.0]}}, {"type": "Feature", "properties": {"name": "Sans titre - Rep\u00e8re", "styleUrl": "#m_ylw-pushpin20"}, "geometry": {"type": "Point", "coordinates": [38.40576072325693, 31.41467527687405, 0.0]}}, {"type": "Feature", "properties": {"name": "Sans titre - Rep\u00e8re", "styleUrl": "#m_ylw-pushpin20"}, "geometry": {"type": "Point", "coordinates": [38.39027707457743, 31.40871320051017, 0.0]}}, {"type": "Feature", "properties": {"name": "Sans titre - Rep\u00e8re", "styleUrl": "#m_ylw-pushpin20"}, "geometry": {"type": "Point", "coordinates": [38.38512003884443, 31.4074074725307, 0.0]}}, {"type": "Feature", "properties": {"name": "Sans titre - Rep\u00e8re", "styleUrl": "#m_ylw-pushpin20"}, "geometry": {"type": "Point", "coordinates": [38.38759730456605, 31.40774901893688, 0.0]}}, {"type": "Feature", "properties": {"name": "Sans titre - Rep\u00e8re", "styleUrl": "#m_ylw-pushpin20"}, "geometry": {"type": "Point", "coordinates": [38.38464265649061, 31.40670017403629, 0.0]}}, {"type": "Feature", "properties": {"name": "Sans titre - Rep\u00e8re", "styleUrl": "#m_ylw-pushpin20"}, "geometry": {"type": "Point", "coordinates": [38.38487022036461, 31.40216174516311, 0.0]}}, {"type": "Feature", "properties": {"name": "Sans titre - Rep\u00e8re", "styleUrl": "#m_ylw-pushpin20"}, "geometry": {"type": "Point", "coordinates": [38.38946732149124, 31.39409924662624, 0.0]}}, {"type": "Feature", "properties": {"name": "Sans titre - Rep\u00e8re", "styleUrl": "#m_ylw-pushpin20"}, "geometry": {"type": "Point", "coordinates": [38.4044686905041, 31.3856844313204, 0.0]}}, {"type": "Feature", "properties": {"name": "Sans titre - Rep\u00e8re", "styleUrl": "#m_ylw-pushpin20"}, "geometry": {"type": "Point", "coordinates": [38.40790420061654, 31.38608487680666, 0.0]}}, {"type": "Feature", "properties": {"name": "Sans titre - Rep\u00e8re", "styleUrl": "#m_ylw-pushpin20"}, "geometry": {"type": "Point", "coordinates": [38.40367491296562, 31.39493133247095, 0.0]}}, {"type": "Feature", "properties": {"name": "Sans titre - Rep\u00e8re", "styleUrl": "#m_ylw-pushpin20"}, "geometry": {"type": "Point", "coordinates": [38.40608705600627, 31.39253655248367, 0.0]}}, {"type": "Feature", "properties": {"name": "Sans titre - Rep\u00e8re", "styleUrl": "#m_ylw-pushpin20"}, "geometry": {"type": "Point", "coordinates": [38.4005281368968, 31.39878851861467, 0.0]}}, {"type": "Feature", "properties": {"name": "Sans titre - Rep\u00e8re", "styleUrl": "#m_ylw-pushpin20"}, "geometry": {"type": "Point", "coordinates": [38.39797675861959, 31.40362140159868, 0.0]}}, {"type": "Feature", "properties": {"name": "Sans titre - Rep\u00e8re", "styleUrl": "#m_ylw-pushpin20"}, "geometry": {"type": "Point", "coordinates": [38.38077220396733, 31.43384193949331, 0.0]}}, {"type": "Feature", "properties": {"name": "Sans titre - Rep\u00e8re", "styleUrl": "#m_ylw-pushpin20"}, "geometry": {"type": "Point", "coordinates": [38.15151377181576, 30.99292365807667, 0.0]}}, {"type": "Feature", "properties": {"name": "Sans titre - Rep\u00e8re", "styleUrl": "#m_ylw-pushpin20"}, "geometry": {"type": "Point", "coordinates": [38.14196300992094, 30.97456456630455, 0.0]}}, {"type": "Feature", "properties": {"name": "Sans titre - Rep\u00e8re", "styleUrl": "#m_ylw-pushpin20"}, "geometry": {"type": "Point", "coordinates": [38.1401835970323, 30.98236749788086, 0.0]}}, {"type": "Feature", "properties": {"name": "Sans titre - Rep\u00e8re", "styleUrl": "#m_ylw-pushpin20"}, "geometry": {"type": "Point", "coordinates": [38.13755648111859, 30.98588808620274, 0.0]}}, {"type": "Feature", "properties": {"name": "Sans titre - Rep\u00e8re", "styleUrl": "#m_ylw-pushpin20"}, "geometry": {"type": "Point", "coordinates": [38.14947396848548, 30.97094518053428, 0.0]}}, {"type": "Feature", "properties": {"name": "Sans titre - Rep\u00e8re", "styleUrl": "#m_ylw-pushpin20"}, "geometry": {"type": "Point", "coordinates": [38.36133149272518, 30.77001092018383, 0.0]}}, {"type": "Feature", "properties": {"name": "Sans titre - Rep\u00e8re", "styleUrl": "#m_ylw-pushpin20"}, "geometry": {"type": "Point", "coordinates": [38.35438064092948, 30.77832861267046, 0.0]}}, {"type": "Feature", "properties": {"name": "Sans titre - Rep\u00e8re", "styleUrl": "#m_ylw-pushpin20"}, "geometry": {"type": "Point", "coordinates": [38.63039250785177, 30.62197849210608, 0.0]}}, {"type": "Feature", "properties": {"name": "Sans titre - Rep\u00e8re", "styleUrl": "#m_ylw-pushpin20"}, "geometry": {"type": "Point", "coordinates": [39.10249678525926, 30.46389654615069, 0.0]}}, {"type": "Feature", "properties": {"name": "Sans titre - Rep\u00e8re", "styleUrl": "#m_ylw-pushpin20"}, "geometry": {"type": "Point", "coordinates": [39.28972910632103, 30.35842804100838, 0.0]}}, {"type": "Feature", "properties": {"name": "Sans titre - Rep\u00e8re", "styleUrl": "#m_ylw-pushpin20"}, "geometry": {"type": "Point", "coordinates": [39.33084211526173, 30.38757193614829, 0.0]}}, {"type": "Feature", "properties": {"name": "Sans titre - Rep\u00e8re", "styleUrl": "#m_ylw-pushpin20"}, "geometry": {"type": "Point", "coordinates": [39.33721659728975, 30.39864030105531, 0.0]}}, {"type": "Feature", "properties": {"name": "Sans titre - Rep\u00e8re", "styleUrl": "#m_ylw-pushpin20"}, "geometry": {"type": "Point", "coordinates": [38.48588548259426, 27.94918134361771, 0.0]}}, {"type": "Feature", "properties": {"name": "Sans titre - Rep\u00e8re", "styleUrl": "#m_ylw-pushpin040"}, "geometry": {"type": "Point", "coordinates": [38.14041421851523, 31.02437212184735, 0.0]}}, {"type": "Feature", "properties": {"name": "Sans titre - Rep\u00e8re", "styleUrl": "#m_ylw-pushpin040"}, "geometry": {"type": "Point", "coordinates": [38.15269122326245, 31.04299850180649, 0.0]}}, {"type": "Feature", "properties": {"name": "Sans titre - Rep\u00e8re", "styleUrl": "#m_ylw-pushpin040"}, "geometry": {"type": "Point", "coordinates": [38.17976801737098, 31.05785842101336, 0.0]}}, {"type": "Feature", "properties": {"name": "Sans titre - Rep\u00e8re", "styleUrl": "#m_ylw-pushpin040"}, "geometry": {"type": "Point", "coordinates": [38.17701654400217, 31.06722557778311, 0.0]}}, {"type": "Feature", "properties": {"name": "Sans titre - Rep\u00e8re", "styleUrl": "#m_ylw-pushpin040"}, "geometry": {"type": "Point", "coordinates": [38.26532047601597, 31.06962391641252, 0.0]}}, {"type": "Feature", "properties": {"name": "Sans titre - Rep\u00e8re", "styleUrl": "#m_ylw-pushpin040"}, "geometry": {"type": "Point", "coordinates": [39.3915209606503, 30.40378868408553, 0.0]}}, {"type": "Feature", "properties": {"name": "Sans titre - Rep\u00e8re", "styleUrl": "#m_ylw-pushpin040"}, "geometry": {"type": "Point", "coordinates": [39.4338784697831, 30.39681446569641, 0.0]}}, {"type": "Feature", "properties": {"name": "Sans titre - Rep\u00e8re", "styleUrl": "#m_ylw-pushpin040"}, "geometry": {"type": "Point", "coordinates": [39.65720242619324, 30.36496990175131, 0.0]}}, {"type": "Feature", "properties": {"name": "Sans titre - Rep\u00e8re", "styleUrl": "#m_ylw-pushpin040"}, "geometry": {"type": "Point", "coordinates": [39.34434705064498, 31.15935779119563, 0.0]}}, {"type": "Feature", "properties": {"name": "Sans titre - Rep\u00e8re", "styleUrl": "#m_ylw-pushpin040"}, "geometry": {"type": "Point", "coordinates": [39.31732628565474, 31.17521404562272, 0.0]}}, {"type": "Feature", "properties": {"name": "Sans titre - Rep\u00e8re", "styleUrl": "#m_ylw-pushpin040"}, "geometry": {"type": "Point", "coordinates": [39.30227549513976, 31.19112980882373, 0.0]}}, {"type": "Feature", "properties": {"name": "Sans titre - Rep\u00e8re", "styleUrl": "#m_ylw-pushpin040"}, "geometry": {"type": "Point", "coordinates": [39.30345010293789, 31.20822844827996, 0.0]}}, {"type": "Feature", "properties": {"name": "Sans titre - Rep\u00e8re", "styleUrl": "#m_ylw-pushpin040"}, "geometry": {"type": "Point", "coordinates": [39.30123573657174, 31.2154076021873, 0.0]}}, {"type": "Feature", "properties": {"name": "Sans titre - Rep\u00e8re", "styleUrl": "#m_ylw-pushpin040"}, "geometry": {"type": "Point", "coordinates": [39.29132150417835, 31.22405140258585, 0.0]}}, {"type": "Feature", "properties": {"name": "Sans titre - Rep\u00e8re", "styleUrl": "#m_ylw-pushpin040"}, "geometry": {"type": "Point", "coordinates": [39.31326105050495, 31.15469241109085, 0.0]}}, {"type": "Feature", "properties": {"name": "Sans titre - Rep\u00e8re", "styleUrl": "#m_ylw-pushpin040"}, "geometry": {"type": "Point", "coordinates": [40.00726779958065, 31.19282754847341, 0.0]}}, {"type": "Feature", "properties": {"name": "Sans titre - Rep\u00e8re", "styleUrl": "#m_ylw-pushpin040"}, "geometry": {"type": "Point", "coordinates": [40.14617013295346, 31.1409157826175, 0.0]}}, {"type": "Feature", "properties": {"name": "Sans titre - Rep\u00e8re", "styleUrl": "#m_ylw-pushpin040"}, "geometry": {"type": "Point", "coordinates": [39.93304029091119, 31.53145324370112, 0.0]}}, {"type": "Feature", "properties": {"name": "Sans titre - Rep\u00e8re", "styleUrl": "#m_ylw-pushpin040"}, "geometry": {"type": "Point", "coordinates": [39.3454907291225, 31.84261117361509, 0.0]}}, {"type": "Feature", "properties": {"name": "Sans titre - Rep\u00e8re", "styleUrl": "#m_ylw-pushpin040"}, "geometry": {"type": "Point", "coordinates": [39.56597747657439, 31.03761846042559, 0.0]}}, {"type": "Feature", "properties": {"name": "Sans titre - Rep\u00e8re", "styleUrl": "#m_ylw-pushpin040"}, "geometry": {"type": "Point", "coordinates": [39.56029500366125, 31.01916204494124, 0.0]}}, {"type": "Feature", "properties": {"name": "Sans titre - Rep\u00e8re", "styleUrl": "#m_ylw-pushpin040"}, "geometry": {"type": "Point", "coordinates": [39.56105587481873, 31.01207038425495, 0.0]}}, {"type": "Feature", "properties": {"name": "Sans titre - Rep\u00e8re", "styleUrl": "#m_ylw-pushpin040"}, "geometry": {"type": "Point", "coordinates": [39.60685779553899, 30.98529688611331, 0.0]}}, {"type": "Feature", "properties": {"name": "Sans titre - Rep\u00e8re", "styleUrl": "#m_ylw-pushpin040"}, "geometry": {"type": "Point", "coordinates": [39.5963801160844, 30.99168003936547, 0.0]}}, {"type": "Feature", "properties": {"name": "Sans titre - Rep\u00e8re", "styleUrl": "#m_ylw-pushpin040"}, "geometry": {"type": "Point", "coordinates": [39.59235899445968, 31.00172107585747, 0.0]}}, {"type": "Feature", "properties": {"name": "Sans titre - Rep\u00e8re", "styleUrl": "#m_ylw-pushpin040"}, "geometry": {"type": "Point", "coordinates": [39.59778396327525, 31.01064539912221, 0.0]}}, {"type": "Feature", "properties": {"name": "Sans titre - Rep\u00e8re", "styleUrl": "#m_ylw-pushpin040"}, "geometry": {"type": "Point", "coordinates": [39.61128137284067, 31.00654043881342, 0.0]}}, {"type": "Feature", "properties": {"name": "Sans titre - Rep\u00e8re", "styleUrl": "#m_ylw-pushpin040"}, "geometry": {"type": "Point", "coordinates": [39.62336296766227, 30.99807446492942, 0.0]}}, {"type": "Feature", "properties": {"name": "Sans titre - Rep\u00e8re", "styleUrl": "#m_ylw-pushpin040"}, "geometry": {"type": "Point", "coordinates": [39.64499996357991, 30.96215846571532, 0.0]}}, {"type": "Feature", "properties": {"name": "Sans titre - Rep\u00e8re", "styleUrl": "#m_ylw-pushpin040"}, "geometry": {"type": "Point", "coordinates": [37.47201883793453, 32.36049385797438, 0.0]}}, {"type": "Feature", "properties": {"name": "Sans titre - Rep\u00e8re", "styleUrl": "#m_ylw-pushpin040"}, "geometry": {"type": "Point", "coordinates": [37.47487762326212, 32.3633038496525, 0.0]}}, {"type": "Feature", "properties": {"name": "Sans titre - Rep\u00e8re", "styleUrl": "#m_ylw-pushpin040"}, "geometry": {"type": "Point", "coordinates": [37.487289401563, 32.3564626837187, 0.0]}}, {"type": "Feature", "properties": {"name": "Sans titre - Rep\u00e8re", "styleUrl": "#m_ylw-pushpin040"}, "geometry": {"type": "Point", "coordinates": [37.48972793992539, 32.34761144102232, 0.0]}}, {"type": "Feature", "properties": {"name": "Sans titre - Rep\u00e8re", "styleUrl": "#m_ylw-pushpin040"}, "geometry": {"type": "Point", "coordinates": [37.47941029060562, 32.34956979563992, 0.0]}}, {"type": "Feature", "properties": {"name": "Sans titre - Rep\u00e8re", "styleUrl": "#m_ylw-pushpin040"}, "geometry": {"type": "Point", "coordinates": [37.47572333272192, 32.35098479886735, 0.0]}}, {"type": "Feature", "properties": {"name": "Sans titre - Rep\u00e8re", "styleUrl": "#m_ylw-pushpin040"}, "geometry": {"type": "Point", "coordinates": [37.49766252890133, 32.34679592753875, 0.0]}}, {"type": "Feature", "properties": {"name": "Sans titre - Rep\u00e8re", "styleUrl": "#m_ylw-pushpin040"}, "geometry": {"type": "Point", "coordinates": [37.51039834363525, 32.35058241679722, 0.0]}}, {"type": "Feature", "properties": {"name": "Sans titre - Rep\u00e8re", "styleUrl": "#m_ylw-pushpin040"}, "geometry": {"type": "Point", "coordinates": [37.52214411387746, 32.34310261678595, 0.0]}}, {"type": "Feature", "properties": {"name": "Sans titre - Rep\u00e8re", "styleUrl": "#m_ylw-pushpin040"}, "geometry": {"type": "Point", "coordinates": [37.52737507459071, 32.33863252344527, 0.0]}}, {"type": "Feature", "properties": {"name": "Sans titre - Rep\u00e8re", "styleUrl": "#m_ylw-pushpin040"}, "geometry": {"type": "Point", "coordinates": [37.52257973892118, 32.3634411685585, 0.0]}}, {"type": "Feature", "properties": {"name": "Sans titre - Rep\u00e8re", "styleUrl": "#m_ylw-pushpin040"}, "geometry": {"type": "Point", "coordinates": [37.6096214026762, 32.55387993387856, 0.0]}}, {"type": "Feature", "properties": {"name": "Sans titre - Rep\u00e8re", "styleUrl": "#m_ylw-pushpin040"}, "geometry": {"type": "Point", "coordinates": [37.61787273429375, 32.55382700837497, 0.0]}}, {"type": "Feature", "properties": {"name": "Sans titre - Rep\u00e8re", "styleUrl": "#m_ylw-pushpin040"}, "geometry": {"type": "Point", "coordinates": [37.62678268260988, 32.55221645394672, 0.0]}}, {"type": "Feature", "properties": {"name": "Sans titre - Rep\u00e8re", "styleUrl": "#m_ylw-pushpin040"}, "geometry": {"type": "Point", "coordinates": [37.63482793220648, 32.55177341423983, 0.0]}}, {"type": "Feature", "properties": {"name": "Sans titre - Rep\u00e8re", "styleUrl": "#m_ylw-pushpin040"}, "geometry": {"type": "Point", "coordinates": [37.63768362324218, 32.55178103951189, 0.0]}}, {"type": "Feature", "properties": {"name": "Sans titre - Rep\u00e8re", "styleUrl": "#m_ylw-pushpin040"}, "geometry": {"type": "Point", "coordinates": [37.64623149488922, 32.56350715378847, 0.0]}}, {"type": "Feature", "properties": {"name": "Sans titre - Rep\u00e8re", "styleUrl": "#m_ylw-pushpin040"}, "geometry": {"type": "Point", "coordinates": [37.65682936509797, 32.5567198926044, 0.0]}}, {"type": "Feature", "properties": {"name": "Sans titre - Rep\u00e8re", "styleUrl": "#m_ylw-pushpin040"}, "geometry": {"type": "Point", "coordinates": [37.66059914187737, 32.55764821683336, 0.0]}}, {"type": "Feature", "properties": {"name": "Sans titre - Rep\u00e8re", "styleUrl": "#m_ylw-pushpin040"}, "geometry": {"type": "Point", "coordinates": [37.65697068734731, 32.56492434956862, 0.0]}}, {"type": "Feature", "properties": {"name": "Sans titre - Rep\u00e8re", "styleUrl": "#msn_ranger_station0"}, "geometry": {"type": "Point", "coordinates": [37.65568630323251, 32.55702093454973, 0.0]}}, {"type": "Feature", "properties": {"name": "Sans titre - Rep\u00e8re", "styleUrl": "#msn_ranger_station0"}, "geometry": {"type": "Point", "coordinates": [37.66331460462429, 32.5516978498491, 0.0]}}, {"type": "Feature", "properties": {"name": "Sans titre - Rep\u00e8re", "styleUrl": "#msn_ylw-pushpin0000"}, "geometry": {"type": "Point", "coordinates": [37.75013529774843, 32.22907178036491, 0.0]}}, {"type": "Feature", "properties": {"name": "Sans titre - Rep\u00e8re", "styleUrl": "#msn_ylw-pushpin0000"}, "geometry": {"type": "Point", "coordinates": [37.72809402837271, 32.23531323697382, 0.0]}}, {"type": "Feature", "properties": {"name": "Sans titre - Rep\u00e8re", "styleUrl": "#msn_ylw-pushpin0000"}, "geometry": {"type": "Point", "coordinates": [37.72190893889579, 32.23829100555378, 0.0]}}, {"type": "Feature", "properties": {"name": "Sans titre - Rep\u00e8re", "styleUrl": "#msn_ylw-pushpin0000"}, "geometry": {"type": "Point", "coordinates": [37.71261644960818, 32.24087937197758, 0.0]}}, {"type": "Feature", "properties": {"name": "Sans titre - Rep\u00e8re", "styleUrl": "#msn_volcano010"}, "geometry": {"type": "Point", "coordinates": [37.70821388295594, 32.24163816770761, 0.0]}}, {"type": "Feature", "properties": {"name": "Sans titre - Rep\u00e8re", "styleUrl": "#msn_ylw-pushpin1200"}, "geometry": {"type": "Point", "coordinates": [37.71548220884037, 32.24487595201946, 0.0]}}, {"type": "Feature", "properties": {"name": "Sans titre - Rep\u00e8re", "styleUrl": "#msn_ylw-pushpin1200"}, "geometry": {"type": "Point", "coordinates": [37.73052801368187, 32.2537103976343, 0.0]}}, {"type": "Feature", "properties": {"name": "Sans titre - Rep\u00e8re", "styleUrl": "#msn_ylw-pushpin1200"}, "geometry": {"type": "Point", "coordinates": [37.74326765679992, 32.25737445291223, 0.0]}}, {"type": "Feature", "properties": {"name": "Sans titre - Rep\u00e8re", "styleUrl": "#msn_ylw-pushpin1200"}, "geometry": {"type": "Point", "coordinates": [37.75197662198416, 32.26146653188692, 0.0]}}, {"type": "Feature", "properties": {"name": "Sans titre - Rep\u00e8re", "styleUrl": "#msn_ylw-pushpin1200"}, "geometry": {"type": "Point", "coordinates": [37.73529815299186, 32.22993144744564, 0.0]}}, {"type": "Feature", "properties": {"name": "Sans titre - Rep\u00e8re", "styleUrl": "#msn_ylw-pushpin1200"}, "geometry": {"type": "Point", "coordinates": [37.69092567753484, 32.27808598312204, 0.0]}}, {"type": "Feature", "properties": {"name": "Sans titre - Rep\u00e8re", "styleUrl": "#msn_ylw-pushpin1200"}, "geometry": {"type": "Point", "coordinates": [37.29809255411691, 33.79073549457765, 0.0]}}, {"type": "Feature", "properties": {"name": "Sans titre - Rep\u00e8re", "styleUrl": "#msn_ylw-pushpin1200"}, "geometry": {"type": "Point", "coordinates": [37.27837219861098, 33.85937588941668, 0.0]}}, {"type": "Feature", "properties": {"name": "Sans titre - Rep\u00e8re", "styleUrl": "#msn_ylw-pushpin1200"}, "geometry": {"type": "Point", "coordinates": [37.25828010783783, 33.83388345778561, 0.0]}}, {"type": "Feature", "properties": {"name": "Sans titre - Rep\u00e8re", "styleUrl": "#msn_ylw-pushpin1200"}, "geometry": {"type": "Point", "coordinates": [37.28802140419635, 33.06561237003451, 0.0]}}, {"type": "Feature", "properties": {"name": "Sans titre - Rep\u00e8re", "styleUrl": "#msn_ylw-pushpin1200"}, "geometry": {"type": "Point", "coordinates": [37.29941913810309, 33.07454303721924, 0.0]}}, {"type": "Feature", "properties": {"name": "Sans titre - Rep\u00e8re", "styleUrl": "#msn_ylw-pushpin1100"}, "geometry": {"type": "Point", "coordinates": [36.7121150120766, 32.04223292733885, 0.0]}}, {"type": "Feature", "properties": {"name": "Sans titre - Rep\u00e8re", "styleUrl": "#msn_ylw-pushpin1100"}, "geometry": {"type": "Point", "coordinates": [36.70920386642538, 32.07578255134035, 0.0]}}, {"type": "Feature", "properties": {"name": "Sans titre - Rep\u00e8re", "styleUrl": "#msn_info_circle100"}, "geometry": {"type": "Point", "coordinates": [36.65561954179721, 32.08194394113258, 0.0]}}, {"type": "Feature", "properties": {"name": "Sans titre - Rep\u00e8re", "styleUrl": "#msn_ylw-pushpin010"}, "geometry": {"type": "Point", "coordinates": [36.64028751692426, 32.03643958933635, 0.0]}}, {"type": "Feature", "properties": {"name": "Sans titre - Rep\u00e8re", "styleUrl": "#msn_ylw-pushpin010"}, "geometry": {"type": "Point", "coordinates": [36.62994724761037, 32.0212210020165, 0.0]}}, {"type": "Feature", "properties": {"name": "Sans titre - Rep\u00e8re", "styleUrl": "#msn_volcano000"}, "geometry": {"type": "Point", "coordinates": [36.72134030023203, 31.99081626772773, 0.0]}}, {"type": "Feature", "properties": {"name": "Sans titre - Rep\u00e8re", "styleUrl": "#msn_ylw-pushpin200"}, "geometry": {"type": "Point", "coordinates": [36.61306067910733, 32.04773799910859, 0.0]}}, {"type": "Feature", "properties": {"name": "Sans titre - Rep\u00e8re", "styleUrl": "#msn_ylw-pushpin200"}, "geometry": {"type": "Point", "coordinates": [36.88464742749112, 32.25962454137203, 0.0]}}, {"type": "Feature", "properties": {"name": "Sans titre - Rep\u00e8re", "styleUrl": "#msn_ylw-pushpin200"}, "geometry": {"type": "Point", "coordinates": [37.04413068037028, 32.33643161405979, 0.0]}}, {"type": "Feature", "properties": {"name": "Sans titre - Rep\u00e8re", "styleUrl": "#msn_ylw-pushpin200"}, "geometry": {"type": "Point", "coordinates": [36.89529126877416, 32.94049940788149, 0.0]}}, {"type": "Feature", "properties": {"name": "Sans titre - Rep\u00e8re", "styleUrl": "#msn_ylw-pushpin200"}, "geometry": {"type": "Point", "coordinates": [36.90737545256582, 32.97499820043206, 0.0]}}, {"type": "Feature", "properties": {"name": "Sans titre - Rep\u00e8re", "styleUrl": "#m_ylw-pushpin80"}, "geometry": {"type": "Point", "coordinates": [22.32631810519802, -18.98423998057418, 0.0]}}, {"type": "Feature", "properties": {"name": "Sans titre - Rep\u00e8re", "styleUrl": "#m_ylw-pushpin030"}, "geometry": {"type": "Point", "coordinates": [37.66852600474201, 32.01663381288873, 0.0]}}, {"type": "Feature", "properties": {"name": "Sans titre - Rep\u00e8re", "styleUrl": "#m_ylw-pushpin030"}, "geometry": {"type": "Point", "coordinates": [37.72201840398278, 32.04829123978642, 0.0]}}, {"type": "Feature", "properties": {"name": "Sans titre - Rep\u00e8re", "styleUrl": "#m_ylw-pushpin030"}, "geometry": {"type": "Point", "coordinates": [37.68488157320503, 32.03500596574651, 0.0]}}, {"type": "Feature", "properties": {"name": "Sans titre - Rep\u00e8re", "styleUrl": "#m_ylw-pushpin030"}, "geometry": {"type": "Point", "coordinates": [37.84941538118606, 31.93760217158444, 0.0]}}, {"type": "Feature", "properties": {"name": "Sans titre - Rep\u00e8re", "styleUrl": "#m_ylw-pushpin030"}, "geometry": {"type": "Point", "coordinates": [36.83709647969081, 32.09665953186191, 0.0]}}, {"type": "Feature", "properties": {"name": "Sans titre - Rep\u00e8re", "styleUrl": "#m_ylw-pushpin030"}, "geometry": {"type": "Point", "coordinates": [36.83408473687683, 32.11272956420063, 0.0]}}, {"type": "Feature", "properties": {"name": "Sans titre - Rep\u00e8re", "styleUrl": "#m_ylw-pushpin030"}, "geometry": {"type": "Point", "coordinates": [36.8560024987184, 32.11765243225585, 0.0]}}, {"type": "Feature", "properties": {"name": "Sans titre - Rep\u00e8re", "styleUrl": "#m_ylw-pushpin030"}, "geometry": {"type": "Point", "coordinates": [36.76640018466702, 32.14024721888109, 0.0]}}, {"type": "Feature", "properties": {"name": "Sans titre - Rep\u00e8re", "styleUrl": "#m_ylw-pushpin030"}, "geometry": {"type": "Point", "coordinates": [36.78794746000595, 32.3255708549345, 0.0]}}, {"type": "Feature", "properties": {"name": "Sans titre - Rep\u00e8re", "styleUrl": "#m_ylw-pushpin030"}, "geometry": {"type": "Point", "coordinates": [36.64867423045707, 32.43211213578895, 0.0]}}, {"type": "Feature", "properties": {"name": "Sans titre - Rep\u00e8re", "styleUrl": "#m_ylw-pushpin030"}, "geometry": {"type": "Point", "coordinates": [36.76894953227553, 33.2632198105664, 0.0]}}, {"type": "Feature", "properties": {"name": "Sans titre - Rep\u00e8re", "styleUrl": "#m_ylw-pushpin030"}, "geometry": {"type": "Point", "coordinates": [36.7921463636638, 33.27228061385198, 0.0]}}, {"type": "Feature", "properties": {"name": "Sans titre - Rep\u00e8re", "styleUrl": "#m_ylw-pushpin030"}, "geometry": {"type": "Point", "coordinates": [36.80314331271681, 33.28334325994254, 0.0]}}, {"type": "Feature", "properties": {"name": "Sans titre - Rep\u00e8re", "styleUrl": "#m_ylw-pushpin030"}, "geometry": {"type": "Point", "coordinates": [36.86178967828494, 33.31959107036644, 0.0]}}, {"type": "Feature", "properties": {"name": "Sans titre - Rep\u00e8re", "styleUrl": "#m_ylw-pushpin030"}, "geometry": {"type": "Point", "coordinates": [36.89118579088553, 33.3299170688374, 0.0]}}, {"type": "Feature", "properties": {"name": "Sans titre - Rep\u00e8re", "styleUrl": "#m_ylw-pushpin030"}, "geometry": {"type": "Point", "coordinates": [36.88715012455422, 33.40460121290667, 0.0]}}, {"type": "Feature", "properties": {"name": "Sans titre - Rep\u00e8re", "styleUrl": "#m_ylw-pushpin030"}, "geometry": {"type": "Point", "coordinates": [36.9618078867047, 33.43026826634247, 0.0]}}, {"type": "Feature", "properties": {"name": "Sans titre - Rep\u00e8re", "styleUrl": "#m_ylw-pushpin030"}, "geometry": {"type": "Point", "coordinates": [36.97466399632472, 33.45443139963841, 0.0]}}, {"type": "Feature", "properties": {"name": "Sans titre - Rep\u00e8re", "styleUrl": "#m_ylw-pushpin030"}, "geometry": {"type": "Point", "coordinates": [36.99222735249387, 33.44650058786569, 0.0]}}, {"type": "Feature", "properties": {"name": "Sans titre - Rep\u00e8re", "styleUrl": "#m_ylw-pushpin030"}, "geometry": {"type": "Point", "coordinates": [37.00646798549864, 33.4493249103666, 0.0]}}, {"type": "Feature", "properties": {"name": "Sans titre - Rep\u00e8re", "styleUrl": "#m_ylw-pushpin030"}, "geometry": {"type": "Point", "coordinates": [37.14320422589738, 33.48664421150664, 0.0]}}, {"type": "Feature", "properties": {"name": "Sans titre - Rep\u00e8re", "styleUrl": "#m_ylw-pushpin030"}, "geometry": {"type": "Point", "coordinates": [37.15960663298202, 33.4802633053355, 0.0]}}, {"type": "Feature", "properties": {"name": "Sans titre - Rep\u00e8re", "styleUrl": "#m_ylw-pushpin030"}, "geometry": {"type": "Point", "coordinates": [37.28913259443456, 33.39205031919919, 0.0]}}, {"type": "Feature", "properties": {"name": "Sans titre - Rep\u00e8re", "styleUrl": "#m_ylw-pushpin030"}, "geometry": {"type": "Point", "coordinates": [37.15524860573706, 33.18084463580148, 0.0]}}, {"type": "Feature", "properties": {"name": "Sans titre - Rep\u00e8re", "styleUrl": "#m_ylw-pushpin030"}, "geometry": {"type": "Point", "coordinates": [40.28826593246546, 26.68077577489115, 0.0]}}, {"type": "Feature", "properties": {"name": "Sans titre - Rep\u00e8re", "styleUrl": "#m_ylw-pushpin030"}, "geometry": {"type": "Point", "coordinates": [40.37608353424878, 26.74109107043014, 0.0]}}, {"type": "Feature", "properties": {"name": "Sans titre - Rep\u00e8re", "styleUrl": "#m_ylw-pushpin420"}, "geometry": {"type": "Point", "coordinates": [36.91548012162585, 32.45917166330392, 0.0]}}, {"type": "Feature", "properties": {"name": "Sans titre - Rep\u00e8re", "styleUrl": "#m_ylw-pushpin420"}, "geometry": {"type": "Point", "coordinates": [36.94869139142062, 32.43125322754477, 0.0]}}, {"type": "Feature", "properties": {"name": "Sans titre - Rep\u00e8re", "styleUrl": "#m_ylw-pushpin420"}, "geometry": {"type": "Point", "coordinates": [37.00369809892338, 32.43475423995218, 0.0]}}, {"type": "Feature", "properties": {"name": "Sans titre - Rep\u00e8re", "styleUrl": "#m_ylw-pushpin420"}, "geometry": {"type": "Point", "coordinates": [36.97378680213709, 32.48917912519733, 0.0]}}, {"type": "Feature", "properties": {"name": "Sans titre - Rep\u00e8re", "styleUrl": "#m_ylw-pushpin420"}, "geometry": {"type": "Point", "coordinates": [37.04489173433411, 32.43299361771196, 0.0]}}, {"type": "Feature", "properties": {"name": "Sans titre - Rep\u00e8re", "styleUrl": "#msn_campground0"}, "geometry": {"type": "Point", "coordinates": [37.05563001780529, 32.44255886702387, 0.0]}}, {"type": "Feature", "properties": {"name": "Sans titre - Rep\u00e8re", "styleUrl": "#msn_campground0"}, "geometry": {"type": "Point", "coordinates": [37.03179553783696, 32.44632431621091, 0.0]}}, {"type": "Feature", "properties": {"name": "Sans titre - Rep\u00e8re", "styleUrl": "#msn_campground0"}, "geometry": {"type": "Point", "coordinates": [37.03203799137619, 32.46275778561944, 0.0]}}, {"type": "Feature", "properties": {"name": "Sans titre - Rep\u00e8re", "styleUrl": "#msn_campground0"}, "geometry": {"type": "Point", "coordinates": [37.06336962543616, 32.48658191769042, 0.0]}}, {"type": "Feature", "properties": {"name": "Sans titre - Rep\u00e8re", "styleUrl": "#msn_campground0"}, "geometry": {"type": "Point", "coordinates": [37.0128727428199, 32.64113009091787, 0.0]}}, {"type": "Feature", "properties": {"name": "Sans titre - Rep\u00e8re", "styleUrl": "#msn_campground0"}, "geometry": {"type": "Point", "coordinates": [36.99626099330819, 32.6323361158363, 0.0]}}, {"type": "Feature", "properties": {"name": "Sans titre - Rep\u00e8re", "styleUrl": "#msn_campground0"}, "geometry": {"type": "Point", "coordinates": [36.86362916474649, 32.7857191089867, 0.0]}}, {"type": "Feature", "properties": {"name": "Sans titre - Rep\u00e8re", "styleUrl": "#msn_homegardenbusiness200"}, "geometry": {"type": "Point", "coordinates": [36.87547824736678, 32.77548289971533, 0.0]}}, {"type": "Feature", "properties": {"name": "Sans titre - Rep\u00e8re", "styleUrl": "#msn_homegardenbusiness200"}, "geometry": {"type": "Point", "coordinates": [36.90069579764096, 32.788851911639, 0.0]}}, {"type": "Feature", "properties": {"name": "Sans titre - Rep\u00e8re", "styleUrl": "#msn_homegardenbusiness200"}, "geometry": {"type": "Point", "coordinates": [36.91200567925614, 32.7875871102122, 0.0]}}, {"type": "Feature", "properties": {"name": "Sans titre - Rep\u00e8re", "styleUrl": "#msn_homegardenbusiness200"}, "geometry": {"type": "Point", "coordinates": [36.90726787818395, 32.80220356585754, 0.0]}}, {"type": "Feature", "properties": {"name": "Sans titre - Rep\u00e8re", "styleUrl": "#msn_homegardenbusiness200"}, "geometry": {"type": "Point", "coordinates": [36.89650767384063, 32.80198276015869, 0.0]}}, {"type": "Feature", "properties": {"name": "Sans titre - Rep\u00e8re", "styleUrl": "#msn_volcano100"}, "geometry": {"type": "Point", "coordinates": [36.90249658929605, 32.79988244873521, 0.0]}}, {"type": "Feature", "properties": {"name": "Sans titre - Rep\u00e8re", "styleUrl": "#msn_homegardenbusiness00"}, "geometry": {"type": "Point", "coordinates": [36.91224632755033, 32.81167787206617, 0.0]}}, {"type": "Feature", "properties": {"name": "Sans titre - Rep\u00e8re", "styleUrl": "#msn_homegardenbusiness00"}, "geometry": {"type": "Point", "coordinates": [36.92541939735858, 32.81799700477566, 0.0]}}, {"type": "Feature", "properties": {"name": "Sans titre - Rep\u00e8re", "styleUrl": "#msn_homegardenbusiness00"}, "geometry": {"type": "Point", "coordinates": [36.94297646518252, 32.81832362671131, 0.0]}}, {"type": "Feature", "properties": {"name": "Sans titre - Rep\u00e8re", "styleUrl": "#msn_homegardenbusiness00"}, "geometry": {"type": "Point", "coordinates": [36.95651711793953, 32.83074720337736, 0.0]}}, {"type": "Feature", "properties": {"name": "Sans titre - Rep\u00e8re", "styleUrl": "#msn_homegardenbusiness00"}, "geometry": {"type": "Point", "coordinates": [36.97777735789022, 32.84423941935228, 0.0]}}, {"type": "Feature", "properties": {"name": "Sans titre - Rep\u00e8re", "styleUrl": "#msn_homegardenbusiness00"}, "geometry": {"type": "Point", "coordinates": [36.98447732156162, 32.83612783809592, 0.0]}}, {"type": "Feature", "properties": {"name": "Sans titre - Rep\u00e8re", "styleUrl": "#msn_homegardenbusiness00"}, "geometry": {"type": "Point", "coordinates": [37.05280368524582, 32.8516748634724, 0.0]}}, {"type": "Feature", "properties": {"name": "Sans titre - Rep\u00e8re", "styleUrl": "#msn_homegardenbusiness00"}, "geometry": {"type": "Point", "coordinates": [36.99322657191181, 32.91486632289173, 0.0]}}, {"type": "Feature", "properties": {"name": "Sans titre - Rep\u00e8re", "styleUrl": "#msn_homegardenbusiness00"}, "geometry": {"type": "Point", "coordinates": [36.99303603522682, 32.93370089513932, 0.0]}}, {"type": "Feature", "properties": {"name": "Sans titre - Rep\u00e8re", "styleUrl": "#msn_homegardenbusiness00"}, "geometry": {"type": "Point", "coordinates": [37.00509797121126, 32.92743989110111, 0.0]}}, {"type": "Feature", "properties": {"name": "Sans titre - Rep\u00e8re", "styleUrl": "#msn_homegardenbusiness00"}, "geometry": {"type": "Point", "coordinates": [37.0049510168285, 32.95014712912129, 0.0]}}, {"type": "Feature", "properties": {"name": "Sans titre - Rep\u00e8re", "styleUrl": "#m_ylw-pushpin130"}, "geometry": {"type": "Point", "coordinates": [38.0022160363262, 34.30804345454153, 0.0]}}, {"type": "Feature", "properties": {"name": "Sans titre - Rep\u00e8re", "styleUrl": "#m_ylw-pushpin130"}, "geometry": {"type": "Point", "coordinates": [38.0103275886384, 34.30885254571465, 0.0]}}, {"type": "Feature", "properties": {"name": "Sans titre - Rep\u00e8re", "styleUrl": "#m_ylw-pushpin130"}, "geometry": {"type": "Point", "coordinates": [38.04211693513265, 34.36490164313573, 0.0]}}, {"type": "Feature", "properties": {"name": "Sans titre - Rep\u00e8re", "styleUrl": "#msn_homegardenbusiness40"}, "geometry": {"type": "Point", "coordinates": [38.12223446153327, 34.41233487652041, 0.0]}}, {"type": "Feature", "properties": {"name": "Sans titre - Rep\u00e8re", "styleUrl": "#msn_homegardenbusiness40"}, "geometry": {"type": "Point", "coordinates": [38.31595240480326, 34.46542089910091, 0.0]}}, {"type": "Feature", "properties": {"name": "Sans titre - Rep\u00e8re", "styleUrl": "#msn_homegardenbusiness40"}, "geometry": {"type": "Point", "coordinates": [40.08036838948841, 31.21285287394319, 0.0]}}, {"type": "Feature", "properties": {"name": "Sans titre - Rep\u00e8re", "styleUrl": "#msn_info_circle300"}, "geometry": {"type": "Point", "coordinates": [39.85761714675622, 30.23713044137371, 0.0]}}, {"type": "Feature", "properties": {"name": "Sans titre - Rep\u00e8re", "styleUrl": "#msn_homegardenbusiness40"}, "geometry": {"type": "Point", "coordinates": [39.49534191168341, 30.49367572492542, 0.0]}}, {"type": "Feature", "properties": {"name": "Sans titre - Rep\u00e8re", "styleUrl": "#msn_homegardenbusiness40"}, "geometry": {"type": "Point", "coordinates": [39.47970712408703, 30.50627889033472, 0.0]}}, {"type": "Feature", "properties": {"name": "Sans titre - Rep\u00e8re", "styleUrl": "#msn_homegardenbusiness40"}, "geometry": {"type": "Point", "coordinates": [39.48948152698411, 30.53423412098394, 0.0]}}, {"type": "Feature", "properties": {"name": "Sans titre - Rep\u00e8re", "styleUrl": "#msn_homegardenbusiness40"}, "geometry": {"type": "Point", "coordinates": [39.23865652818518, 30.86890185412641, 0.0]}}, {"type": "Feature", "properties": {"name": "Sans titre - Rep\u00e8re", "styleUrl": "#msn_homegardenbusiness40"}, "geometry": {"type": "Point", "coordinates": [39.26985517817672, 30.86553049199745, 0.0]}}, {"type": "Feature", "properties": {"name": "Sans titre - Rep\u00e8re", "styleUrl": "#msn_volcano30"}, "geometry": {"type": "Point", "coordinates": [39.26948210055166, 30.86889761916373, 0.0]}}, {"type": "Feature", "properties": {"name": "Sans titre - Rep\u00e8re", "styleUrl": "#msn_homegardenbusiness300"}, "geometry": {"type": "Point", "coordinates": [39.28276795481101, 30.87874542994421, 0.0]}}, {"type": "Feature", "properties": {"name": "Sans titre - Rep\u00e8re", "styleUrl": "#msn_homegardenbusiness300"}, "geometry": {"type": "Point", "coordinates": [39.29640395195213, 30.89280200742333, 0.0]}}, {"type": "Feature", "properties": {"name": "Sans titre - Rep\u00e8re", "styleUrl": "#msn_homegardenbusiness300"}, "geometry": {"type": "Point", "coordinates": [37.29176393094872, 33.01594418372321, 0.0]}}, {"type": "Feature", "properties": {"name": "Sans titre - Rep\u00e8re", "styleUrl": "#msn_homegardenbusiness300"}, "geometry": {"type": "Point", "coordinates": [37.29616072661469, 33.02704408289886, 0.0]}}, {"type": "Feature", "properties": {"name": "Sans titre - Rep\u00e8re", "styleUrl": "#msn_homegardenbusiness300"}, "geometry": {"type": "Point", "coordinates": [37.32302499291679, 33.05594293603328, 0.0]}}, {"type": "Feature", "properties": {"name": "Sans titre - Rep\u00e8re", "styleUrl": "#msn_homegardenbusiness300"}, "geometry": {"type": "Point", "coordinates": [37.28498670112466, 32.9843937245253, 0.0]}}, {"type": "Feature", "properties": {"name": "Sans titre - Rep\u00e8re", "styleUrl": "#msn_homegardenbusiness300"}, "geometry": {"type": "Point", "coordinates": [37.26116534181924, 32.96368790257957, 0.0]}}, {"type": "Feature", "properties": {"name": "Sans titre - Rep\u00e8re", "styleUrl": "#msn_homegardenbusiness300"}, "geometry": {"type": "Point", "coordinates": [37.23689327042337, 32.96218638796174, 0.0]}}, {"type": "Feature", "properties": {"name": "Sans titre - Rep\u00e8re", "styleUrl": "#msn_homegardenbusiness300"}, "geometry": {"type": "Point", "coordinates": [37.20131478275627, 32.94320817590503, 0.0]}}, {"type": "Feature", "properties": {"name": "Sans titre - Rep\u00e8re", "styleUrl": "#msn_homegardenbusiness300"}, "geometry": {"type": "Point", "coordinates": [37.07502716772133, 33.03535485644332, 0.0]}}, {"type": "Feature", "properties": {"name": "Sans titre - Rep\u00e8re", "styleUrl": "#msn_homegardenbusiness300"}, "geometry": {"type": "Point", "coordinates": [37.05857176243423, 33.0437491163994, 0.0]}}, {"type": "Feature", "properties": {"name": "Sans titre - Rep\u00e8re", "styleUrl": "#msn_homegardenbusiness300"}, "geometry": {"type": "Point", "coordinates": [37.04681971726922, 33.05490181618201, 0.0]}}, {"type": "Feature", "properties": {"name": "Sans titre - Rep\u00e8re", "styleUrl": "#msn_homegardenbusiness300"}, "geometry": {"type": "Point", "coordinates": [37.05875322102686, 33.06792178411054, 0.0]}}, {"type": "Feature", "properties": {"name": "Sans titre - Rep\u00e8re", "styleUrl": "#msn_homegardenbusiness300"}, "geometry": {"type": "Point", "coordinates": [37.06464336788252, 33.08213133832268, 0.0]}}, {"type": "Feature", "properties": {"name": "Sans titre - Rep\u00e8re", "styleUrl": "#msn_homegardenbusiness300"}, "geometry": {"type": "Point", "coordinates": [37.06013299875207, 33.09406786741931, 0.0]}}, {"type": "Feature", "properties": {"name": "Sans titre - Rep\u00e8re", "styleUrl": "#msn_volcano200"}, "geometry": {"type": "Point", "coordinates": [37.09668559663216, 33.09541779599278, 0.0]}}, {"type": "Feature", "properties": {"name": "Sans titre - Rep\u00e8re", "styleUrl": "#msn_volcano200"}, "geometry": {"type": "Point", "coordinates": [36.99294947187606, 33.06508683938836, 0.0]}}, {"type": "Feature", "properties": {"name": "Sans titre - Rep\u00e8re", "styleUrl": "#msn_volcano200"}, "geometry": {"type": "Point", "coordinates": [36.98117087827691, 33.06824214103379, 0.0]}}, {"type": "Feature", "properties": {"name": "Sans titre - Rep\u00e8re", "styleUrl": "#msn_electronics0"}, "geometry": {"type": "Point", "coordinates": [36.96220754637906, 33.04789242663968, 0.0]}}, {"type": "Feature", "properties": {"name": "Sans titre - Rep\u00e8re", "styleUrl": "#msn_ylw-pushpin300"}, "geometry": {"type": "Point", "coordinates": [36.9430691284815, 33.04002400081465, 0.0]}}, {"type": "Feature", "properties": {"name": "Sans titre - Rep\u00e8re", "styleUrl": "#msn_ylw-pushpin300"}, "geometry": {"type": "Point", "coordinates": [36.94457651233137, 33.0587792658885, 0.0]}}, {"type": "Feature", "properties": {"name": "Sans titre - Rep\u00e8re", "styleUrl": "#msn_caution10"}, "geometry": {"type": "Point", "coordinates": [37.00986342496985, 33.05638361739846, 0.0]}}, {"type": "Feature", "properties": {"name": "Sans titre - Rep\u00e8re", "styleUrl": "#msn_blue-pushpin0"}, "geometry": {"type": "Point", "coordinates": [36.95353748310401, 33.10840046372061, 0.0]}}, {"type": "Feature", "properties": {"name": "Sans titre - Rep\u00e8re", "styleUrl": "#msn_blue-pushpin0"}, "geometry": {"type": "Point", "coordinates": [36.94778486766224, 33.11809184238388, 0.0]}}, {"type": "Feature", "properties": {"name": "Sans titre - Rep\u00e8re", "styleUrl": "#msn_blue-pushpin0"}, "geometry": {"type": "Point", "coordinates": [36.94062496129655, 33.11631152868641, 0.0]}}, {"type": "Feature", "properties": {"name": "Sans titre - Rep\u00e8re", "styleUrl": "#msn_blue-pushpin0"}, "geometry": {"type": "Point", "coordinates": [36.94821149644934, 33.13803979755364, 0.0]}}, {"type": "Feature", "properties": {"name": "Sans titre - Rep\u00e8re", "styleUrl": "#msn_blue-pushpin0"}, "geometry": {"type": "Point", "coordinates": [36.87833319667858, 33.2083148547786, 0.0]}}, {"type": "Feature", "properties": {"name": "Sans titre - Rep\u00e8re", "styleUrl": "#msn_blue-pushpin0"}, "geometry": {"type": "Point", "coordinates": [37.38326145538004, 32.96073325355382, 0.0]}}, {"type": "Feature", "properties": {"name": "Sans titre - Rep\u00e8re", "styleUrl": "#msn_volcano110"}, "geometry": {"type": "Point", "coordinates": [37.33099755711722, 32.97413109724898, 0.0]}}, {"type": "Feature", "properties": {"name": "Sans titre - Rep\u00e8re", "styleUrl": "#msn_caution00"}, "geometry": {"type": "Point", "coordinates": [37.33718328374822, 32.96235402419419, 0.0]}}, {"type": "Feature", "properties": {"name": "Sans titre - Rep\u00e8re", "styleUrl": "#msn_caution00"}, "geometry": {"type": "Point", "coordinates": [37.33624784322707, 32.92985311450107, 0.0]}}, {"type": "Feature", "properties": {"name": "Sans titre - Rep\u00e8re", "styleUrl": "#msn_homegardenbusiness21"}, "geometry": {"type": "Point", "coordinates": [36.84255852349718, 32.91361408827253, 0.0]}}, {"type": "Feature", "properties": {"name": "Sans titre - Rep\u00e8re", "styleUrl": "#msn_homegardenbusiness21"}, "geometry": {"type": "Point", "coordinates": [36.82906445820044, 32.9122061821496, 0.0]}}, {"type": "Feature", "properties": {"name": "Sans titre - Rep\u00e8re", "styleUrl": "#msn_homegardenbusiness21"}, "geometry": {"type": "Point", "coordinates": [36.79483601507832, 32.90866424782522, 0.0]}}, {"type": "Feature", "properties": {"name": "Sans titre - Rep\u00e8re", "styleUrl": "#msn_homegardenbusiness21"}, "geometry": {"type": "Point", "coordinates": [36.8203291946627, 32.92914742758448, 0.0]}}, {"type": "Feature", "properties": {"name": "Sans titre - Rep\u00e8re", "styleUrl": "#msn_homegardenbusiness21"}, "geometry": {"type": "Point", "coordinates": [36.83406376780697, 32.93670161925824, 0.0]}}, {"type": "Feature", "properties": {"name": "Sans titre - Rep\u00e8re", "styleUrl": "#msn_homegardenbusiness21"}, "geometry": {"type": "Point", "coordinates": [36.84768983307823, 32.94286595389006, 0.0]}}, {"type": "Feature", "properties": {"name": "Sans titre - Rep\u00e8re", "styleUrl": "#msn_homegardenbusiness21"}, "geometry": {"type": "Point", "coordinates": [36.8448200275453, 32.95540986079315, 0.0]}}, {"type": "Feature", "properties": {"name": "Sans titre - Rep\u00e8re", "styleUrl": "#msn_homegardenbusiness21"}, "geometry": {"type": "Point", "coordinates": [36.59220195824209, 32.95884665843145, 0.0]}}, {"type": "Feature", "properties": {"name": "Sans titre - Rep\u00e8re", "styleUrl": "#msn_homegardenbusiness21"}, "geometry": {"type": "Point", "coordinates": [36.57205774226389, 32.96167284752789, 0.0]}}, {"type": "Feature", "properties": {"name": "Sans titre - Rep\u00e8re", "styleUrl": "#msn_homegardenbusiness21"}, "geometry": {"type": "Point", "coordinates": [36.51311789349064, 32.9755026163214, 0.0]}}, {"type": "Feature", "properties": {"name": "Sans titre - Rep\u00e8re", "styleUrl": "#msn_caution2"}, "geometry": {"type": "Point", "coordinates": [36.49610849743364, 32.97464859291794, 0.0]}}, {"type": "Feature", "properties": {"name": "Sans titre - Rep\u00e8re", "styleUrl": "#msn_homegardenbusiness100"}, "geometry": {"type": "Point", "coordinates": [36.48786463481843, 32.96813467853962, 0.0]}}, {"type": "Feature", "properties": {"name": "Sans titre - Rep\u00e8re", "styleUrl": "#msn_homegardenbusiness100"}, "geometry": {"type": "Point", "coordinates": [36.45898455098369, 32.97953725035392, 0.0]}}, {"type": "Feature", "properties": {"name": "Sans titre - Rep\u00e8re", "styleUrl": "#msn_homegardenbusiness100"}, "geometry": {"type": "Point", "coordinates": [36.48808408138714, 33.16747875576199, 0.0]}}, {"type": "Feature", "properties": {"name": "Sans titre - Rep\u00e8re", "styleUrl": "#msn_homegardenbusiness100"}, "geometry": {"type": "Point", "coordinates": [36.49110286176777, 33.16107268373401, 0.0]}}, {"type": "Feature", "properties": {"name": "Sans titre - Rep\u00e8re", "styleUrl": "#msn_homegardenbusiness100"}, "geometry": {"type": "Point", "coordinates": [36.5288510974309, 33.18355525830463, 0.0]}}, {"type": "Feature", "properties": {"name": "Sans titre - Rep\u00e8re", "styleUrl": "#msn_homegardenbusiness100"}, "geometry": {"type": "Point", "coordinates": [36.66655978864354, 33.23735504084061, 0.0]}}, {"type": "Feature", "properties": {"name": "Sans titre - Rep\u00e8re", "styleUrl": "#m_ylw-pushpin050"}, "geometry": {"type": "Point", "coordinates": [-8.238065058489857, 28.85480311230252, 0.0]}}, {"type": "Feature", "properties": {"name": "Sans titre - Rep\u00e8re", "styleUrl": "#m_ylw-pushpin050"}, "geometry": {"type": "Point", "coordinates": [-8.040441323180165, 29.13542725412296, 0.0]}}, {"type": "Feature", "properties": {"name": "Sans titre - Rep\u00e8re", "styleUrl": "#m_ylw-pushpin050"}, "geometry": {"type": "Point", "coordinates": [-7.978143228130124, 29.52186165498721, 0.0]}}, {"type": "Feature", "properties": {"name": "Sans titre - Rep\u00e8re", "styleUrl": "#m_ylw-pushpin050"}, "geometry": {"type": "Point", "coordinates": [-7.105480870046625, 29.16191415522324, 0.0]}}, {"type": "Feature", "properties": {"name": "Sans titre - Rep\u00e8re", "styleUrl": "#m_ylw-pushpin050"}, "geometry": {"type": "Point", "coordinates": [-7.103955464917725, 29.16282300236243, 0.0]}}, {"type": "Feature", "properties": {"name": "Sans titre - Rep\u00e8re", "styleUrl": "#m_ylw-pushpin050"}, "geometry": {"type": "Point", "coordinates": [-7.111824112660137, 29.15258535034251, 0.0]}}, {"type": "Feature", "properties": {"name": "Sans titre - Rep\u00e8re", "styleUrl": "#m_ylw-pushpin050"}, "geometry": {"type": "Point", "coordinates": [-7.038958943148732, 29.24036770008822, 0.0]}}, {"type": "Feature", "properties": {"name": "Sans titre - Rep\u00e8re", "styleUrl": "#m_ylw-pushpin050"}, "geometry": {"type": "Point", "coordinates": [-6.902356200721112, 29.3462093509661, 0.0]}}, {"type": "Feature", "properties": {"name": "Untitled Placemark", "styleUrl": "#msn_info_circle50"}, "geometry": {"type": "Point", "coordinates": [6.642123296328755, 17.42862364115224, 0.0]}}, {"type": "Feature", "properties": {"name": "Untitled Placemark", "styleUrl": "#m_ylw-pushpin430"}, "geometry": {"type": "Point", "coordinates": [6.783490418156397, 17.50693006001688, 0.0]}}, {"type": "Feature", "properties": {"name": "Untitled Placemark", "styleUrl": "#m_ylw-pushpin430"}, "geometry": {"type": "Point", "coordinates": [6.904525623924971, 17.36120344725334, 0.0]}}, {"type": "Feature", "properties": {"name": "Untitled Placemark", "styleUrl": "#m_ylw-pushpin111"}, "geometry": {"type": "Point", "coordinates": [40.62244962190836, 22.0969924613137, 0.0]}}, {"type": "Feature", "properties": {"name": "Untitled Placemark", "styleUrl": "#m_ylw-pushpin111"}, "geometry": {"type": "Point", "coordinates": [40.59177691199571, 22.09438486849137, 0.0]}}, {"type": "Feature", "properties": {"name": "Untitled Placemark", "styleUrl": "#m_ylw-pushpin111"}, "geometry": {"type": "Point", "coordinates": [40.55706141608537, 22.1091246920749, 0.0]}}, {"type": "Feature", "properties": {"name": "Untitled Placemark", "styleUrl": "#m_ylw-pushpin111"}, "geometry": {"type": "Point", "coordinates": [40.57207838119226, 22.12172776206357, 0.0]}}, {"type": "Feature", "properties": {"name": "Untitled Placemark", "styleUrl": "#m_ylw-pushpin111"}, "geometry": {"type": "Point", "coordinates": [40.56918489641127, 22.15089045285761, 0.0]}}, {"type": "Feature", "properties": {"name": "Untitled Placemark", "styleUrl": "#m_ylw-pushpin111"}, "geometry": {"type": "Point", "coordinates": [40.56754062634129, 22.18256087111595, 0.0]}}, {"type": "Feature", "properties": {"name": "Untitled Placemark", "styleUrl": "#m_ylw-pushpin111"}, "geometry": {"type": "Point", "coordinates": [40.57076621061499, 22.92209067639885, 0.0]}}, {"type": "Feature", "properties": {"name": "Untitled Placemark", "styleUrl": "#m_ylw-pushpin111"}, "geometry": {"type": "Point", "coordinates": [40.56635459483405, 22.93377318824451, 0.0]}}, {"type": "Feature", "properties": {"name": "Untitled Placemark", "styleUrl": "#m_ylw-pushpin111"}, "geometry": {"type": "Point", "coordinates": [40.32001391802231, 23.24509204257122, 0.0]}}, {"type": "Feature", "properties": {"name": "Untitled Placemark", "styleUrl": "#m_ylw-pushpin111"}, "geometry": {"type": "Point", "coordinates": [40.31967941202185, 23.2397964432765, 0.0]}}, {"type": "Feature", "properties": {"name": "Untitled Placemark", "styleUrl": "#m_ylw-pushpin111"}, "geometry": {"type": "Point", "coordinates": [40.21910161478624, 23.84834902905439, 0.0]}}, {"type": "Feature", "properties": {"name": "Untitled Placemark", "styleUrl": "#m_ylw-pushpin111"}, "geometry": {"type": "Point", "coordinates": [40.13634064839718, 23.99363166438313, 0.0]}}, {"type": "Feature", "properties": {"name": "Untitled Placemark", "styleUrl": "#m_ylw-pushpin111"}, "geometry": {"type": "Point", "coordinates": [40.14301413077814, 24.004803321949, 0.0]}}, {"type": "Feature", "properties": {"name": "Untitled Placemark", "styleUrl": "#m_ylw-pushpin111"}, "geometry": {"type": "Point", "coordinates": [40.11032430418592, 24.02154292193718, 0.0]}}, {"type": "Feature", "properties": {"name": "Untitled Placemark", "styleUrl": "#m_ylw-pushpin111"}, "geometry": {"type": "Point", "coordinates": [40.12690754706778, 24.0322113437248, 0.0]}}, {"type": "Feature", "properties": {"name": "Untitled Placemark", "styleUrl": "#m_ylw-pushpin111"}, "geometry": {"type": "Point", "coordinates": [39.99449123650449, 25.42026058756372, 0.0]}}, {"type": "Feature", "properties": {"name": "Sans titre - Rep\u00e8re", "styleUrl": "#msn_ylw-pushpin53"}, "geometry": {"type": "Point", "coordinates": [27.60641411759865, 40.60931514343312, 0.0]}}, {"type": "Feature", "properties": {"name": "Sans titre - Rep\u00e8re", "styleUrl": "#m_ylw-pushpin140"}, "geometry": {"type": "Point", "coordinates": [29.78193360528342, 36.15907716920778, 0.0]}}, {"type": "Feature", "properties": {"name": "Sans titre - Rep\u00e8re", "styleUrl": "#m_ylw-pushpin17"}, "geometry": {"type": "Point", "coordinates": [40.61881181630783, 21.95269740185866, 0.0]}}, {"type": "Feature", "properties": {"name": "Sans titre - Rep\u00e8re", "styleUrl": "#m_ylw-pushpin17"}, "geometry": {"type": "Point", "coordinates": [40.67703374910639, 21.85632024306185, 0.0]}}, {"type": "Feature", "properties": {"name": "Sans titre - Rep\u00e8re", "styleUrl": "#m_ylw-pushpin17"}, "geometry": {"type": "Point", "coordinates": [41.32765957479308, 21.77101813901607, 0.0]}}, {"type": "Feature", "properties": {"name": "Sans titre - Rep\u00e8re", "styleUrl": "#m_ylw-pushpin17"}, "geometry": {"type": "Point", "coordinates": [40.67180719287432, 21.84606238042476, 0.0]}}, {"type": "Feature", "properties": {"name": "Sans titre - Rep\u00e8re", "styleUrl": "#m_ylw-pushpin17"}, "geometry": {"type": "Point", "coordinates": [40.65839048236401, 21.79992552303762, 0.0]}}, {"type": "Feature", "properties": {"name": "Sans titre - Rep\u00e8re", "styleUrl": "#m_ylw-pushpin17"}, "geometry": {"type": "Point", "coordinates": [40.65471818246677, 21.77887033924054, 0.0]}}, {"type": "Feature", "properties": {"name": "Sans titre - Rep\u00e8re", "styleUrl": "#m_ylw-pushpin17"}, "geometry": {"type": "Point", "coordinates": [40.60120223121312, 21.74152138144918, 0.0]}}, {"type": "Feature", "properties": {"name": "Sans titre - Rep\u00e8re", "styleUrl": "#m_ylw-pushpin17"}, "geometry": {"type": "Point", "coordinates": [40.54250691958033, 21.6917685301275, 0.0]}}, {"type": "Feature", "properties": {"name": "Sans titre - Rep\u00e8re", "styleUrl": "#m_ylw-pushpin17"}, "geometry": {"type": "Point", "coordinates": [42.61952369015347, 21.33024931387753, 0.0]}}, {"type": "Feature", "properties": {"name": "Sans titre - Rep\u00e8re", "styleUrl": "#m_ylw-pushpin17"}, "geometry": {"type": "Point", "coordinates": [42.48564772566631, 21.25072845792468, 0.0]}}, {"type": "Feature", "properties": {"name": "Sans titre - Rep\u00e8re", "styleUrl": "#m_ylw-pushpin17"}, "geometry": {"type": "Point", "coordinates": [42.47858540429742, 21.24852023650772, 0.0]}}, {"type": "Feature", "properties": {"name": "Sans titre - Rep\u00e8re", "styleUrl": "#m_ylw-pushpin33"}, "geometry": {"type": "Point", "coordinates": [38.24976557901976, 34.62601555709628, 0.0]}}, {"type": "Feature", "properties": {"name": "Sans titre - Rep\u00e8re", "styleUrl": "#m_ylw-pushpin33"}, "geometry": {"type": "Point", "coordinates": [38.73272904679943, 34.52744131919886, 0.0]}}, {"type": "Feature", "properties": {"name": "Sans titre - Rep\u00e8re", "styleUrl": "#m_ylw-pushpin33"}, "geometry": {"type": "Point", "coordinates": [38.07065177154682, 34.37984308932429, 0.0]}}, {"type": "Feature", "properties": {"name": "Sans titre - Rep\u00e8re", "styleUrl": "#m_ylw-pushpin33"}, "geometry": {"type": "Point", "coordinates": [38.10741530919738, 34.39655846837703, 0.0]}}, {"type": "Feature", "properties": {"name": "Sans titre - Rep\u00e8re", "styleUrl": "#m_ylw-pushpin33"}, "geometry": {"type": "Point", "coordinates": [38.09769515427868, 34.42389411188086, 0.0]}}, {"type": "Feature", "properties": {"name": "Sans titre - Rep\u00e8re", "styleUrl": "#m_ylw-pushpin33"}, "geometry": {"type": "Point", "coordinates": [38.15843721953526, 34.45911793174248, 0.0]}}, {"type": "Feature", "properties": {"name": "Sans titre - Rep\u00e8re", "styleUrl": "#m_ylw-pushpin33"}, "geometry": {"type": "Point", "coordinates": [38.43068094702009, 34.80028246800014, 0.0]}}, {"type": "Feature", "properties": {"name": "Sans titre - Rep\u00e8re", "styleUrl": "#m_ylw-pushpin53"}, "geometry": {"type": "Point", "coordinates": [40.25555844747553, 26.46363434521975, 0.0]}}, {"type": "Feature", "properties": {"name": "Sans titre - Rep\u00e8re", "styleUrl": "#m_ylw-pushpin53"}, "geometry": {"type": "Point", "coordinates": [40.11825477620774, 26.55515959462385, 0.0]}}, {"type": "Feature", "properties": {"name": "Sans titre - Rep\u00e8re", "styleUrl": "#m_ylw-pushpin53"}, "geometry": {"type": "Point", "coordinates": [40.2616496840335, 26.25381465968338, 0.0]}}, {"type": "Feature", "properties": {"name": "Sans titre - Rep\u00e8re", "styleUrl": "#m_ylw-pushpin53"}, "geometry": {"type": "Point", "coordinates": [40.0741047739229, 25.30313825208026, 0.0]}}, {"type": "Feature", "properties": {"name": "Sans titre - Rep\u00e8re", "styleUrl": "#m_ylw-pushpin53"}, "geometry": {"type": "Point", "coordinates": [40.03818289224508, 25.34767165264383, 0.0]}}, {"type": "Feature", "properties": {"name": "Sans titre - Rep\u00e8re", "styleUrl": "#m_ylw-pushpin53"}, "geometry": {"type": "Point", "coordinates": [40.03792780041837, 25.38648637118235, 0.0]}}, {"type": "Feature", "properties": {"name": "Sans titre - Rep\u00e8re", "styleUrl": "#m_ylw-pushpin53"}, "geometry": {"type": "Point", "coordinates": [40.0344907313209, 25.38868675076181, 0.0]}}, {"type": "Feature", "properties": {"name": "Sans titre - Rep\u00e8re", "styleUrl": "#m_ylw-pushpin53"}, "geometry": {"type": "Point", "coordinates": [39.98929809476876, 25.4154846295909, 0.0]}}, {"type": "Feature", "properties": {"name": "Sans titre - Rep\u00e8re", "styleUrl": "#m_ylw-pushpin53"}, "geometry": {"type": "Point", "coordinates": [40.0001581706169, 25.42590708385537, 0.0]}}, {"type": "Feature", "properties": {"name": "Sans titre - Rep\u00e8re", "styleUrl": "#m_ylw-pushpin53"}, "geometry": {"type": "Point", "coordinates": [40.00238360567336, 25.43399417972736, 0.0]}}, {"type": "Feature", "properties": {"name": "Sans titre - Rep\u00e8re", "styleUrl": "#m_ylw-pushpin53"}, "geometry": {"type": "Point", "coordinates": [39.99010689494127, 25.43483192896815, 0.0]}}, {"type": "Feature", "properties": {"name": "Sans titre - Rep\u00e8re", "styleUrl": "#m_ylw-pushpin53"}, "geometry": {"type": "Point", "coordinates": [39.98591542992268, 25.43118090290223, 0.0]}}, {"type": "Feature", "properties": {"name": "Sans titre - Rep\u00e8re", "styleUrl": "#m_ylw-pushpin53"}, "geometry": {"type": "Point", "coordinates": [39.97622695186362, 25.42455208788933, 0.0]}}, {"type": "Feature", "properties": {"name": "Sans titre - Rep\u00e8re", "styleUrl": "#m_ylw-pushpin53"}, "geometry": {"type": "Point", "coordinates": [39.98377086524287, 25.45957628583085, 0.0]}}, {"type": "Feature", "properties": {"name": "Sans titre - Rep\u00e8re", "styleUrl": "#m_ylw-pushpin53"}, "geometry": {"type": "Point", "coordinates": [39.98958590532932, 25.46434227118147, 0.0]}}, {"type": "Feature", "properties": {"name": "Sans titre - Rep\u00e8re", "styleUrl": "#m_ylw-pushpin53"}, "geometry": {"type": "Point", "coordinates": [39.98872236855719, 25.46701830748674, 0.0]}}, {"type": "Feature", "properties": {"name": "Sans titre - Rep\u00e8re", "styleUrl": "#m_ylw-pushpin53"}, "geometry": {"type": "Point", "coordinates": [39.99397950458112, 25.44797680803741, 0.0]}}, {"type": "Feature", "properties": {"name": "Sans titre - Rep\u00e8re", "styleUrl": "#m_ylw-pushpin53"}, "geometry": {"type": "Point", "coordinates": [40.00200201833389, 25.44864501916573, 0.0]}}, {"type": "Feature", "properties": {"name": "Sans titre - Rep\u00e8re", "styleUrl": "#m_ylw-pushpin53"}, "geometry": {"type": "Point", "coordinates": [39.96875124923916, 25.48498770178954, 0.0]}}, {"type": "Feature", "properties": {"name": "Sans titre - Rep\u00e8re", "styleUrl": "#m_ylw-pushpin53"}, "geometry": {"type": "Point", "coordinates": [40.01879098580433, 25.47060982662334, 0.0]}}, {"type": "Feature", "properties": {"name": "Sans titre - Rep\u00e8re", "styleUrl": "#m_ylw-pushpin53"}, "geometry": {"type": "Point", "coordinates": [39.92746337549847, 25.40328349134759, 0.0]}}, {"type": "Feature", "properties": {"name": "Sans titre - Rep\u00e8re", "styleUrl": "#m_ylw-pushpin53"}, "geometry": {"type": "Point", "coordinates": [39.92370083501658, 25.41821061180171, 0.0]}}, {"type": "Feature", "properties": {"name": "Sans titre - Rep\u00e8re", "styleUrl": "#m_ylw-pushpin53"}, "geometry": {"type": "Point", "coordinates": [39.92651527811167, 25.41544044284311, 0.0]}}, {"type": "Feature", "properties": {"name": "Sans titre - Rep\u00e8re", "styleUrl": "#m_ylw-pushpin53"}, "geometry": {"type": "Point", "coordinates": [39.80084276485617, 25.47991433566495, 0.0]}}, {"type": "Feature", "properties": {"name": "Sans titre - Rep\u00e8re", "styleUrl": "#m_ylw-pushpin53"}, "geometry": {"type": "Point", "coordinates": [39.80479045684996, 25.48338226476161, 0.0]}}, {"type": "Feature", "properties": {"name": "Sans titre - Rep\u00e8re", "styleUrl": "#m_ylw-pushpin53"}, "geometry": {"type": "Point", "coordinates": [39.79172794191351, 25.47226894118124, 0.0]}}, {"type": "Feature", "properties": {"name": "Sans titre - Rep\u00e8re", "styleUrl": "#m_ylw-pushpin53"}, "geometry": {"type": "Point", "coordinates": [39.60409861949567, 25.5556501606572, 0.0]}}, {"type": "Feature", "properties": {"name": "Sans titre - Rep\u00e8re", "styleUrl": "#m_ylw-pushpin53"}, "geometry": {"type": "Point", "coordinates": [39.6008827574417, 25.55783721371214, 0.0]}}, {"type": "Feature", "properties": {"name": "Sans titre - Rep\u00e8re", "styleUrl": "#m_ylw-pushpin53"}, "geometry": {"type": "Point", "coordinates": [39.6083424657339, 25.55906815954089, 0.0]}}, {"type": "Feature", "properties": {"name": "Sans titre - Rep\u00e8re", "styleUrl": "#m_ylw-pushpin53"}, "geometry": {"type": "Point", "coordinates": [39.52795784469917, 25.56537200038745, 0.0]}}, {"type": "Feature", "properties": {"name": "Sans titre - Rep\u00e8re", "styleUrl": "#m_ylw-pushpin53"}, "geometry": {"type": "Point", "coordinates": [39.53211165266414, 25.56480641932237, 0.0]}}, {"type": "Feature", "properties": {"name": "Sans titre - Rep\u00e8re", "styleUrl": "#m_ylw-pushpin53"}, "geometry": {"type": "Point", "coordinates": [39.5200003366043, 25.55125383696287, 0.0]}}, {"type": "Feature", "properties": {"name": "Sans titre - Rep\u00e8re", "styleUrl": "#m_ylw-pushpin53"}, "geometry": {"type": "Point", "coordinates": [39.61284768167933, 25.5893378135889, 0.0]}}, {"type": "Feature", "properties": {"name": "Sans titre - Rep\u00e8re", "styleUrl": "#m_ylw-pushpin53"}, "geometry": {"type": "Point", "coordinates": [39.62201578339465, 25.54005025072275, 0.0]}}, {"type": "Feature", "properties": {"name": "Sans titre - Rep\u00e8re", "styleUrl": "#m_ylw-pushpin53"}, "geometry": {"type": "Point", "coordinates": [39.62399739089726, 25.54344535868859, 0.0]}}, {"type": "Feature", "properties": {"name": "Sans titre - Rep\u00e8re", "styleUrl": "#m_ylw-pushpin53"}, "geometry": {"type": "Point", "coordinates": [39.61351579759673, 25.53571688476302, 0.0]}}, {"type": "Feature", "properties": {"name": "Sans titre - Rep\u00e8re", "styleUrl": "#m_ylw-pushpin53"}, "geometry": {"type": "Point", "coordinates": [39.62754371763547, 25.55853114661964, 0.0]}}, {"type": "Feature", "properties": {"name": "Sans titre - Rep\u00e8re", "styleUrl": "#m_ylw-pushpin53"}, "geometry": {"type": "Point", "coordinates": [39.64255396893913, 25.58723907704643, 0.0]}}, {"type": "Feature", "properties": {"name": "Sans titre - Rep\u00e8re", "styleUrl": "#m_ylw-pushpin53"}, "geometry": {"type": "Point", "coordinates": [39.65953789169097, 25.52897665567306, 0.0]}}, {"type": "Feature", "properties": {"name": "Sans titre - Rep\u00e8re", "styleUrl": "#m_ylw-pushpin53"}, "geometry": {"type": "Point", "coordinates": [39.36356951925647, 25.48637697790907, 0.0]}}, {"type": "Feature", "properties": {"name": "Sans titre - Rep\u00e8re", "styleUrl": "#m_ylw-pushpin53"}, "geometry": {"type": "Point", "coordinates": [39.37206497328132, 25.49998525205152, 0.0]}}, {"type": "Feature", "properties": {"name": "Sans titre - Rep\u00e8re", "styleUrl": "#m_ylw-pushpin53"}, "geometry": {"type": "Point", "coordinates": [39.37531226401207, 25.50071504157289, 0.0]}}, {"type": "Feature", "properties": {"name": "Sans titre - Rep\u00e8re", "styleUrl": "#m_ylw-pushpin53"}, "geometry": {"type": "Point", "coordinates": [39.43503740417731, 25.46641572089349, 0.0]}}, {"type": "Feature", "properties": {"name": "Sans titre - Rep\u00e8re", "styleUrl": "#m_ylw-pushpin53"}, "geometry": {"type": "Point", "coordinates": [39.81597070286795, 25.59966377073037, 0.0]}}, {"type": "Feature", "properties": {"name": "Sans titre - Rep\u00e8re", "styleUrl": "#m_ylw-pushpin53"}, "geometry": {"type": "Point", "coordinates": [39.82010954183468, 25.60309792084852, 0.0]}}, {"type": "Feature", "properties": {"name": "Sans titre - Rep\u00e8re", "styleUrl": "#m_ylw-pushpin53"}, "geometry": {"type": "Point", "coordinates": [39.83415674328718, 25.60587926677551, 0.0]}}, {"type": "Feature", "properties": {"name": "Sans titre - Rep\u00e8re", "styleUrl": "#m_ylw-pushpin53"}, "geometry": {"type": "Point", "coordinates": [39.83333866164445, 25.60794812983649, 0.0]}}, {"type": "Feature", "properties": {"name": "Sans titre - Rep\u00e8re", "styleUrl": "#m_ylw-pushpin53"}, "geometry": {"type": "Point", "coordinates": [39.83770739743981, 25.61059884298595, 0.0]}}, {"type": "Feature", "properties": {"name": "Sans titre - Rep\u00e8re", "styleUrl": "#m_ylw-pushpin53"}, "geometry": {"type": "Point", "coordinates": [39.96128721868946, 25.67059776589302, 0.0]}}, {"type": "Feature", "properties": {"name": "Sans titre - Rep\u00e8re", "styleUrl": "#m_ylw-pushpin53"}, "geometry": {"type": "Point", "coordinates": [39.96692681407006, 25.67042238595021, 0.0]}}, {"type": "Feature", "properties": {"name": "Sans titre - Rep\u00e8re", "styleUrl": "#m_ylw-pushpin53"}, "geometry": {"type": "Point", "coordinates": [39.96403085165643, 25.67776646416385, 0.0]}}, {"type": "Feature", "properties": {"name": "Sans titre - Rep\u00e8re", "styleUrl": "#m_ylw-pushpin53"}, "geometry": {"type": "Point", "coordinates": [40.0126490549508, 25.6465928328082, 0.0]}}, {"type": "Feature", "properties": {"name": "Sans titre - Rep\u00e8re", "styleUrl": "#m_ylw-pushpin002"}, "geometry": {"type": "Point", "coordinates": [39.99623571684621, 25.82774856796702, 0.0]}}, {"type": "Feature", "properties": {"name": "Sans titre - Rep\u00e8re", "styleUrl": "#m_ylw-pushpin002"}, "geometry": {"type": "Point", "coordinates": [39.98867888529312, 25.83043383500168, 0.0]}}, {"type": "Feature", "properties": {"name": "Sans titre - Rep\u00e8re", "styleUrl": "#m_ylw-pushpin002"}, "geometry": {"type": "Point", "coordinates": [40.00860173047058, 25.83200435241471, 0.0]}}, {"type": "Feature", "properties": {"name": "Sans titre - Rep\u00e8re", "styleUrl": "#m_ylw-pushpin002"}, "geometry": {"type": "Point", "coordinates": [40.01908134855186, 25.83493045725318, 0.0]}}, {"type": "Feature", "properties": {"name": "Sans titre - Rep\u00e8re", "styleUrl": "#m_ylw-pushpin002"}, "geometry": {"type": "Point", "coordinates": [40.02727853879846, 25.8378329290077, 0.0]}}, {"type": "Feature", "properties": {"name": "Sans titre - Rep\u00e8re", "styleUrl": "#m_ylw-pushpin002"}, "geometry": {"type": "Point", "coordinates": [40.03143778471375, 25.84662028878479, 0.0]}}, {"type": "Feature", "properties": {"name": "Sans titre - Rep\u00e8re", "styleUrl": "#m_ylw-pushpin002"}, "geometry": {"type": "Point", "coordinates": [40.03244317830038, 25.8764386963473, 0.0]}}, {"type": "Feature", "properties": {"name": "Sans titre - Rep\u00e8re", "styleUrl": "#m_ylw-pushpin002"}, "geometry": {"type": "Point", "coordinates": [39.97103415698539, 25.86578795560365, 0.0]}}, {"type": "Feature", "properties": {"name": "Sans titre - Rep\u00e8re", "styleUrl": "#m_ylw-pushpin002"}, "geometry": {"type": "Point", "coordinates": [39.96953397837795, 25.87566159299204, 0.0]}}, {"type": "Feature", "properties": {"name": "Sans titre - Rep\u00e8re", "styleUrl": "#m_ylw-pushpin002"}, "geometry": {"type": "Point", "coordinates": [39.9783648578878, 25.87408234518943, 0.0]}}, {"type": "Feature", "properties": {"name": "Sans titre - Rep\u00e8re", "styleUrl": "#m_ylw-pushpin002"}, "geometry": {"type": "Point", "coordinates": [39.97467234523677, 25.8815263476454, 0.0]}}, {"type": "Feature", "properties": {"name": "Sans titre - Rep\u00e8re", "styleUrl": "#m_ylw-pushpin002"}, "geometry": {"type": "Point", "coordinates": [39.98809104119548, 25.87976714123892, 0.0]}}, {"type": "Feature", "properties": {"name": "Sans titre - Rep\u00e8re", "styleUrl": "#m_ylw-pushpin002"}, "geometry": {"type": "Point", "coordinates": [39.99319442236456, 25.87019437834137, 0.0]}}, {"type": "Feature", "properties": {"name": "Sans titre - Rep\u00e8re", "styleUrl": "#m_ylw-pushpin002"}, "geometry": {"type": "Point", "coordinates": [39.97122918239365, 25.85289085591467, 0.0]}}, {"type": "Feature", "properties": {"name": "Sans titre - Rep\u00e8re", "styleUrl": "#m_ylw-pushpin002"}, "geometry": {"type": "Point", "coordinates": [39.97357316203903, 25.84688954246035, 0.0]}}, {"type": "Feature", "properties": {"name": "Sans titre - Rep\u00e8re", "styleUrl": "#m_ylw-pushpin002"}, "geometry": {"type": "Point", "coordinates": [39.98922162867987, 25.90669313303591, 0.0]}}, {"type": "Feature", "properties": {"name": "Sans titre - Rep\u00e8re", "styleUrl": "#m_ylw-pushpin002"}, "geometry": {"type": "Point", "coordinates": [43.12384414991229, 18.4303563456378, 0.0]}}, {"type": "Feature", "properties": {"name": "Sans titre - Rep\u00e8re", "styleUrl": "#m_ylw-pushpin002"}, "geometry": {"type": "Point", "coordinates": [43.12677533604994, 18.42869231176144, 0.0]}}, {"type": "Feature", "properties": {"name": "Sans titre - Rep\u00e8re", "styleUrl": "#m_ylw-pushpin002"}, "geometry": {"type": "Point", "coordinates": [43.1296385300933, 18.4190289658603, 0.0]}}, {"type": "Feature", "properties": {"name": "Sans titre - Rep\u00e8re", "styleUrl": "#m_ylw-pushpin002"}, "geometry": {"type": "Point", "coordinates": [43.13768073760988, 18.40810816116684, 0.0]}}, {"type": "Feature", "properties": {"name": "Sans titre - Rep\u00e8re", "styleUrl": "#m_ylw-pushpin002"}, "geometry": {"type": "Point", "coordinates": [43.1406654156806, 18.40703169669329, 0.0]}}, {"type": "Feature", "properties": {"name": "Sans titre - Rep\u00e8re", "styleUrl": "#m_ylw-pushpin002"}, "geometry": {"type": "Point", "coordinates": [43.13411634255194, 18.39657234464369, 0.0]}}, {"type": "Feature", "properties": {"name": "Sans titre - Rep\u00e8re", "styleUrl": "#m_ylw-pushpin002"}, "geometry": {"type": "Point", "coordinates": [37.36217789953221, 27.36721977395402, 0.0]}}, {"type": "Feature", "properties": {"name": "Sans titre - Rep\u00e8re", "styleUrl": "#m_ylw-pushpin002"}, "geometry": {"type": "Point", "coordinates": [37.36389177348853, 27.36876172710283, 0.0]}}, {"type": "Feature", "properties": {"name": "Sans titre - Rep\u00e8re", "styleUrl": "#m_ylw-pushpin002"}, "geometry": {"type": "Point", "coordinates": [39.8275480206765, 25.28881884320613, 0.0]}}, {"type": "Feature", "properties": {"name": "Sans titre - Rep\u00e8re", "styleUrl": "#m_ylw-pushpin002"}, "geometry": {"type": "Point", "coordinates": [39.81989304091719, 25.31967549954019, 0.0]}}, {"type": "Feature", "properties": {"name": "Sans titre - Rep\u00e8re", "styleUrl": "#m_ylw-pushpin002"}, "geometry": {"type": "Point", "coordinates": [39.82423386005295, 25.32610470194509, 0.0]}}, {"type": "Feature", "properties": {"name": "Sans titre - Rep\u00e8re", "styleUrl": "#m_ylw-pushpin002"}, "geometry": {"type": "Point", "coordinates": [39.84142611766103, 25.33879662207612, 0.0]}}, {"type": "Feature", "properties": {"name": "Sans titre - Rep\u00e8re", "styleUrl": "#m_ylw-pushpin002"}, "geometry": {"type": "Point", "coordinates": [39.8135628552677, 25.34941886059994, 0.0]}}, {"type": "Feature", "properties": {"name": "Sans titre - Rep\u00e8re", "styleUrl": "#msn_arrow30"}, "geometry": {"type": "Point", "coordinates": [39.81441486083041, 25.35045255200075, 0.0]}}, {"type": "Feature", "properties": {"name": "Sans titre - Rep\u00e8re", "styleUrl": "#m_ylw-pushpin002"}, "geometry": {"type": "Point", "coordinates": [39.80001056946301, 25.36338086519137, 0.0]}}, {"type": "Feature", "properties": {"name": "Sans titre - Rep\u00e8re", "styleUrl": "#m_ylw-pushpin002"}, "geometry": {"type": "Point", "coordinates": [39.79610254954196, 25.36599333271712, 0.0]}}, {"type": "Feature", "properties": {"name": "Sans titre - Rep\u00e8re", "styleUrl": "#m_ylw-pushpin002"}, "geometry": {"type": "Point", "coordinates": [39.81595405953941, 25.36463443083492, 0.0]}}, {"type": "Feature", "properties": {"name": "Sans titre - Rep\u00e8re", "styleUrl": "#m_ylw-pushpin002"}, "geometry": {"type": "Point", "coordinates": [39.81769481433526, 25.36649592058289, 0.0]}}, {"type": "Feature", "properties": {"name": "Sans titre - Rep\u00e8re", "styleUrl": "#msn_arrow30"}, "geometry": {"type": "Point", "coordinates": [39.81892562480197, 25.37040770744956, 0.0]}}, {"type": "Feature", "properties": {"name": "Sans titre - Rep\u00e8re", "styleUrl": "#msn_arrow30"}, "geometry": {"type": "Point", "coordinates": [39.81473577468761, 25.35706488017672, 0.0]}}, {"type": "Feature", "properties": {"name": "Sans titre - Rep\u00e8re", "styleUrl": "#m_ylw-pushpin002"}, "geometry": {"type": "Point", "coordinates": [39.82431906474713, 25.38143279902792, 0.0]}}, {"type": "Feature", "properties": {"name": "Sans titre - Rep\u00e8re", "styleUrl": "#msn_arrow10"}, "geometry": {"type": "Point", "coordinates": [39.82456443728048, 25.38707373900433, 0.0]}}, {"type": "Feature", "properties": {"name": "Sans titre - Rep\u00e8re", "styleUrl": "#m_ylw-pushpin002"}, "geometry": {"type": "Point", "coordinates": [39.8226468732482, 25.39126738096568, 0.0]}}, {"type": "Feature", "properties": {"name": "Sans titre - Rep\u00e8re", "styleUrl": "#msn_arrow10"}, "geometry": {"type": "Point", "coordinates": [39.82355637665651, 25.39363683104585, 0.0]}}, {"type": "Feature", "properties": {"name": "Sans titre - Rep\u00e8re", "styleUrl": "#m_ylw-pushpin002"}, "geometry": {"type": "Point", "coordinates": [39.8228276579082, 25.39832176810823, 0.0]}}, {"type": "Feature", "properties": {"name": "Sans titre - Rep\u00e8re", "styleUrl": "#m_ylw-pushpin002"}, "geometry": {"type": "Point", "coordinates": [39.84190083582289, 25.40293588847367, 0.0]}}, {"type": "Feature", "properties": {"name": "Sans titre - Rep\u00e8re", "styleUrl": "#m_ylw-pushpin002"}, "geometry": {"type": "Point", "coordinates": [39.82871585539729, 25.40511569105971, 0.0]}}, {"type": "Feature", "properties": {"name": "Sans titre - Rep\u00e8re", "styleUrl": "#m_ylw-pushpin002"}, "geometry": {"type": "Point", "coordinates": [39.83349004456789, 25.42520519448026, 0.0]}}, {"type": "Feature", "properties": {"name": "Sans titre - Rep\u00e8re", "styleUrl": "#m_ylw-pushpin002"}, "geometry": {"type": "Point", "coordinates": [39.83565082560976, 25.43701363067461, 0.0]}}, {"type": "Feature", "properties": {"name": "Sans titre - Rep\u00e8re", "styleUrl": "#m_ylw-pushpin002"}, "geometry": {"type": "Point", "coordinates": [39.85891556460724, 25.3591781164105, 0.0]}}, {"type": "Feature", "properties": {"name": "Sans titre - Rep\u00e8re", "styleUrl": "#msn_arrow20"}, "geometry": {"type": "Point", "coordinates": [39.82944005169075, 25.44639668758485, 0.0]}}, {"type": "Feature", "properties": {"name": "Sans titre - Rep\u00e8re", "styleUrl": "#m_ylw-pushpin002"}, "geometry": {"type": "Point", "coordinates": [39.83093865574174, 25.44593221226074, 0.0]}}, {"type": "Feature", "properties": {"name": "Sans titre - Rep\u00e8re", "styleUrl": "#m_ylw-pushpin002"}, "geometry": {"type": "Point", "coordinates": [39.86785989368676, 25.42643706954747, 0.0]}}, {"type": "Feature", "properties": {"name": "Sans titre - Rep\u00e8re", "styleUrl": "#m_ylw-pushpin002"}, "geometry": {"type": "Point", "coordinates": [39.84327311454847, 25.311695397898, 0.0]}}, {"type": "Feature", "properties": {"name": "Sans titre - Rep\u00e8re", "styleUrl": "#m_ylw-pushpin002"}, "geometry": {"type": "Point", "coordinates": [39.79175306487416, 25.29736447864946, 0.0]}}, {"type": "Feature", "properties": {"name": "Sans titre - Rep\u00e8re", "styleUrl": "#m_ylw-pushpin002"}, "geometry": {"type": "Point", "coordinates": [39.8018611594573, 25.30355392231475, 0.0]}}, {"type": "Feature", "properties": {"name": "Sans titre - Rep\u00e8re", "styleUrl": "#msn_arrow30"}, "geometry": {"type": "Point", "coordinates": [39.80268027705383, 25.32278239060031, 0.0]}}, {"type": "Feature", "properties": {"name": "Sans titre - Rep\u00e8re", "styleUrl": "#m_ylw-pushpin002"}, "geometry": {"type": "Point", "coordinates": [39.80746103709957, 25.32031454899592, 0.0]}}, {"type": "Feature", "properties": {"name": "Sans titre - Rep\u00e8re", "styleUrl": "#msn_ylw-pushpin020"}, "geometry": {"type": "Point", "coordinates": [39.83455231448186, 25.41041242328492, 0.0]}}, {"type": "Feature", "properties": {"name": "Sans titre - Rep\u00e8re", "styleUrl": "#msn_ylw-pushpin40"}, "geometry": {"type": "Point", "coordinates": [39.77526178286553, 25.30544753362034, 0.0]}}, {"type": "Feature", "properties": {"name": "Sans titre - Rep\u00e8re", "styleUrl": "#msn_ylw-pushpin40"}, "geometry": {"type": "Point", "coordinates": [39.78311724329715, 25.33409608134217, 0.0]}}, {"type": "Feature", "properties": {"name": "Sans titre - Rep\u00e8re", "styleUrl": "#msn_ylw-pushpin40"}, "geometry": {"type": "Point", "coordinates": [39.77813479920576, 25.33603361129247, 0.0]}}, {"type": "Feature", "properties": {"name": "Sans titre - Rep\u00e8re", "styleUrl": "#msn_ylw-pushpin40"}, "geometry": {"type": "Point", "coordinates": [39.75321879398125, 25.35505830732095, 0.0]}}, {"type": "Feature", "properties": {"name": "Sans titre - Rep\u00e8re", "styleUrl": "#msn_ylw-pushpin40"}, "geometry": {"type": "Point", "coordinates": [39.71533192099464, 25.3551501859387, 0.0]}}, {"type": "Feature", "properties": {"name": "Sans titre - Rep\u00e8re", "styleUrl": "#msn_arrow00"}, "geometry": {"type": "Point", "coordinates": [39.84296913746186, 25.47008060817884, 0.0]}}, {"type": "Feature", "properties": {"name": "Sans titre - Rep\u00e8re", "styleUrl": "#msn_ylw-pushpin500"}, "geometry": {"type": "Point", "coordinates": [39.83781360646651, 25.47365354229684, 0.0]}}, {"type": "Feature", "properties": {"name": "Sans titre - Rep\u00e8re", "styleUrl": "#msn_ylw-pushpin500"}, "geometry": {"type": "Point", "coordinates": [39.90594677632963, 25.430504152176, 0.0]}}, {"type": "Feature", "properties": {"name": "Sans titre - Rep\u00e8re", "styleUrl": "#msn_ylw-pushpin500"}, "geometry": {"type": "Point", "coordinates": [39.91904245698685, 25.42728138423917, 0.0]}}, {"type": "Feature", "properties": {"name": "Sans titre - Rep\u00e8re", "styleUrl": "#msn_ylw-pushpin500"}, "geometry": {"type": "Point", "coordinates": [39.66652908676089, 25.90478458889553, 0.0]}}, {"type": "Feature", "properties": {"name": "Sans titre - Rep\u00e8re", "styleUrl": "#msn_ylw-pushpin500"}, "geometry": {"type": "Point", "coordinates": [39.80042777161515, 25.84912260071499, 0.0]}}, {"type": "Feature", "properties": {"name": "Sans titre - Rep\u00e8re", "styleUrl": "#msn_ylw-pushpin500"}, "geometry": {"type": "Point", "coordinates": [39.80312831729609, 25.82888866786968, 0.0]}}, {"type": "Feature", "properties": {"name": "Sans titre - Rep\u00e8re", "styleUrl": "#msn_ylw-pushpin500"}, "geometry": {"type": "Point", "coordinates": [39.80859254189387, 25.81654343702126, 0.0]}}, {"type": "Feature", "properties": {"name": "Sans titre - Rep\u00e8re", "styleUrl": "#msn_ylw-pushpin500"}, "geometry": {"type": "Point", "coordinates": [39.80182579227319, 25.81279838661879, 0.0]}}, {"type": "Feature", "properties": {"name": "Sans titre - Rep\u00e8re", "styleUrl": "#msn_ylw-pushpin500"}, "geometry": {"type": "Point", "coordinates": [39.88994903926078, 25.83388913562498, 0.0]}}, {"type": "Feature", "properties": {"name": "Sans titre - Rep\u00e8re", "styleUrl": "#msn_ylw-pushpin500"}, "geometry": {"type": "Point", "coordinates": [40.0411666549391, 26.04769135495926, 0.0]}}, {"type": "Feature", "properties": {"name": "Sans titre - Rep\u00e8re", "styleUrl": "#msn_ylw-pushpin500"}, "geometry": {"type": "Point", "coordinates": [40.19649195524816, 23.82324508331975, 0.0]}}, {"type": "Feature", "properties": {"name": "Sans titre - Rep\u00e8re", "styleUrl": "#m_ylw-pushpin440"}, "geometry": {"type": "Point", "coordinates": [40.25947176047097, 25.36279822265146, 0.0]}}, {"type": "Feature", "properties": {"name": "Sans titre - Rep\u00e8re", "styleUrl": "#m_ylw-pushpin440"}, "geometry": {"type": "Point", "coordinates": [40.27250510074583, 25.37220090668172, 0.0]}}, {"type": "Feature", "properties": {"name": "Sans titre - Rep\u00e8re", "styleUrl": "#m_ylw-pushpin440"}, "geometry": {"type": "Point", "coordinates": [40.26903550481926, 25.37361729354654, 0.0]}}, {"type": "Feature", "properties": {"name": "Sans titre - Rep\u00e8re", "styleUrl": "#m_ylw-pushpin440"}, "geometry": {"type": "Point", "coordinates": [40.29633010336404, 25.37339374961028, 0.0]}}, {"type": "Feature", "properties": {"name": "Sans titre - Rep\u00e8re", "styleUrl": "#m_ylw-pushpin440"}, "geometry": {"type": "Point", "coordinates": [40.29809370513676, 25.36572633148711, 0.0]}}, {"type": "Feature", "properties": {"name": "Sans titre - Rep\u00e8re", "styleUrl": "#m_ylw-pushpin440"}, "geometry": {"type": "Point", "coordinates": [40.29673710041411, 25.36143416193995, 0.0]}}, {"type": "Feature", "properties": {"name": "Sans titre - Rep\u00e8re", "styleUrl": "#m_ylw-pushpin440"}, "geometry": {"type": "Point", "coordinates": [40.31233134461017, 25.3546784315957, 0.0]}}, {"type": "Feature", "properties": {"name": "Sans titre - Rep\u00e8re", "styleUrl": "#msn_arrow50"}, "geometry": {"type": "Point", "coordinates": [40.37847531856566, 25.39788689295063, 0.0]}}, {"type": "Feature", "properties": {"name": "Sans titre - Rep\u00e8re", "styleUrl": "#msn_ylw-pushpin00100"}, "geometry": {"type": "Point", "coordinates": [40.38239437581649, 25.39925289277812, 0.0]}}, {"type": "Feature", "properties": {"name": "Sans titre - Rep\u00e8re", "styleUrl": "#msn_ylw-pushpin00100"}, "geometry": {"type": "Point", "coordinates": [40.37995548055752, 25.40248826806705, 0.0]}}, {"type": "Feature", "properties": {"name": "Sans titre - Rep\u00e8re", "styleUrl": "#msn_ylw-pushpin00100"}, "geometry": {"type": "Point", "coordinates": [40.40495631259049, 25.40200367223792, 0.0]}}, {"type": "Feature", "properties": {"name": "Sans titre - Rep\u00e8re", "styleUrl": "#msn_donut2"}, "geometry": {"type": "Point", "coordinates": [40.38153590327839, 25.41977791891673, 0.0]}}, {"type": "Feature", "properties": {"name": "Sans titre - Rep\u00e8re", "styleUrl": "#msn_ylw-pushpin140"}, "geometry": {"type": "Point", "coordinates": [40.37875336490526, 25.42391297809761, 0.0]}}, {"type": "Feature", "properties": {"name": "Sans titre - Rep\u00e8re", "styleUrl": "#msn_ylw-pushpin140"}, "geometry": {"type": "Point", "coordinates": [40.38818169067149, 25.43854539730612, 0.0]}}, {"type": "Feature", "properties": {"name": "Sans titre - Rep\u00e8re", "styleUrl": "#msn_ylw-pushpin140"}, "geometry": {"type": "Point", "coordinates": [40.4047584374451, 25.48186003045515, 0.0]}}, {"type": "Feature", "properties": {"name": "Sans titre - Rep\u00e8re", "styleUrl": "#msn_ylw-pushpin140"}, "geometry": {"type": "Point", "coordinates": [40.24122524496024, 25.92441727664053, 0.0]}}, {"type": "Feature", "properties": {"name": "Sans titre - Rep\u00e8re", "styleUrl": "#msn_ylw-pushpin140"}, "geometry": {"type": "Point", "coordinates": [40.23483986784009, 25.96985984634607, 0.0]}}, {"type": "Feature", "properties": {"name": "Sans titre - Rep\u00e8re", "styleUrl": "#msn_ylw-pushpin140"}, "geometry": {"type": "Point", "coordinates": [40.22541729216606, 25.94857188915536, 0.0]}}, {"type": "Feature", "properties": {"name": "Sans titre - Rep\u00e8re", "styleUrl": "#msn_triangle10"}, "geometry": {"type": "Point", "coordinates": [40.03560997816483, 26.12716853614447, 0.0]}}, {"type": "Feature", "properties": {"name": "Sans titre - Rep\u00e8re", "styleUrl": "#msn_target700"}, "geometry": {"type": "Point", "coordinates": [40.03217551134431, 26.12357661460734, 0.0]}}, {"type": "Feature", "properties": {"name": "Sans titre - Rep\u00e8re", "styleUrl": "#msn_ylw-pushpin800"}, "geometry": {"type": "Point", "coordinates": [40.03622069786408, 26.13324917126877, 0.0]}}, {"type": "Feature", "properties": {"name": "Sans titre - Rep\u00e8re", "styleUrl": "#msn_target110"}, "geometry": {"type": "Point", "coordinates": [39.95693871774862, 26.1307187704492, 0.0]}}, {"type": "Feature", "properties": {"name": "Sans titre - Rep\u00e8re", "styleUrl": "#msn_target110"}, "geometry": {"type": "Point", "coordinates": [39.98483919147483, 26.13632048384065, 0.0]}}, {"type": "Feature", "properties": {"name": "Sans titre - Rep\u00e8re", "styleUrl": "#msn_square01"}, "geometry": {"type": "Point", "coordinates": [39.9823241936633, 26.13671765350783, 0.0]}}, {"type": "Feature", "properties": {"name": "Sans titre - Rep\u00e8re", "styleUrl": "#msn_target300"}, "geometry": {"type": "Point", "coordinates": [39.98669454450725, 26.13247994995692, 0.0]}}, {"type": "Feature", "properties": {"name": "Sans titre - Rep\u00e8re", "styleUrl": "#msn_target300"}, "geometry": {"type": "Point", "coordinates": [39.99901102522487, 26.13600385973319, 0.0]}}, {"type": "Feature", "properties": {"name": "Sans titre - Rep\u00e8re", "styleUrl": "#msn_square100"}, "geometry": {"type": "Point", "coordinates": [39.93935560054651, 26.14191251062143, 0.0]}}, {"type": "Feature", "properties": {"name": "Sans titre - Rep\u00e8re", "styleUrl": "#msn_target200"}, "geometry": {"type": "Point", "coordinates": [39.91472154970234, 26.12893367082034, 0.0]}}, {"type": "Feature", "properties": {"name": "Sans titre - Rep\u00e8re", "styleUrl": "#msn_target200"}, "geometry": {"type": "Point", "coordinates": [40.09087100521315, 26.23827603947981, 0.0]}}, {"type": "Feature", "properties": {"name": "Sans titre - Rep\u00e8re", "styleUrl": "#msn_target200"}, "geometry": {"type": "Point", "coordinates": [40.08892727212226, 26.21961594174013, 0.0]}}, {"type": "Feature", "properties": {"name": "Sans titre - Rep\u00e8re", "styleUrl": "#msn_target200"}, "geometry": {"type": "Point", "coordinates": [40.16681556628955, 26.24415914895985, 0.0]}}, {"type": "Feature", "properties": {"name": "Sans titre - Rep\u00e8re", "styleUrl": "#msn_target200"}, "geometry": {"type": "Point", "coordinates": [40.30670494717546, 26.20122757979814, 0.0]}}, {"type": "Feature", "properties": {"name": "Sans titre - Rep\u00e8re", "styleUrl": "#msn_ylw-pushpin90"}, "geometry": {"type": "Point", "coordinates": [40.34086406735897, 26.17509946032744, 0.0]}}, {"type": "Feature", "properties": {"name": "Sans titre - Rep\u00e8re", "styleUrl": "#msn_ylw-pushpin90"}, "geometry": {"type": "Point", "coordinates": [40.36243296860944, 26.16852426323269, 0.0]}}, {"type": "Feature", "properties": {"name": "Sans titre - Rep\u00e8re", "styleUrl": "#msn_ylw-pushpin90"}, "geometry": {"type": "Point", "coordinates": [40.37454875494086, 26.17509213288659, 0.0]}}, {"type": "Feature", "properties": {"name": "Sans titre - Rep\u00e8re", "styleUrl": "#msn_target000"}, "geometry": {"type": "Point", "coordinates": [40.29731627190034, 26.22342213674209, 0.0]}}, {"type": "Feature", "properties": {"name": "Sans titre - Rep\u00e8re", "styleUrl": "#msn_square000"}, "geometry": {"type": "Point", "coordinates": [40.29995851239333, 26.22235377219893, 0.0]}}, {"type": "Feature", "properties": {"name": "Sans titre - Rep\u00e8re", "styleUrl": "#msn_ylw-pushpin700"}, "geometry": {"type": "Point", "coordinates": [40.29347657004101, 26.23556474011552, 0.0]}}, {"type": "Feature", "properties": {"name": "Sans titre - Rep\u00e8re", "styleUrl": "#msn_ylw-pushpin700"}, "geometry": {"type": "Point", "coordinates": [40.02996452122787, 26.39260583929744, 0.0]}}, {"type": "Feature", "properties": {"name": "Sans titre - Rep\u00e8re", "styleUrl": "#msn_ylw-pushpin700"}, "geometry": {"type": "Point", "coordinates": [40.03634784378267, 26.39202622325291, 0.0]}}, {"type": "Feature", "properties": {"name": "Sans titre - Rep\u00e8re", "styleUrl": "#msn_ylw-pushpin700"}, "geometry": {"type": "Point", "coordinates": [40.04343933676583, 26.39706717541148, 0.0]}}, {"type": "Feature", "properties": {"name": "Sans titre - Rep\u00e8re", "styleUrl": "#msn_target50"}, "geometry": {"type": "Point", "coordinates": [39.86260766578784, 26.12532109627445, 0.0]}}, {"type": "Feature", "properties": {"name": "Sans titre - Rep\u00e8re", "styleUrl": "#msn_arrow40"}, "geometry": {"type": "Point", "coordinates": [39.86057806825966, 26.12531251977951, 0.0]}}, {"type": "Feature", "properties": {"name": "Sans titre - Rep\u00e8re", "styleUrl": "#msn_triangle20"}, "geometry": {"type": "Point", "coordinates": [39.86324098028832, 26.12357474215707, 0.0]}}, {"type": "Feature", "properties": {"name": "Sans titre - Rep\u00e8re", "styleUrl": "#msn_target90"}, "geometry": {"type": "Point", "coordinates": [39.86571035109668, 26.12497705010833, 0.0]}}, {"type": "Feature", "properties": {"name": "Sans titre - Rep\u00e8re", "styleUrl": "#msn_target90"}, "geometry": {"type": "Point", "coordinates": [39.85753426866665, 26.12367737005784, 0.0]}}, {"type": "Feature", "properties": {"name": "Sans titre - Rep\u00e8re", "styleUrl": "#msn_triangle00"}, "geometry": {"type": "Point", "coordinates": [39.84856582131472, 26.12708259542396, 0.0]}}, {"type": "Feature", "properties": {"name": "Sans titre - Rep\u00e8re", "styleUrl": "#msn_target80"}, "geometry": {"type": "Point", "coordinates": [39.84209415046907, 26.12690951520414, 0.0]}}, {"type": "Feature", "properties": {"name": "Sans titre - Rep\u00e8re", "styleUrl": "#msn_target80"}, "geometry": {"type": "Point", "coordinates": [39.84366938430064, 26.12303441691128, 0.0]}}, {"type": "Feature", "properties": {"name": "Sans titre - Rep\u00e8re", "styleUrl": "#msn_ylw-pushpin510"}, "geometry": {"type": "Point", "coordinates": [39.8494466207578, 26.1175668622515, 0.0]}}, {"type": "Feature", "properties": {"name": "Sans titre - Rep\u00e8re", "styleUrl": "#msn_ylw-pushpin510"}, "geometry": {"type": "Point", "coordinates": [39.86734604417079, 26.11063606453296, 0.0]}}, {"type": "Feature", "properties": {"name": "Sans titre - Rep\u00e8re", "styleUrl": "#msn_target600"}, "geometry": {"type": "Point", "coordinates": [39.8348187527678, 26.11581896493199, 0.0]}}, {"type": "Feature", "properties": {"name": "Sans titre - Rep\u00e8re", "styleUrl": "#msn_target600"}, "geometry": {"type": "Point", "coordinates": [39.84159807877524, 26.1129154228254, 0.0]}}, {"type": "Feature", "properties": {"name": "Sans titre - Rep\u00e8re", "styleUrl": "#msn_target600"}, "geometry": {"type": "Point", "coordinates": [39.62446748991417, 26.18337079661523, 0.0]}}, {"type": "Feature", "properties": {"name": "Sans titre - Rep\u00e8re", "styleUrl": "#msn_volcano12"}, "geometry": {"type": "Point", "coordinates": [39.11404548121566, 30.48351985180231, 0.0]}}, {"type": "Feature", "properties": {"name": "Sans titre - Rep\u00e8re", "styleUrl": "#msn_ylw-pushpin60"}, "geometry": {"type": "Point", "coordinates": [39.15210292899203, 30.49904754180045, 0.0]}}, {"type": "Feature", "properties": {"name": "Sans titre - Rep\u00e8re", "styleUrl": "#msn_ylw-pushpin60"}, "geometry": {"type": "Point", "coordinates": [39.15389908547768, 30.51279838652327, 0.0]}}, {"type": "Feature", "properties": {"name": "Sans titre - Rep\u00e8re", "styleUrl": "#msn_ylw-pushpin60"}, "geometry": {"type": "Point", "coordinates": [39.24047052520211, 30.74840363606422, 0.0]}}, {"type": "Feature", "properties": {"name": "Sans titre - Rep\u00e8re", "styleUrl": "#msn_ylw-pushpin60"}, "geometry": {"type": "Point", "coordinates": [39.25394146272586, 30.74856520051135, 0.0]}}, {"type": "Feature", "properties": {"name": "Sans titre - Rep\u00e8re", "styleUrl": "#msn_ylw-pushpin60"}, "geometry": {"type": "Point", "coordinates": [39.25281560758986, 30.76050377661491, 0.0]}}, {"type": "Feature", "properties": {"name": "Sans titre - Rep\u00e8re", "styleUrl": "#msn_ylw-pushpin60"}, "geometry": {"type": "Point", "coordinates": [39.259309410572, 30.7691161645461, 0.0]}}, {"type": "Feature", "properties": {"name": "Sans titre - Rep\u00e8re", "styleUrl": "#msn_ylw-pushpin60"}, "geometry": {"type": "Point", "coordinates": [39.26580619559768, 30.75504281808541, 0.0]}}, {"type": "Feature", "properties": {"name": "Sans titre - Rep\u00e8re", "styleUrl": "#msn_ylw-pushpin60"}, "geometry": {"type": "Point", "coordinates": [39.27497285128387, 30.755266327885, 0.0]}}, {"type": "Feature", "properties": {"name": "Sans titre - Rep\u00e8re", "styleUrl": "#msn_ylw-pushpin60"}, "geometry": {"type": "Point", "coordinates": [39.28322690806308, 30.74659743458464, 0.0]}}, {"type": "Feature", "properties": {"name": "Sans titre - Rep\u00e8re", "styleUrl": "#msn_ylw-pushpin60"}, "geometry": {"type": "Point", "coordinates": [39.28840851362752, 30.75473769611319, 0.0]}}, {"type": "Feature", "properties": {"name": "Sans titre - Rep\u00e8re", "styleUrl": "#msn_ylw-pushpin60"}, "geometry": {"type": "Point", "coordinates": [39.19367306222098, 30.7843903416742, 0.0]}}, {"type": "Feature", "properties": {"name": "Sans titre - Rep\u00e8re", "styleUrl": "#msn_ylw-pushpin60"}, "geometry": {"type": "Point", "coordinates": [39.19283356361575, 30.79012220552319, 0.0]}}, {"type": "Feature", "properties": {"name": "Sans titre - Rep\u00e8re", "styleUrl": "#msn_ylw-pushpin60"}, "geometry": {"type": "Point", "coordinates": [39.21945233325069, 30.74135691594165, 0.0]}}, {"type": "Feature", "properties": {"name": "Sans titre - Rep\u00e8re", "styleUrl": "#msn_ylw-pushpin60"}, "geometry": {"type": "Point", "coordinates": [39.23109163118687, 30.73255410119323, 0.0]}}, {"type": "Feature", "properties": {"name": "Sans titre - Rep\u00e8re", "styleUrl": "#msn_ylw-pushpin60"}, "geometry": {"type": "Point", "coordinates": [39.37191562444666, 30.76111343343199, 0.0]}}, {"type": "Feature", "properties": {"name": "Sans titre - Rep\u00e8re", "styleUrl": "#msn_ylw-pushpin60"}, "geometry": {"type": "Point", "coordinates": [39.40281129818183, 30.68785443739352, 0.0]}}, {"type": "Feature", "properties": {"name": "Sans titre - Rep\u00e8re", "styleUrl": "#msn_ylw-pushpin60"}, "geometry": {"type": "Point", "coordinates": [39.32206874814427, 30.70361582033942, 0.0]}}, {"type": "Feature", "properties": {"name": "Sans titre - Rep\u00e8re", "styleUrl": "#msn_ylw-pushpin60"}, "geometry": {"type": "Point", "coordinates": [39.31465944467107, 30.70795038362145, 0.0]}}, {"type": "Feature", "properties": {"name": "Sans titre - Rep\u00e8re", "styleUrl": "#msn_target71"}, "geometry": {"type": "Point", "coordinates": [39.31133762850583, 30.71080211635546, 0.0]}}, {"type": "Feature", "properties": {"name": "Sans titre - Rep\u00e8re", "styleUrl": "#msn_ylw-pushpin130"}, "geometry": {"type": "Point", "coordinates": [39.185975672864, 30.7534553519409, 0.0]}}, {"type": "Feature", "properties": {"name": "Sans titre - Rep\u00e8re", "styleUrl": "#msn_target71"}, "geometry": {"type": "Point", "coordinates": [39.16276359329068, 30.76091113467406, 0.0]}}, {"type": "Feature", "properties": {"name": "Sans titre - Rep\u00e8re", "styleUrl": "#msn_ylw-pushpin130"}, "geometry": {"type": "Point", "coordinates": [39.17014214967978, 30.81838988486434, 0.0]}}, {"type": "Feature", "properties": {"name": "Sans titre - Rep\u00e8re", "styleUrl": "#msn_ylw-pushpin130"}, "geometry": {"type": "Point", "coordinates": [39.15553740752738, 30.81378845099421, 0.0]}}, {"type": "Feature", "properties": {"name": "Sans titre - Rep\u00e8re", "styleUrl": "#msn_ylw-pushpin130"}, "geometry": {"type": "Point", "coordinates": [39.14123384801716, 30.81258134109314, 0.0]}}, {"type": "Feature", "properties": {"name": "Sans titre - Rep\u00e8re", "styleUrl": "#msn_ylw-pushpin130"}, "geometry": {"type": "Point", "coordinates": [39.14723359340818, 30.86050345054458, 0.0]}}, {"type": "Feature", "properties": {"name": "Sans titre - Rep\u00e8re", "styleUrl": "#msn_ylw-pushpin130"}, "geometry": {"type": "Point", "coordinates": [39.22042822056569, 31.14220153453613, 0.0]}}, {"type": "Feature", "properties": {"name": "Sans titre - Rep\u00e8re", "styleUrl": "#msn_ylw-pushpin130"}, "geometry": {"type": "Point", "coordinates": [39.22635900774893, 31.14351947506783, 0.0]}}, {"type": "Feature", "properties": {"name": "Sans titre - Rep\u00e8re", "styleUrl": "#msn_ylw-pushpin130"}, "geometry": {"type": "Point", "coordinates": [39.23738630598933, 31.15067711873397, 0.0]}}, {"type": "Feature", "properties": {"name": "Sans titre - Rep\u00e8re", "styleUrl": "#msn_ylw-pushpin130"}, "geometry": {"type": "Point", "coordinates": [39.24716837126142, 31.15542246884324, 0.0]}}, {"type": "Feature", "properties": {"name": "Sans titre - Rep\u00e8re", "styleUrl": "#msn_target400"}, "geometry": {"type": "Point", "coordinates": [39.24799938357805, 31.15225702186222, 0.0]}}, {"type": "Feature", "properties": {"name": "Sans titre - Rep\u00e8re", "styleUrl": "#msn_ylw-pushpin170"}, "geometry": {"type": "Point", "coordinates": [39.25929624477727, 31.1554920867712, 0.0]}}, {"type": "Feature", "properties": {"name": "Sans titre - Rep\u00e8re", "styleUrl": "#msn_ylw-pushpin170"}, "geometry": {"type": "Point", "coordinates": [39.26037409366094, 31.16022914441838, 0.0]}}, {"type": "Feature", "properties": {"name": "Sans titre - Rep\u00e8re", "styleUrl": "#msn_ylw-pushpin170"}, "geometry": {"type": "Point", "coordinates": [39.27403530945182, 31.16313179452852, 0.0]}}, {"type": "Feature", "properties": {"name": "Sans titre - Rep\u00e8re", "styleUrl": "#msn_ylw-pushpin170"}, "geometry": {"type": "Point", "coordinates": [39.27764261958165, 31.17285572527408, 0.0]}}, {"type": "Feature", "properties": {"name": "Sans titre - Rep\u00e8re", "styleUrl": "#msn_ylw-pushpin170"}, "geometry": {"type": "Point", "coordinates": [39.29236622178719, 31.1611317631346, 0.0]}}, {"type": "Feature", "properties": {"name": "Sans titre - Rep\u00e8re", "styleUrl": "#msn_ylw-pushpin170"}, "geometry": {"type": "Point", "coordinates": [39.28672907954319, 31.17886013339666, 0.0]}}, {"type": "Feature", "properties": {"name": "Sans titre - Rep\u00e8re", "styleUrl": "#msn_target100"}, "geometry": {"type": "Point", "coordinates": [39.30832553155164, 31.18198918883641, 0.0]}}, {"type": "Feature", "properties": {"name": "Sans titre - Rep\u00e8re", "styleUrl": "#msn_ylw-pushpin1000"}, "geometry": {"type": "Point", "coordinates": [39.28056931613241, 31.1475655883283, 0.0]}}, {"type": "Feature", "properties": {"name": "Sans titre - Rep\u00e8re", "styleUrl": "#msn_ylw-pushpin1000"}, "geometry": {"type": "Point", "coordinates": [39.29107190382063, 31.13761089592173, 0.0]}}, {"type": "Feature", "properties": {"name": "Sans titre - Rep\u00e8re", "styleUrl": "#msn_ylw-pushpin1000"}, "geometry": {"type": "Point", "coordinates": [39.26487501381882, 31.1283275459393, 0.0]}}, {"type": "Feature", "properties": {"name": "Sans titre - Rep\u00e8re", "styleUrl": "#msn_ylw-pushpin1000"}, "geometry": {"type": "Point", "coordinates": [38.50155819421116, 31.06836620531049, 0.0]}}, {"type": "Feature", "properties": {"name": "Sans titre - Rep\u00e8re", "styleUrl": "#msn_ylw-pushpin1000"}, "geometry": {"type": "Point", "coordinates": [38.52638815033961, 31.08832122360322, 0.0]}}, {"type": "Feature", "properties": {"name": "Sans titre - Rep\u00e8re", "styleUrl": "#msn_ylw-pushpin1000"}, "geometry": {"type": "Point", "coordinates": [38.51305015591627, 31.09821274855792, 0.0]}}, {"type": "Feature", "properties": {"name": "Sans titre - Rep\u00e8re", "styleUrl": "#msn_ylw-pushpin1000"}, "geometry": {"type": "Point", "coordinates": [38.53850676052576, 31.11804285663803, 0.0]}}, {"type": "Feature", "properties": {"name": "Sans titre - Rep\u00e8re", "styleUrl": "#msn_ylw-pushpin1000"}, "geometry": {"type": "Point", "coordinates": [38.27448172785047, 31.22167258058002, 0.0]}}, {"type": "Feature", "properties": {"name": "Sans titre - Rep\u00e8re", "styleUrl": "#msn_ylw-pushpin1000"}, "geometry": {"type": "Point", "coordinates": [38.32079594999024, 31.34430932691352, 0.0]}}, {"type": "Feature", "properties": {"name": "Sans titre - Rep\u00e8re", "styleUrl": "#msn_ylw-pushpin1000"}, "geometry": {"type": "Point", "coordinates": [38.28578231490291, 31.33504925749394, 0.0]}}, {"type": "Feature", "properties": {"name": "Sans titre - Rep\u00e8re", "styleUrl": "#msn_volcano02"}, "geometry": {"type": "Point", "coordinates": [38.09889612587627, 31.17653017330176, 0.0]}}, {"type": "Feature", "properties": {"name": "Sans titre - Rep\u00e8re", "styleUrl": "#msn_ylw-pushpin160"}, "geometry": {"type": "Point", "coordinates": [38.10685508654461, 31.18285593355179, 0.0]}}, {"type": "Feature", "properties": {"name": "Sans titre - Rep\u00e8re", "styleUrl": "#msn_ylw-pushpin160"}, "geometry": {"type": "Point", "coordinates": [38.10403989362439, 31.19507437137901, 0.0]}}, {"type": "Feature", "properties": {"name": "Sans titre - Rep\u00e8re", "styleUrl": "#msn_ylw-pushpin160"}, "geometry": {"type": "Point", "coordinates": [38.09764423582617, 31.20278780017959, 0.0]}}, {"type": "Feature", "properties": {"name": "Sans titre - Rep\u00e8re", "styleUrl": "#msn_ylw-pushpin160"}, "geometry": {"type": "Point", "coordinates": [38.69435693255718, 30.89147643956888, 0.0]}}, {"type": "Feature", "properties": {"name": "Sans titre - Rep\u00e8re", "styleUrl": "#msn_ylw-pushpin160"}, "geometry": {"type": "Point", "coordinates": [38.77478420702498, 30.90251169800761, 0.0]}}, {"type": "Feature", "properties": {"name": "Sans titre - Rep\u00e8re", "styleUrl": "#msn_ylw-pushpin160"}, "geometry": {"type": "Point", "coordinates": [38.7622153986912, 30.91670771801365, 0.0]}}, {"type": "Feature", "properties": {"name": "Sans titre - Rep\u00e8re", "styleUrl": "#msn_ylw-pushpin160"}, "geometry": {"type": "Point", "coordinates": [38.75631952530096, 30.91694283109993, 0.0]}}, {"type": "Feature", "properties": {"name": "Sans titre - Rep\u00e8re", "styleUrl": "#msn_ylw-pushpin160"}, "geometry": {"type": "Point", "coordinates": [38.76199017376587, 30.92149478920014, 0.0]}}, {"type": "Feature", "properties": {"name": "Sans titre - Rep\u00e8re", "styleUrl": "#msn_ylw-pushpin160"}, "geometry": {"type": "Point", "coordinates": [38.7448617421495, 30.93280021346136, 0.0]}}, {"type": "Feature", "properties": {"name": "Sans titre - Rep\u00e8re", "styleUrl": "#msn_ylw-pushpin160"}, "geometry": {"type": "Point", "coordinates": [38.7673395294405, 30.83641495431385, 0.0]}}, {"type": "Feature", "properties": {"name": "Sans titre - Rep\u00e8re", "styleUrl": "#msn_ylw-pushpin160"}, "geometry": {"type": "Point", "coordinates": [39.00211392393768, 30.58195654305091, 0.0]}}, {"type": "Feature", "properties": {"name": "Sans titre - Rep\u00e8re", "styleUrl": "#msn_ylw-pushpin160"}, "geometry": {"type": "Point", "coordinates": [39.44072557508594, 30.471232183639, 0.0]}}, {"type": "Feature", "properties": {"name": "Sans titre - Rep\u00e8re", "styleUrl": "#msn_ylw-pushpin160"}, "geometry": {"type": "Point", "coordinates": [39.47548175892702, 30.57270871736466, 0.0]}}, {"type": "Feature", "properties": {"name": "Sans titre - Rep\u00e8re", "styleUrl": "#msn_ylw-pushpin160"}, "geometry": {"type": "Point", "coordinates": [39.46871986314896, 30.6163144367651, 0.0]}}, {"type": "Feature", "properties": {"name": "Sans titre - Rep\u00e8re", "styleUrl": "#msn_ylw-pushpin160"}, "geometry": {"type": "Point", "coordinates": [39.46194995336118, 30.61673762457572, 0.0]}}, {"type": "Feature", "properties": {"name": "Sans titre - Rep\u00e8re", "styleUrl": "#msn_ylw-pushpin160"}, "geometry": {"type": "Point", "coordinates": [39.40511201714192, 30.59903247001112, 0.0]}}, {"type": "Feature", "properties": {"name": "Sans titre - Rep\u00e8re", "styleUrl": "#msn_ylw-pushpin160"}, "geometry": {"type": "Point", "coordinates": [39.12599319624714, 30.90742503719622, 0.0]}}, {"type": "Feature", "properties": {"name": "Sans titre - Rep\u00e8re", "styleUrl": "#msn_ylw-pushpin160"}, "geometry": {"type": "Point", "coordinates": [39.07473962596586, 30.9700595995516, 0.0]}}, {"type": "Feature", "properties": {"name": "Sans titre - Rep\u00e8re", "styleUrl": "#msn_ylw-pushpin160"}, "geometry": {"type": "Point", "coordinates": [39.13566481051638, 31.00616192530441, 0.0]}}, {"type": "Feature", "properties": {"name": "Sans titre - Rep\u00e8re", "styleUrl": "#msn_ylw-pushpin160"}, "geometry": {"type": "Point", "coordinates": [39.1443592930421, 31.02288895657323, 0.0]}}, {"type": "Feature", "properties": {"name": "Sans titre - Rep\u00e8re", "styleUrl": "#m_ylw-pushpin150"}, "geometry": {"type": "Point", "coordinates": [37.3130546348047, 33.79710394805186, 0.0]}}, {"type": "Feature", "properties": {"name": "Sans titre - Rep\u00e8re", "styleUrl": "#m_ylw-pushpin150"}, "geometry": {"type": "Point", "coordinates": [37.32501393749425, 33.83254864423078, 0.0]}}, {"type": "Feature", "properties": {"name": "Sans titre - Rep\u00e8re", "styleUrl": "#m_ylw-pushpin150"}, "geometry": {"type": "Point", "coordinates": [37.31067348435545, 33.84760483734011, 0.0]}}, {"type": "Feature", "properties": {"name": "Sans titre - Rep\u00e8re", "styleUrl": "#m_ylw-pushpin150"}, "geometry": {"type": "Point", "coordinates": [37.33270003648543, 33.84595570709016, 0.0]}}, {"type": "Feature", "properties": {"name": "Sans titre - Rep\u00e8re", "styleUrl": "#m_ylw-pushpin150"}, "geometry": {"type": "Point", "coordinates": [37.34184825650178, 33.85649804985361, 0.0]}}, {"type": "Feature", "properties": {"name": "Sans titre - Rep\u00e8re", "styleUrl": "#m_ylw-pushpin150"}, "geometry": {"type": "Point", "coordinates": [37.3401335373368, 33.85965011465942, 0.0]}}, {"type": "Feature", "properties": {"name": "Sans titre - Rep\u00e8re", "styleUrl": "#m_ylw-pushpin150"}, "geometry": {"type": "Point", "coordinates": [37.34739260047132, 33.86291907232425, 0.0]}}, {"type": "Feature", "properties": {"name": "Sans titre - Rep\u00e8re", "styleUrl": "#m_ylw-pushpin150"}, "geometry": {"type": "Point", "coordinates": [37.36910294082681, 33.87600653195356, 0.0]}}, {"type": "Feature", "properties": {"name": "Sans titre - Rep\u00e8re", "styleUrl": "#m_ylw-pushpin150"}, "geometry": {"type": "Point", "coordinates": [37.37969705155185, 33.87565775301244, 0.0]}}, {"type": "Feature", "properties": {"name": "Sans titre - Rep\u00e8re", "styleUrl": "#m_ylw-pushpin150"}, "geometry": {"type": "Point", "coordinates": [37.37322557705523, 33.88321953991758, 0.0]}}, {"type": "Feature", "properties": {"name": "Sans titre - Rep\u00e8re", "styleUrl": "#m_ylw-pushpin150"}, "geometry": {"type": "Point", "coordinates": [37.39208601817478, 33.89005392581079, 0.0]}}, {"type": "Feature", "properties": {"name": "Sans titre - Rep\u00e8re", "styleUrl": "#m_ylw-pushpin150"}, "geometry": {"type": "Point", "coordinates": [37.3941554657587, 33.88490434151645, 0.0]}}, {"type": "Feature", "properties": {"name": "Sans titre - Rep\u00e8re", "styleUrl": "#m_ylw-pushpin150"}, "geometry": {"type": "Point", "coordinates": [37.34161547926234, 33.88140514879721, 0.0]}}, {"type": "Feature", "properties": {"name": "Sans titre - Rep\u00e8re", "styleUrl": "#m_ylw-pushpin150"}, "geometry": {"type": "Point", "coordinates": [37.35761182443898, 33.84369415722219, 0.0]}}, {"type": "Feature", "properties": {"name": "Sans titre - Rep\u00e8re", "styleUrl": "#m_ylw-pushpin150"}, "geometry": {"type": "Point", "coordinates": [37.34840662703331, 33.83741183450055, 0.0]}}, {"type": "Feature", "properties": {"name": "Sans titre - Rep\u00e8re", "styleUrl": "#m_ylw-pushpin150"}, "geometry": {"type": "Point", "coordinates": [37.3502497728364, 33.88895723863227, 0.0]}}, {"type": "Feature", "properties": {"name": "Sans titre - Rep\u00e8re", "styleUrl": "#m_ylw-pushpin150"}, "geometry": {"type": "Point", "coordinates": [37.35356480141105, 33.92086465695242, 0.0]}}, {"type": "Feature", "properties": {"name": "Sans titre - Rep\u00e8re", "styleUrl": "#m_ylw-pushpin150"}, "geometry": {"type": "Point", "coordinates": [37.35516369406655, 33.93288969745456, 0.0]}}, {"type": "Feature", "properties": {"name": "Sans titre - Rep\u00e8re", "styleUrl": "#m_ylw-pushpin150"}, "geometry": {"type": "Point", "coordinates": [37.36377886671845, 33.93893950701069, 0.0]}}, {"type": "Feature", "properties": {"name": "Sans titre - Rep\u00e8re", "styleUrl": "#m_ylw-pushpin150"}, "geometry": {"type": "Point", "coordinates": [37.37334778838434, 33.94503009815718, 0.0]}}, {"type": "Feature", "properties": {"name": "Sans titre - Rep\u00e8re", "styleUrl": "#m_ylw-pushpin150"}, "geometry": {"type": "Point", "coordinates": [37.39006166217913, 33.96178328873415, 0.0]}}, {"type": "Feature", "properties": {"name": "Sans titre - Rep\u00e8re", "styleUrl": "#m_ylw-pushpin150"}, "geometry": {"type": "Point", "coordinates": [37.39288700825976, 33.96354426639027, 0.0]}}, {"type": "Feature", "properties": {"name": "Sans titre - Rep\u00e8re", "styleUrl": "#m_ylw-pushpin150"}, "geometry": {"type": "Point", "coordinates": [37.40206013047061, 33.97565797237451, 0.0]}}, {"type": "Feature", "properties": {"name": "Sans titre - Rep\u00e8re", "styleUrl": "#m_ylw-pushpin150"}, "geometry": {"type": "Point", "coordinates": [37.41540843361288, 33.96489792136619, 0.0]}}, {"type": "Feature", "properties": {"name": "Sans titre - Rep\u00e8re", "styleUrl": "#m_ylw-pushpin150"}, "geometry": {"type": "Point", "coordinates": [37.42410231772984, 33.9256671010712, 0.0]}}, {"type": "Feature", "properties": {"name": "Sans titre - Rep\u00e8re", "styleUrl": "#m_ylw-pushpin150"}, "geometry": {"type": "Point", "coordinates": [37.4058341607746, 33.94068561632989, 0.0]}}, {"type": "Feature", "properties": {"name": "Sans titre - Rep\u00e8re", "styleUrl": "#m_ylw-pushpin150"}, "geometry": {"type": "Point", "coordinates": [37.3345517252078, 33.9193078822783, 0.0]}}, {"type": "Feature", "properties": {"name": "Sans titre - Rep\u00e8re", "styleUrl": "#m_ylw-pushpin150"}, "geometry": {"type": "Point", "coordinates": [37.3442927356324, 33.90051309726957, 0.0]}}, {"type": "Feature", "properties": {"name": "Sans titre - Rep\u00e8re", "styleUrl": "#m_ylw-pushpin150"}, "geometry": {"type": "Point", "coordinates": [37.35639831200979, 33.90363706340112, 0.0]}}, {"type": "Feature", "properties": {"name": "Sans titre - Rep\u00e8re", "styleUrl": "#m_ylw-pushpin150"}, "geometry": {"type": "Point", "coordinates": [37.48984995620563, 33.95020832837359, 0.0]}}, {"type": "Feature", "properties": {"name": "Sans titre - Rep\u00e8re", "styleUrl": "#m_ylw-pushpin150"}, "geometry": {"type": "Point", "coordinates": [37.50728490246068, 33.95247619195096, 0.0]}}, {"type": "Feature", "properties": {"name": "Sans titre - Rep\u00e8re", "styleUrl": "#m_ylw-pushpin150"}, "geometry": {"type": "Point", "coordinates": [37.62200870929667, 33.97633743355802, 0.0]}}, {"type": "Feature", "properties": {"name": "Sans titre - Rep\u00e8re", "styleUrl": "#m_ylw-pushpin150"}, "geometry": {"type": "Point", "coordinates": [37.66383349609154, 34.01288883274661, 0.0]}}, {"type": "Feature", "properties": {"name": "Sans titre - Rep\u00e8re", "styleUrl": "#m_ylw-pushpin150"}, "geometry": {"type": "Point", "coordinates": [37.97077912619555, 33.97976017955506, 0.0]}}, {"type": "Feature", "properties": {"name": "Sans titre - Rep\u00e8re", "styleUrl": "#m_ylw-pushpin150"}, "geometry": {"type": "Point", "coordinates": [37.93748989502066, 33.95788701188114, 0.0]}}, {"type": "Feature", "properties": {"name": "Sans titre - Rep\u00e8re", "styleUrl": "#m_ylw-pushpin45"}, "geometry": {"type": "Point", "coordinates": [37.96777292452837, 33.95967218951805, 0.0]}}, {"type": "Feature", "properties": {"name": "Sans titre - Rep\u00e8re", "styleUrl": "#m_ylw-pushpin45"}, "geometry": {"type": "Point", "coordinates": [38.00689564945283, 33.92824199736871, 0.0]}}, {"type": "Feature", "properties": {"name": "Sans titre - Rep\u00e8re", "styleUrl": "#m_ylw-pushpin45"}, "geometry": {"type": "Point", "coordinates": [38.01772941662344, 33.92681411915875, 0.0]}}, {"type": "Feature", "properties": {"name": "Sans titre - Rep\u00e8re", "styleUrl": "#m_ylw-pushpin45"}, "geometry": {"type": "Point", "coordinates": [38.00979542784263, 33.93815671712439, 0.0]}}, {"type": "Feature", "properties": {"name": "Sans titre - Rep\u00e8re", "styleUrl": "#m_ylw-pushpin45"}, "geometry": {"type": "Point", "coordinates": [38.03907486646943, 33.92010714832477, 0.0]}}, {"type": "Feature", "properties": {"name": "Sans titre - Rep\u00e8re", "styleUrl": "#m_ylw-pushpin45"}, "geometry": {"type": "Point", "coordinates": [38.08129053115763, 33.92959554480499, 0.0]}}, {"type": "Feature", "properties": {"name": "Sans titre - Rep\u00e8re", "styleUrl": "#m_ylw-pushpin45"}, "geometry": {"type": "Point", "coordinates": [38.19830920582822, 33.94660289074633, 0.0]}}, {"type": "Feature", "properties": {"name": "Sans titre - Rep\u00e8re", "styleUrl": "#m_ylw-pushpin45"}, "geometry": {"type": "Point", "coordinates": [38.19246341092681, 33.96005513939073, 0.0]}}, {"type": "Feature", "properties": {"name": "Sans titre - Rep\u00e8re", "styleUrl": "#m_ylw-pushpin45"}, "geometry": {"type": "Point", "coordinates": [38.24086947681193, 33.91923092487287, 0.0]}}, {"type": "Feature", "properties": {"name": "Sans titre - Rep\u00e8re", "styleUrl": "#m_ylw-pushpin45"}, "geometry": {"type": "Point", "coordinates": [38.26500965472856, 33.96886066451175, 0.0]}}, {"type": "Feature", "properties": {"name": "Sans titre - Rep\u00e8re", "styleUrl": "#m_ylw-pushpin45"}, "geometry": {"type": "Point", "coordinates": [38.32054796899984, 33.95386050035781, 0.0]}}, {"type": "Feature", "properties": {"name": "Sans titre - Rep\u00e8re", "styleUrl": "#m_ylw-pushpin45"}, "geometry": {"type": "Point", "coordinates": [37.79042983215923, 33.89664633355942, 0.0]}}, {"type": "Feature", "properties": {"name": "Sans titre - Rep\u00e8re", "styleUrl": "#msn_info_circle40"}, "geometry": {"type": "Point", "coordinates": [37.78778676450133, 33.89399812224629, 0.0]}}, {"type": "Feature", "properties": {"name": "Sans titre - Rep\u00e8re", "styleUrl": "#msn_ylw-pushpin1500"}, "geometry": {"type": "Point", "coordinates": [37.53591018044393, 34.13110485159259, 0.0]}}, {"type": "Feature", "properties": {"name": "Sans titre - Rep\u00e8re", "styleUrl": "#msn_ylw-pushpin1500"}, "geometry": {"type": "Point", "coordinates": [37.55466493507299, 34.22991293629202, 0.0]}}, {"type": "Feature", "properties": {"name": "Sans titre - Rep\u00e8re", "styleUrl": "#msn_ylw-pushpin1500"}, "geometry": {"type": "Point", "coordinates": [37.56417619618914, 34.23282613059362, 0.0]}}, {"type": "Feature", "properties": {"name": "Sans titre - Rep\u00e8re", "styleUrl": "#msn_ylw-pushpin1500"}, "geometry": {"type": "Point", "coordinates": [37.57958784034161, 34.23933487358143, 0.0]}}, {"type": "Feature", "properties": {"name": "Sans titre - Rep\u00e8re", "styleUrl": "#msn_info_circle20"}, "geometry": {"type": "Point", "coordinates": [37.78531328027508, 34.25661547957952, 0.0]}}, {"type": "Feature", "properties": {"name": "Sans titre - Rep\u00e8re", "styleUrl": "#msn_ylw-pushpin121"}, "geometry": {"type": "Point", "coordinates": [37.80233685022294, 34.27285406815799, 0.0]}}, {"type": "Feature", "properties": {"name": "Sans titre - Rep\u00e8re", "styleUrl": "#msn_ylw-pushpin121"}, "geometry": {"type": "Point", "coordinates": [37.80654790337832, 34.27521568768179, 0.0]}}, {"type": "Feature", "properties": {"name": "Sans titre - Rep\u00e8re", "styleUrl": "#msn_ylw-pushpin121"}, "geometry": {"type": "Point", "coordinates": [37.89515759183875, 34.35208715657635, 0.0]}}, {"type": "Feature", "properties": {"name": "Sans titre - Rep\u00e8re", "styleUrl": "#msn_info_circle000"}, "geometry": {"type": "Point", "coordinates": [38.54767393406015, 35.12841792454478, 0.0]}}, {"type": "Feature", "properties": {"name": "Sans titre - Rep\u00e8re", "styleUrl": "#msn_ylw-pushpin0011"}, "geometry": {"type": "Point", "coordinates": [39.03298622181354, 36.86557565873802, 0.0]}}, {"type": "Feature", "properties": {"name": "Sans titre - Rep\u00e8re", "styleUrl": "#msn_ylw-pushpin101"}, "geometry": {"type": "Point", "coordinates": [39.42887696189597, 30.40838466820549, 0.0]}}, {"type": "Feature", "properties": {"name": "Sans titre - Rep\u00e8re", "styleUrl": "#msn_ylw-pushpin101"}, "geometry": {"type": "Point", "coordinates": [39.4313499703379, 30.41325349286864, 0.0]}}, {"type": "Feature", "properties": {"name": "Sans titre - Rep\u00e8re", "styleUrl": "#msn_ylw-pushpin101"}, "geometry": {"type": "Point", "coordinates": [39.43753284721, 30.43286137612919, 0.0]}}, {"type": "Feature", "properties": {"name": "Sans titre - Rep\u00e8re", "styleUrl": "#msn_ylw-pushpin101"}, "geometry": {"type": "Point", "coordinates": [39.45057072451266, 30.42996374566231, 0.0]}}, {"type": "Feature", "properties": {"name": "Sans titre - Rep\u00e8re", "styleUrl": "#msn_ylw-pushpin101"}, "geometry": {"type": "Point", "coordinates": [39.45059267171348, 30.480920799452, 0.0]}}, {"type": "Feature", "properties": {"name": "Sans titre - Rep\u00e8re", "styleUrl": "#msn_ylw-pushpin101"}, "geometry": {"type": "Point", "coordinates": [39.43986473392113, 30.49695093269611, 0.0]}}, {"type": "Feature", "properties": {"name": "Sans titre - Rep\u00e8re", "styleUrl": "#msn_ylw-pushpin101"}, "geometry": {"type": "Point", "coordinates": [39.43690650027033, 30.49981995783537, 0.0]}}, {"type": "Feature", "properties": {"name": "Sans titre - Rep\u00e8re", "styleUrl": "#msn_ylw-pushpin101"}, "geometry": {"type": "Point", "coordinates": [39.43616032101992, 30.50211870351761, 0.0]}}, {"type": "Feature", "properties": {"name": "Sans titre - Rep\u00e8re", "styleUrl": "#msn_ylw-pushpin101"}, "geometry": {"type": "Point", "coordinates": [39.43474166717728, 30.50762426595048, 0.0]}}, {"type": "Feature", "properties": {"name": "Sans titre - Rep\u00e8re", "styleUrl": "#msn_ylw-pushpin101"}, "geometry": {"type": "Point", "coordinates": [39.46570055156845, 30.51249813097685, 0.0]}}, {"type": "Feature", "properties": {"name": "Sans titre - Rep\u00e8re", "styleUrl": "#msn_ylw-pushpin101"}, "geometry": {"type": "Point", "coordinates": [39.45327767360752, 30.5295166917935, 0.0]}}, {"type": "Feature", "properties": {"name": "Sans titre - Rep\u00e8re", "styleUrl": "#msn_ylw-pushpin101"}, "geometry": {"type": "Point", "coordinates": [39.4162507908494, 30.55644584170928, 0.0]}}, {"type": "Feature", "properties": {"name": "Sans titre - Rep\u00e8re", "styleUrl": "#msn_ylw-pushpin101"}, "geometry": {"type": "Point", "coordinates": [39.41723058181925, 30.5580807466338, 0.0]}}, {"type": "Feature", "properties": {"name": "Sans titre - Rep\u00e8re", "styleUrl": "#msn_ylw-pushpin101"}, "geometry": {"type": "Point", "coordinates": [39.41811443883275, 30.56432998462276, 0.0]}}, {"type": "Feature", "properties": {"name": "Sans titre - Rep\u00e8re", "styleUrl": "#msn_ylw-pushpin101"}, "geometry": {"type": "Point", "coordinates": [39.42015427814594, 30.57918921107062, 0.0]}}, {"type": "Feature", "properties": {"name": "Sans titre - Rep\u00e8re", "styleUrl": "#msn_ylw-pushpin101"}, "geometry": {"type": "Point", "coordinates": [39.42958903808566, 30.59629281957762, 0.0]}}, {"type": "Feature", "properties": {"name": "Sans titre - Rep\u00e8re", "styleUrl": "#m_ylw-pushpin06"}, "geometry": {"type": "Point", "coordinates": [40.72296923491788, 22.18411690047861, 0.0]}}, {"type": "Feature", "properties": {"name": "Sans titre - Rep\u00e8re", "styleUrl": "#m_ylw-pushpin06"}, "geometry": {"type": "Point", "coordinates": [40.70217704159091, 22.18194898678104, 0.0]}}, {"type": "Feature", "properties": {"name": "Sans titre - Rep\u00e8re", "styleUrl": "#msn_target12"}, "geometry": {"type": "Point", "coordinates": [40.66479519891283, 22.18488851233458, 0.0]}}, {"type": "Feature", "properties": {"name": "Sans titre - Rep\u00e8re", "styleUrl": "#msn_target12"}, "geometry": {"type": "Point", "coordinates": [40.64886673916349, 22.17359648028392, 0.0]}}, {"type": "Feature", "properties": {"name": "Sans titre - Rep\u00e8re", "styleUrl": "#msn_target12"}, "geometry": {"type": "Point", "coordinates": [40.6398779236291, 22.15049287982712, 0.0]}}, {"type": "Feature", "properties": {"name": "Sans titre - Rep\u00e8re", "styleUrl": "#msn_ylw-pushpin111"}, "geometry": {"type": "Point", "coordinates": [40.62086751667318, 22.16618992481187, 0.0]}}, {"type": "Feature", "properties": {"name": "Sans titre - Rep\u00e8re", "styleUrl": "#msn_ylw-pushpin111"}, "geometry": {"type": "Point", "coordinates": [40.60682182031317, 22.16730844989398, 0.0]}}, {"type": "Feature", "properties": {"name": "Sans titre - Rep\u00e8re", "styleUrl": "#msn_ylw-pushpin111"}, "geometry": {"type": "Point", "coordinates": [40.61062900099925, 22.14781967085456, 0.0]}}, {"type": "Feature", "properties": {"name": "Sans titre - Rep\u00e8re", "styleUrl": "#msn_target31"}, "geometry": {"type": "Point", "coordinates": [40.60846218940651, 22.13922632641061, 0.0]}}, {"type": "Feature", "properties": {"name": "Sans titre - Rep\u00e8re", "styleUrl": "#msn_target31"}, "geometry": {"type": "Point", "coordinates": [40.66517287225673, 22.11035864160397, 0.0]}}, {"type": "Feature", "properties": {"name": "Sans titre - Rep\u00e8re", "styleUrl": "#msn_target31"}, "geometry": {"type": "Point", "coordinates": [40.68009372158515, 22.14997666771092, 0.0]}}, {"type": "Feature", "properties": {"name": "Sans titre - Rep\u00e8re", "styleUrl": "#msn_target31"}, "geometry": {"type": "Point", "coordinates": [40.69634055706479, 22.21365700589882, 0.0]}}, {"type": "Feature", "properties": {"name": "Sans titre - Rep\u00e8re", "styleUrl": "#msn_target31"}, "geometry": {"type": "Point", "coordinates": [40.68998083954727, 22.23503831537806, 0.0]}}, {"type": "Feature", "properties": {"name": "Sans titre - Rep\u00e8re", "styleUrl": "#msn_target31"}, "geometry": {"type": "Point", "coordinates": [40.7004853485716, 22.24530199778499, 0.0]}}, {"type": "Feature", "properties": {"name": "Sans titre - Rep\u00e8re", "styleUrl": "#msn_target31"}, "geometry": {"type": "Point", "coordinates": [40.6837630323244, 22.25467154856351, 0.0]}}, {"type": "Feature", "properties": {"name": "Sans titre - Rep\u00e8re", "styleUrl": "#msn_target31"}, "geometry": {"type": "Point", "coordinates": [40.7088014784309, 22.2646897906692, 0.0]}}, {"type": "Feature", "properties": {"name": "Sans titre - Rep\u00e8re", "styleUrl": "#msn_target31"}, "geometry": {"type": "Point", "coordinates": [40.69819060950292, 22.27918353616118, 0.0]}}, {"type": "Feature", "properties": {"name": "Sans titre - Rep\u00e8re", "styleUrl": "#msn_target31"}, "geometry": {"type": "Point", "coordinates": [40.71161602172441, 22.27538042587003, 0.0]}}, {"type": "Feature", "properties": {"name": "Sans titre - Rep\u00e8re", "styleUrl": "#msn_target31"}, "geometry": {"type": "Point", "coordinates": [40.68629592101698, 22.27901902391183, 0.0]}}, {"type": "Feature", "properties": {"name": "Sans titre - Rep\u00e8re", "styleUrl": "#msn_target31"}, "geometry": {"type": "Point", "coordinates": [40.68291907568217, 22.2750928697523, 0.0]}}, {"type": "Feature", "properties": {"name": "Sans titre - Rep\u00e8re", "styleUrl": "#msn_target31"}, "geometry": {"type": "Point", "coordinates": [40.6776439754254, 22.27702909663698, 0.0]}}, {"type": "Feature", "properties": {"name": "Sans titre - Rep\u00e8re", "styleUrl": "#msn_target31"}, "geometry": {"type": "Point", "coordinates": [40.66509737964385, 22.27402744206647, 0.0]}}, {"type": "Feature", "properties": {"name": "Sans titre - Rep\u00e8re", "styleUrl": "#msn_target31"}, "geometry": {"type": "Point", "coordinates": [40.65227089550844, 22.27203209634996, 0.0]}}, {"type": "Feature", "properties": {"name": "Sans titre - Rep\u00e8re", "styleUrl": "#msn_ylw-pushpin112"}, "geometry": {"type": "Point", "coordinates": [40.64937174316147, 22.26751393757194, 0.0]}}, {"type": "Feature", "properties": {"name": "Sans titre - Rep\u00e8re", "styleUrl": "#msn_ylw-pushpin112"}, "geometry": {"type": "Point", "coordinates": [40.64186615740918, 22.25872687362828, 0.0]}}, {"type": "Feature", "properties": {"name": "Sans titre - Rep\u00e8re", "styleUrl": "#msn_ylw-pushpin112"}, "geometry": {"type": "Point", "coordinates": [40.6421193341862, 22.26539543622962, 0.0]}}, {"type": "Feature", "properties": {"name": "Sans titre - Rep\u00e8re", "styleUrl": "#msn_ylw-pushpin112"}, "geometry": {"type": "Point", "coordinates": [40.63656520689646, 22.26737769405628, 0.0]}}, {"type": "Feature", "properties": {"name": "Sans titre - Rep\u00e8re", "styleUrl": "#msn_ylw-pushpin112"}, "geometry": {"type": "Point", "coordinates": [40.63530724588376, 22.26497969425151, 0.0]}}, {"type": "Feature", "properties": {"name": "Sans titre - Rep\u00e8re", "styleUrl": "#msn_ylw-pushpin112"}, "geometry": {"type": "Point", "coordinates": [40.63376284849562, 22.26640165719339, 0.0]}}, {"type": "Feature", "properties": {"name": "Sans titre - Rep\u00e8re", "styleUrl": "#msn_ylw-pushpin112"}, "geometry": {"type": "Point", "coordinates": [40.62950921017101, 22.26362859298716, 0.0]}}, {"type": "Feature", "properties": {"name": "Sans titre - Rep\u00e8re", "styleUrl": "#msn_ylw-pushpin112"}, "geometry": {"type": "Point", "coordinates": [40.62083841814889, 22.27588485141328, 0.0]}}, {"type": "Feature", "properties": {"name": "Sans titre - Rep\u00e8re", "styleUrl": "#msn_ylw-pushpin112"}, "geometry": {"type": "Point", "coordinates": [40.62388634788942, 22.27597731695976, 0.0]}}, {"type": "Feature", "properties": {"name": "Sans titre - Rep\u00e8re", "styleUrl": "#msn_ylw-pushpin112"}, "geometry": {"type": "Point", "coordinates": [40.65486185602209, 22.40588269475268, 0.0]}}, {"type": "Feature", "properties": {"name": "Sans titre - Rep\u00e8re", "styleUrl": "#msn_ylw-pushpin112"}, "geometry": {"type": "Point", "coordinates": [40.54927873230777, 22.29639621502081, 0.0]}}, {"type": "Feature", "properties": {"name": "Sans titre - Rep\u00e8re", "styleUrl": "#msn_ylw-pushpin112"}, "geometry": {"type": "Point", "coordinates": [40.25518743686476, 22.223242686666, 0.0]}}, {"type": "Feature", "properties": {"name": "Sans titre - Rep\u00e8re", "styleUrl": "#msn_ylw-pushpin112"}, "geometry": {"type": "Point", "coordinates": [40.26433353944569, 22.23031706974163, 0.0]}}, {"type": "Feature", "properties": {"name": "Sans titre - Rep\u00e8re", "styleUrl": "#msn_ylw-pushpin112"}, "geometry": {"type": "Point", "coordinates": [40.25936699348478, 22.23166694562781, 0.0]}}, {"type": "Feature", "properties": {"name": "Sans titre - Rep\u00e8re", "styleUrl": "#msn_ylw-pushpin112"}, "geometry": {"type": "Point", "coordinates": [40.26546311686386, 22.23284760834482, 0.0]}}, {"type": "Feature", "properties": {"name": "Sans titre - Rep\u00e8re", "styleUrl": "#msn_ylw-pushpin112"}, "geometry": {"type": "Point", "coordinates": [40.26687415525291, 22.22816035026283, 0.0]}}, {"type": "Feature", "properties": {"name": "Sans titre - Rep\u00e8re", "styleUrl": "#msn_ylw-pushpin112"}, "geometry": {"type": "Point", "coordinates": [40.2717980010667, 22.2230703367742, 0.0]}}, {"type": "Feature", "properties": {"name": "Sans titre - Rep\u00e8re", "styleUrl": "#msn_ylw-pushpin112"}, "geometry": {"type": "Point", "coordinates": [40.27458227302425, 22.23003103535331, 0.0]}}, {"type": "Feature", "properties": {"name": "Sans titre - Rep\u00e8re", "styleUrl": "#msn_ylw-pushpin112"}, "geometry": {"type": "Point", "coordinates": [40.28496156819835, 22.2258289956478, 0.0]}}, {"type": "Feature", "properties": {"name": "Sans titre - Rep\u00e8re", "styleUrl": "#msn_ylw-pushpin112"}, "geometry": {"type": "Point", "coordinates": [40.2868739821811, 22.22189065225712, 0.0]}}, {"type": "Feature", "properties": {"name": "Sans titre - Rep\u00e8re", "styleUrl": "#msn_ylw-pushpin112"}, "geometry": {"type": "Point", "coordinates": [40.25350650737536, 22.2137816522386, 0.0]}}, {"type": "Feature", "properties": {"name": "Sans titre - Rep\u00e8re", "styleUrl": "#msn_ylw-pushpin112"}, "geometry": {"type": "Point", "coordinates": [40.24605048887077, 22.20982293634109, 0.0]}}, {"type": "Feature", "properties": {"name": "Sans titre - Rep\u00e8re", "styleUrl": "#msn_ylw-pushpin112"}, "geometry": {"type": "Point", "coordinates": [40.17380183605688, 22.35874043836914, 0.0]}}, {"type": "Feature", "properties": {"name": "Sans titre - Rep\u00e8re", "styleUrl": "#msn_ylw-pushpin112"}, "geometry": {"type": "Point", "coordinates": [40.17232608437093, 22.36998060026447, 0.0]}}, {"type": "Feature", "properties": {"name": "Sans titre - Rep\u00e8re", "styleUrl": "#msn_ylw-pushpin112"}, "geometry": {"type": "Point", "coordinates": [40.17974094546096, 22.38276782775744, 0.0]}}, {"type": "Feature", "properties": {"name": "Sans titre - Rep\u00e8re", "styleUrl": "#msn_ylw-pushpin112"}, "geometry": {"type": "Point", "coordinates": [40.18002577184202, 22.38655130216577, 0.0]}}, {"type": "Feature", "properties": {"name": "Sans titre - Rep\u00e8re", "styleUrl": "#msn_ylw-pushpin112"}, "geometry": {"type": "Point", "coordinates": [40.17614831935057, 22.39184084849648, 0.0]}}, {"type": "Feature", "properties": {"name": "Sans titre - Rep\u00e8re", "styleUrl": "#msn_ylw-pushpin112"}, "geometry": {"type": "Point", "coordinates": [40.17651724219596, 22.39792814204606, 0.0]}}, {"type": "Feature", "properties": {"name": "Sans titre - Rep\u00e8re", "styleUrl": "#msn_ylw-pushpin112"}, "geometry": {"type": "Point", "coordinates": [40.17762509559714, 22.4052784509674, 0.0]}}, {"type": "Feature", "properties": {"name": "Sans titre - Rep\u00e8re", "styleUrl": "#msn_ylw-pushpin112"}, "geometry": {"type": "Point", "coordinates": [40.17594182837345, 22.41350613257006, 0.0]}}, {"type": "Feature", "properties": {"name": "Sans titre - Rep\u00e8re", "styleUrl": "#msn_ylw-pushpin112"}, "geometry": {"type": "Point", "coordinates": [40.17950274263136, 22.41934098458021, 0.0]}}, {"type": "Feature", "properties": {"name": "Sans titre - Rep\u00e8re", "styleUrl": "#msn_ylw-pushpin112"}, "geometry": {"type": "Point", "coordinates": [40.17236439305102, 22.43532020358494, 0.0]}}, {"type": "Feature", "properties": {"name": "Sans titre - Rep\u00e8re", "styleUrl": "#msn_ylw-pushpin112"}, "geometry": {"type": "Point", "coordinates": [40.1820550481403, 22.45113490851713, 0.0]}}, {"type": "Feature", "properties": {"name": "Sans titre - Rep\u00e8re", "styleUrl": "#msn_ylw-pushpin112"}, "geometry": {"type": "Point", "coordinates": [40.18581540327131, 22.44597071807837, 0.0]}}, {"type": "Feature", "properties": {"name": "Sans titre - Rep\u00e8re", "styleUrl": "#msn_ylw-pushpin112"}, "geometry": {"type": "Point", "coordinates": [40.18173296495748, 22.44465365713679, 0.0]}}, {"type": "Feature", "properties": {"name": "Sans titre - Rep\u00e8re", "styleUrl": "#msn_ylw-pushpin112"}, "geometry": {"type": "Point", "coordinates": [40.19834318050013, 22.44259905496805, 0.0]}}, {"type": "Feature", "properties": {"name": "Sans titre - Rep\u00e8re", "styleUrl": "#msn_ylw-pushpin112"}, "geometry": {"type": "Point", "coordinates": [40.20733875742053, 22.44543323371571, 0.0]}}, {"type": "Feature", "properties": {"name": "Sans titre - Rep\u00e8re", "styleUrl": "#msn_ylw-pushpin112"}, "geometry": {"type": "Point", "coordinates": [40.22195593622087, 22.4456657458187, 0.0]}}, {"type": "Feature", "properties": {"name": "Sans titre - Rep\u00e8re", "styleUrl": "#msn_ylw-pushpin112"}, "geometry": {"type": "Point", "coordinates": [41.31645961042914, 21.68503397306705, 0.0]}}, {"type": "Feature", "properties": {"name": "Sans titre - Rep\u00e8re", "styleUrl": "#msn_ylw-pushpin112"}, "geometry": {"type": "Point", "coordinates": [41.33215594349844, 21.69111054911493, 0.0]}}, {"type": "Feature", "properties": {"name": "Sans titre - Rep\u00e8re", "styleUrl": "#msn_ylw-pushpin112"}, "geometry": {"type": "Point", "coordinates": [41.33794924518584, 21.69966321281775, 0.0]}}, {"type": "Feature", "properties": {"name": "Sans titre - Rep\u00e8re", "styleUrl": "#msn_ylw-pushpin112"}, "geometry": {"type": "Point", "coordinates": [41.34648042617031, 21.6835992791215, 0.0]}}, {"type": "Feature", "properties": {"name": "Sans titre - Rep\u00e8re", "styleUrl": "#msn_ylw-pushpin112"}, "geometry": {"type": "Point", "coordinates": [41.3155308504483, 21.63802462472787, 0.0]}}, {"type": "Feature", "properties": {"name": "Sans titre - Rep\u00e8re", "styleUrl": "#msn_ylw-pushpin112"}, "geometry": {"type": "Point", "coordinates": [41.37315745264334, 21.59748591118738, 0.0]}}, {"type": "Feature", "properties": {"name": "Sans titre - Rep\u00e8re", "styleUrl": "#msn_ylw-pushpin112"}, "geometry": {"type": "Point", "coordinates": [41.4414602908036, 21.59837343606963, 0.0]}}, {"type": "Feature", "properties": {"name": "Sans titre - Rep\u00e8re", "styleUrl": "#msn_ylw-pushpin112"}, "geometry": {"type": "Point", "coordinates": [41.44581858627114, 21.59678924292443, 0.0]}}, {"type": "Feature", "properties": {"name": "Sans titre - Rep\u00e8re", "styleUrl": "#msn_arrow6"}, "geometry": {"type": "Point", "coordinates": [41.47307026197515, 21.58480184188064, 0.0]}}, {"type": "Feature", "properties": {"name": "Sans titre - Rep\u00e8re", "styleUrl": "#msn_target01"}, "geometry": {"type": "Point", "coordinates": [41.47334639726179, 21.58467562993376, 0.0]}}, {"type": "Feature", "properties": {"name": "Sans titre - Rep\u00e8re", "styleUrl": "#msn_target01"}, "geometry": {"type": "Point", "coordinates": [41.4936697941438, 21.59537611556796, 0.0]}}, {"type": "Feature", "properties": {"name": "Sans titre - Rep\u00e8re", "styleUrl": "#msn_target01"}, "geometry": {"type": "Point", "coordinates": [43.75376269922968, 21.23104578128209, 0.0]}}, {"type": "Feature", "properties": {"name": "Sans titre - Rep\u00e8re", "styleUrl": "#msn_target01"}, "geometry": {"type": "Point", "coordinates": [43.75574695331418, 21.23964637305753, 0.0]}}, {"type": "Feature", "properties": {"name": "Sans titre - Rep\u00e8re", "styleUrl": "#msn_target01"}, "geometry": {"type": "Point", "coordinates": [43.75143925904919, 21.24177363707674, 0.0]}}, {"type": "Feature", "properties": {"name": "Sans titre - Rep\u00e8re", "styleUrl": "#msn_target01"}, "geometry": {"type": "Point", "coordinates": [43.74924403475296, 21.2450726184509, 0.0]}}, {"type": "Feature", "properties": {"name": "Sans titre - Rep\u00e8re", "styleUrl": "#msn_target01"}, "geometry": {"type": "Point", "coordinates": [43.69764580695293, 21.2515709350839, 0.0]}}, {"type": "Feature", "properties": {"name": "Sans titre - Rep\u00e8re", "styleUrl": "#msn_target01"}, "geometry": {"type": "Point", "coordinates": [43.69721552805412, 21.25034935048645, 0.0]}}, {"type": "Feature", "properties": {"name": "Sans titre - Rep\u00e8re", "styleUrl": "#msn_target01"}, "geometry": {"type": "Point", "coordinates": [43.69688502243989, 21.24915346556817, 0.0]}}, {"type": "Feature", "properties": {"name": "Sans titre - Rep\u00e8re", "styleUrl": "#msn_target01"}, "geometry": {"type": "Point", "coordinates": [43.65046070288215, 21.25700072284534, 0.0]}}, {"type": "Feature", "properties": {"name": "Sans titre - Rep\u00e8re", "styleUrl": "#msn_target01"}, "geometry": {"type": "Point", "coordinates": [43.65297817907436, 21.26117094257275, 0.0]}}, {"type": "Feature", "properties": {"name": "Sans titre - Rep\u00e8re", "styleUrl": "#msn_target01"}, "geometry": {"type": "Point", "coordinates": [43.65760672621246, 21.26489377261754, 0.0]}}, {"type": "Feature", "properties": {"name": "Sans titre - Rep\u00e8re", "styleUrl": "#msn_target01"}, "geometry": {"type": "Point", "coordinates": [43.57787383038416, 21.68826073532451, 0.0]}}, {"type": "Feature", "properties": {"name": "Sans titre - Rep\u00e8re", "styleUrl": "#msn_target01"}, "geometry": {"type": "Point", "coordinates": [45.94068788076525, 22.01389619374888, 0.0]}}, {"type": "Feature", "properties": {"name": "Sans titre - Rep\u00e8re", "styleUrl": "#msn_target01"}, "geometry": {"type": "Point", "coordinates": [38.82399272767208, 25.60221986167342, 0.0]}}, {"type": "Feature", "properties": {"name": "Sans titre - Rep\u00e8re", "styleUrl": "#msn_target01"}, "geometry": {"type": "Point", "coordinates": [38.83376598710313, 25.57035915767863, 0.0]}}, {"type": "Feature", "properties": {"name": "Sans titre - Rep\u00e8re", "styleUrl": "#msn_ylw-pushpin180"}, "geometry": {"type": "Point", "coordinates": [38.8299284250247, 25.55737397211405, 0.0]}}, {"type": "Feature", "properties": {"name": "Sans titre - Rep\u00e8re", "styleUrl": "#msn_ylw-pushpin180"}, "geometry": {"type": "Point", "coordinates": [36.88039875645514, 32.82518113234126, 0.0]}}, {"type": "Feature", "properties": {"name": "Sans titre - Rep\u00e8re", "styleUrl": "#msn_ylw-pushpin180"}, "geometry": {"type": "Point", "coordinates": [37.94272250204518, 26.62315501707991, 0.0]}}, {"type": "Feature", "properties": {"name": "Sans titre - Rep\u00e8re", "styleUrl": "#msn_ylw-pushpin180"}, "geometry": {"type": "Point", "coordinates": [37.91572222547025, 26.64712434572814, 0.0]}}, {"type": "Feature", "properties": {"name": "Sans titre - Rep\u00e8re", "styleUrl": "#msn_ylw-pushpin180"}, "geometry": {"type": "Point", "coordinates": [39.3491415260877, 25.89233455974858, 0.0]}}, {"type": "Feature", "properties": {"name": "Sans titre - Rep\u00e8re", "styleUrl": "#msn_ylw-pushpin180"}, "geometry": {"type": "Point", "coordinates": [39.34870242365159, 25.89282874837905, 0.0]}}, {"type": "Feature", "properties": {"name": "Sans titre - Rep\u00e8re", "styleUrl": "#msn_homegardenbusiness9"}, "geometry": {"type": "Point", "coordinates": [39.34821297403213, 25.89258009110799, 0.0]}}, {"type": "Feature", "properties": {"name": "Sans titre - Rep\u00e8re", "styleUrl": "#msn_homegardenbusiness9"}, "geometry": {"type": "Point", "coordinates": [39.34920085036933, 25.88717941937502, 0.0]}}, {"type": "Feature", "properties": {"name": "Sans titre - Rep\u00e8re", "styleUrl": "#msn_homegardenbusiness9"}, "geometry": {"type": "Point", "coordinates": [39.356274074589, 25.88753757693192, 0.0]}}, {"type": "Feature", "properties": {"name": "Sans titre - Rep\u00e8re", "styleUrl": "#msn_ylw-pushpin002"}, "geometry": {"type": "Point", "coordinates": [39.34180374999358, 25.89660923656471, 0.0]}}, {"type": "Feature", "properties": {"name": "Sans titre - Rep\u00e8re", "styleUrl": "#msn_ylw-pushpin002"}, "geometry": {"type": "Point", "coordinates": [39.32721493892724, 25.89945780586883, 0.0]}}, {"type": "Feature", "properties": {"name": "Sans titre - Rep\u00e8re", "styleUrl": "#msn_ylw-pushpin002"}, "geometry": {"type": "Point", "coordinates": [39.32899273128618, 25.88996272963422, 0.0]}}, {"type": "Feature", "properties": {"name": "Sans titre - Rep\u00e8re", "styleUrl": "#msn_ylw-pushpin002"}, "geometry": {"type": "Point", "coordinates": [39.32558079451757, 25.88191362300907, 0.0]}}, {"type": "Feature", "properties": {"name": "Sans titre - Rep\u00e8re", "styleUrl": "#msn_ylw-pushpin002"}, "geometry": {"type": "Point", "coordinates": [39.32163215956422, 25.87679991412913, 0.0]}}, {"type": "Feature", "properties": {"name": "Sans titre - Rep\u00e8re", "styleUrl": "#msn_ylw-pushpin002"}, "geometry": {"type": "Point", "coordinates": [39.31909233265237, 25.88542012845651, 0.0]}}, {"type": "Feature", "properties": {"name": "Sans titre - Rep\u00e8re", "styleUrl": "#msn_target61"}, "geometry": {"type": "Point", "coordinates": [39.32243487605938, 25.88270450272589, 0.0]}}, {"type": "Feature", "properties": {"name": "Sans titre - Rep\u00e8re", "styleUrl": "#msn_target61"}, "geometry": {"type": "Point", "coordinates": [39.31882404443282, 25.86625513715233, 0.0]}}, {"type": "Feature", "properties": {"name": "Sans titre - Rep\u00e8re", "styleUrl": "#msn_target61"}, "geometry": {"type": "Point", "coordinates": [39.36273139347585, 25.91937215251905, 0.0]}}, {"type": "Feature", "properties": {"name": "Sans titre - Rep\u00e8re", "styleUrl": "#msn_ylw-pushpin210"}, "geometry": {"type": "Point", "coordinates": [39.36465248582702, 25.92397607576339, 0.0]}}, {"type": "Feature", "properties": {"name": "Sans titre - Rep\u00e8re", "styleUrl": "#msn_ylw-pushpin210"}, "geometry": {"type": "Point", "coordinates": [39.3738794975627, 25.9291880177409, 0.0]}}, {"type": "Feature", "properties": {"name": "Sans titre - Rep\u00e8re", "styleUrl": "#msn_ylw-pushpin210"}, "geometry": {"type": "Point", "coordinates": [39.10510783099574, 25.46760372364375, 0.0]}}, {"type": "Feature", "properties": {"name": "Sans titre - Rep\u00e8re", "styleUrl": "#msn_ylw-pushpin210"}, "geometry": {"type": "Point", "coordinates": [39.11120554188522, 25.46836204520097, 0.0]}}, {"type": "Feature", "properties": {"name": "Sans titre - Rep\u00e8re", "styleUrl": "#msn_ylw-pushpin210"}, "geometry": {"type": "Point", "coordinates": [39.12776955308019, 25.48509495403108, 0.0]}}, {"type": "Feature", "properties": {"name": "Sans titre - Rep\u00e8re", "styleUrl": "#msn_ylw-pushpin210"}, "geometry": {"type": "Point", "coordinates": [39.13911099001125, 25.48269558292916, 0.0]}}, {"type": "Feature", "properties": {"name": "Sans titre - Rep\u00e8re", "styleUrl": "#msn_ylw-pushpin210"}, "geometry": {"type": "Point", "coordinates": [39.14638928588263, 25.48624993373111, 0.0]}}, {"type": "Feature", "properties": {"name": "Sans titre - Rep\u00e8re", "styleUrl": "#msn_ylw-pushpin210"}, "geometry": {"type": "Point", "coordinates": [39.14691043185294, 25.49930607883035, 0.0]}}, {"type": "Feature", "properties": {"name": "Sans titre - Rep\u00e8re", "styleUrl": "#msn_ylw-pushpin210"}, "geometry": {"type": "Point", "coordinates": [39.15787820533101, 25.469005053751, 0.0]}}, {"type": "Feature", "properties": {"name": "Sans titre - Rep\u00e8re", "styleUrl": "#msn_ylw-pushpin210"}, "geometry": {"type": "Point", "coordinates": [39.23268192843322, 25.60228069532951, 0.0]}}, {"type": "Feature", "properties": {"name": "Sans titre - Rep\u00e8re", "styleUrl": "#msn_ylw-pushpin210"}, "geometry": {"type": "Point", "coordinates": [39.24009948653007, 25.60326909957044, 0.0]}}, {"type": "Feature", "properties": {"name": "Sans titre - Rep\u00e8re", "styleUrl": "#msn_ylw-pushpin210"}, "geometry": {"type": "Point", "coordinates": [39.24215978097692, 25.60717350743031, 0.0]}}, {"type": "Feature", "properties": {"name": "Sans titre - Rep\u00e8re", "styleUrl": "#msn_ylw-pushpin210"}, "geometry": {"type": "Point", "coordinates": [39.24211296696403, 25.61043364202743, 0.0]}}, {"type": "Feature", "properties": {"name": "Sans titre - Rep\u00e8re", "styleUrl": "#msn_homegardenbusiness50"}, "geometry": {"type": "Point", "coordinates": [39.24021777639526, 25.62661986980076, 0.0]}}, {"type": "Feature", "properties": {"name": "Sans titre - Rep\u00e8re", "styleUrl": "#msn_homegardenbusiness50"}, "geometry": {"type": "Point", "coordinates": [39.24113997418942, 25.62371076908091, 0.0]}}, {"type": "Feature", "properties": {"name": "Sans titre - Rep\u00e8re", "styleUrl": "#msn_triangle3"}, "geometry": {"type": "Point", "coordinates": [39.27115837106254, 25.63496450634624, 0.0]}}, {"type": "Feature", "properties": {"name": "Sans titre - Rep\u00e8re", "styleUrl": "#msn_triangle3"}, "geometry": {"type": "Point", "coordinates": [39.26237806071711, 25.63961527723081, 0.0]}}, {"type": "Feature", "properties": {"name": "Sans titre - Rep\u00e8re", "styleUrl": "#msn_ylw-pushpin31"}, "geometry": {"type": "Point", "coordinates": [39.25142583447355, 25.63583720573182, 0.0]}}, {"type": "Feature", "properties": {"name": "Sans titre - Rep\u00e8re", "styleUrl": "#msn_homegardenbusiness11"}, "geometry": {"type": "Point", "coordinates": [39.3549689581719, 25.57866873510654, 0.0]}}, {"type": "Feature", "properties": {"name": "Sans titre - Rep\u00e8re", "styleUrl": "#msn_homegardenbusiness11"}, "geometry": {"type": "Point", "coordinates": [39.35294143775099, 25.57251698433378, 0.0]}}, {"type": "Feature", "properties": {"name": "Sans titre - Rep\u00e8re", "styleUrl": "#msn_homegardenbusiness11"}, "geometry": {"type": "Point", "coordinates": [39.37737750936019, 25.5923096404904, 0.0]}}, {"type": "Feature", "properties": {"name": "Sans titre - Rep\u00e8re", "styleUrl": "#msn_volcano21"}, "geometry": {"type": "Point", "coordinates": [39.38976613013544, 25.61317431383591, 0.0]}}, {"type": "Feature", "properties": {"name": "Sans titre - Rep\u00e8re", "styleUrl": "#msn_square3"}, "geometry": {"type": "Point", "coordinates": [39.40512175495761, 25.62149762942074, 0.0]}}, {"type": "Feature", "properties": {"name": "Sans titre - Rep\u00e8re", "styleUrl": "#msn_square3"}, "geometry": {"type": "Point", "coordinates": [39.442607405198, 25.6345671797259, 0.0]}}, {"type": "Feature", "properties": {"name": "Sans titre - Rep\u00e8re", "styleUrl": "#msn_square3"}, "geometry": {"type": "Point", "coordinates": [39.4643037415596, 25.63196102180865, 0.0]}}, {"type": "Feature", "properties": {"name": "Sans titre - Rep\u00e8re", "styleUrl": "#msn_volcano5"}, "geometry": {"type": "Point", "coordinates": [39.45906119795126, 25.63219930590615, 0.0]}}, {"type": "Feature", "properties": {"name": "Sans titre - Rep\u00e8re", "styleUrl": "#msn_homegardenbusiness60"}, "geometry": {"type": "Point", "coordinates": [39.46187849102557, 25.63506874481179, 0.0]}}, {"type": "Feature", "properties": {"name": "Sans titre - Rep\u00e8re", "styleUrl": "#msn_square11"}, "geometry": {"type": "Point", "coordinates": [39.47269895557673, 25.62906498999789, 0.0]}}, {"type": "Feature", "properties": {"name": "Sans titre - Rep\u00e8re", "styleUrl": "#msn_target14"}, "geometry": {"type": "Point", "coordinates": [39.49228863826156, 25.63794108593161, 0.0]}}, {"type": "Feature", "properties": {"name": "Sans titre - Rep\u00e8re", "styleUrl": "#msn_target14"}, "geometry": {"type": "Point", "coordinates": [39.49127447516284, 25.61599715882481, 0.0]}}, {"type": "Feature", "properties": {"name": "Sans titre - Rep\u00e8re", "styleUrl": "#msn_ylw-pushpin71"}, "geometry": {"type": "Point", "coordinates": [39.53423781530164, 25.62505480854364, 0.0]}}, {"type": "Feature", "properties": {"name": "Sans titre - Rep\u00e8re", "styleUrl": "#msn_ylw-pushpin71"}, "geometry": {"type": "Point", "coordinates": [39.53180267310375, 25.63508962404968, 0.0]}}, {"type": "Feature", "properties": {"name": "Sans titre - Rep\u00e8re", "styleUrl": "#msn_ylw-pushpin71"}, "geometry": {"type": "Point", "coordinates": [39.53249653936887, 25.6378932217379, 0.0]}}, {"type": "Feature", "properties": {"name": "Sans titre - Rep\u00e8re", "styleUrl": "#msn_ylw-pushpin71"}, "geometry": {"type": "Point", "coordinates": [39.53177710629026, 25.64216258349469, 0.0]}}, {"type": "Feature", "properties": {"name": "Sans titre - Rep\u00e8re", "styleUrl": "#msn_ylw-pushpin71"}, "geometry": {"type": "Point", "coordinates": [39.53856754879713, 25.64246845888997, 0.0]}}, {"type": "Feature", "properties": {"name": "Sans titre - Rep\u00e8re", "styleUrl": "#msn_ylw-pushpin71"}, "geometry": {"type": "Point", "coordinates": [39.54236275199302, 25.64640626341203, 0.0]}}, {"type": "Feature", "properties": {"name": "Sans titre - Rep\u00e8re", "styleUrl": "#msn_volcano40"}, "geometry": {"type": "Point", "coordinates": [39.54387679861048, 25.65313137678558, 0.0]}}, {"type": "Feature", "properties": {"name": "Sans titre - Rep\u00e8re", "styleUrl": "#msn_volcano40"}, "geometry": {"type": "Point", "coordinates": [39.55022077146162, 25.65947873462106, 0.0]}}, {"type": "Feature", "properties": {"name": "Sans titre - Rep\u00e8re", "styleUrl": "#msn_volcano40"}, "geometry": {"type": "Point", "coordinates": [39.55218798473742, 25.66092461317701, 0.0]}}, {"type": "Feature", "properties": {"name": "Sans titre - Rep\u00e8re", "styleUrl": "#msn_volcano40"}, "geometry": {"type": "Point", "coordinates": [39.55417051529598, 25.66674680842458, 0.0]}}, {"type": "Feature", "properties": {"name": "Sans titre - Rep\u00e8re", "styleUrl": "#msn_ylw-pushpin151"}, "geometry": {"type": "Point", "coordinates": [39.61737669770308, 25.71294333340731, 0.0]}}, {"type": "Feature", "properties": {"name": "Sans titre - Rep\u00e8re", "styleUrl": "#msn_target21"}, "geometry": {"type": "Point", "coordinates": [39.61642068108738, 25.71184140379039, 0.0]}}, {"type": "Feature", "properties": {"name": "Sans titre - Rep\u00e8re", "styleUrl": "#msn_ylw-pushpin81"}, "geometry": {"type": "Point", "coordinates": [39.62166934921554, 25.70822968967055, 0.0]}}, {"type": "Feature", "properties": {"name": "Sans titre - Rep\u00e8re", "styleUrl": "#msn_ylw-pushpin81"}, "geometry": {"type": "Point", "coordinates": [39.62384683643145, 25.71475915289773, 0.0]}}, {"type": "Feature", "properties": {"name": "Sans titre - Rep\u00e8re", "styleUrl": "#msn_ylw-pushpin81"}, "geometry": {"type": "Point", "coordinates": [39.62380833308625, 25.71084154134795, 0.0]}}, {"type": "Feature", "properties": {"name": "Sans titre - Rep\u00e8re", "styleUrl": "#msn_ylw-pushpin81"}, "geometry": {"type": "Point", "coordinates": [39.15989213490975, 25.75396456158454, 0.0]}}, {"type": "Feature", "properties": {"name": "Sans titre - Rep\u00e8re", "styleUrl": "#msn_ylw-pushpin81"}, "geometry": {"type": "Point", "coordinates": [39.16609674360548, 25.76373892591031, 0.0]}}, {"type": "Feature", "properties": {"name": "Sans titre - Rep\u00e8re", "styleUrl": "#msn_info_circle01"}, "geometry": {"type": "Point", "coordinates": [39.34667512801968, 25.8926905511851, 0.0]}}, {"type": "Feature", "properties": {"name": "Sans titre - Rep\u00e8re", "styleUrl": "#msn_square20"}, "geometry": {"type": "Point", "coordinates": [38.84854487692166, 25.62281099378324, 0.0]}}, {"type": "Feature", "properties": {"name": "Sans titre - Rep\u00e8re", "styleUrl": "#msn_ylw-pushpin520"}, "geometry": {"type": "Point", "coordinates": [38.84780421549232, 25.62246213653025, 0.0]}}, {"type": "Feature", "properties": {"name": "Sans titre - Rep\u00e8re", "styleUrl": "#m_ylw-pushpin16"}, "geometry": {"type": "Point", "coordinates": [42.83464314511431, 16.4697580227152, 0.0]}}, {"type": "Feature", "properties": {"name": "Sans titre - Rep\u00e8re", "styleUrl": "#msn_ylw-pushpin03"}, "geometry": {"type": "Point", "coordinates": [55.79708971072248, 25.01125864858677, 0.0]}}, {"type": "Feature", "properties": {"name": "Sans titre - Rep\u00e8re", "styleUrl": "#msn_homegardenbusiness31"}, "geometry": {"type": "Point", "coordinates": [39.25278638133678, 25.74085941595927, 0.0]}}, {"type": "Feature", "properties": {"name": "Sans titre - Rep\u00e8re", "styleUrl": "#msn_homegardenbusiness31"}, "geometry": {"type": "Point", "coordinates": [39.25114008511569, 25.73910035469068, 0.0]}}, {"type": "Feature", "properties": {"name": "Sans titre - Rep\u00e8re", "styleUrl": "#msn_homegardenbusiness31"}, "geometry": {"type": "Point", "coordinates": [39.25994513670975, 25.7405301078407, 0.0]}}, {"type": "Feature", "properties": {"name": "Sans titre - Rep\u00e8re", "styleUrl": "#msn_homegardenbusiness31"}, "geometry": {"type": "Point", "coordinates": [39.26216287309521, 25.74765157151052, 0.0]}}, {"type": "Feature", "properties": {"name": "Sans titre - Rep\u00e8re", "styleUrl": "#msn_homegardenbusiness31"}, "geometry": {"type": "Point", "coordinates": [39.27120415493447, 25.74447578444172, 0.0]}}, {"type": "Feature", "properties": {"name": "Sans titre - Rep\u00e8re", "styleUrl": "#msn_homegardenbusiness31"}, "geometry": {"type": "Point", "coordinates": [39.26294244450649, 25.72494135092673, 0.0]}}, {"type": "Feature", "properties": {"name": "Sans titre - Rep\u00e8re", "styleUrl": "#msn_homegardenbusiness31"}, "geometry": {"type": "Point", "coordinates": [39.29070915501761, 25.72896306718501, 0.0]}}, {"type": "Feature", "properties": {"name": "Sans titre - Rep\u00e8re", "styleUrl": "#msn_homegardenbusiness31"}, "geometry": {"type": "Point", "coordinates": [39.27621689809831, 25.73045276240794, 0.0]}}, {"type": "Feature", "properties": {"name": "Sans titre - Rep\u00e8re", "styleUrl": "#msn_homegardenbusiness31"}, "geometry": {"type": "Point", "coordinates": [39.28139874990208, 25.73033030610971, 0.0]}}, {"type": "Feature", "properties": {"name": "Sans titre - Rep\u00e8re", "styleUrl": "#msn_homegardenbusiness31"}, "geometry": {"type": "Point", "coordinates": [39.28383587308379, 25.74224240391863, 0.0]}}, {"type": "Feature", "properties": {"name": "Sans titre - Rep\u00e8re", "styleUrl": "#msn_homegardenbusiness31"}, "geometry": {"type": "Point", "coordinates": [39.28599625494949, 25.74851982711582, 0.0]}}, {"type": "Feature", "properties": {"name": "Sans titre - Rep\u00e8re", "styleUrl": "#msn_homegardenbusiness31"}, "geometry": {"type": "Point", "coordinates": [39.29096105494397, 25.75184567317466, 0.0]}}, {"type": "Feature", "properties": {"name": "Sans titre - Rep\u00e8re", "styleUrl": "#m_ylw-pushpin300"}, "geometry": {"type": "Point", "coordinates": [36.8560100694442, 31.91843082343446, 0.0]}}, {"type": "Feature", "properties": {"name": "33.31557110828925, 37.08408591627595"}, "geometry": {"type": "Point", "coordinates": [37.08408591627595, 33.31557110828925, 0.0]}}, {"type": "Feature", "properties": {"name": "Sans titre - Rep\u00e8re", "styleUrl": "#m_ylw-pushpin1100"}, "geometry": {"type": "Point", "coordinates": [37.29856964695144, 32.67485830478565, 0.0]}}, {"type": "Feature", "properties": {"name": "Sans titre - Rep\u00e8re", "styleUrl": "#m_ylw-pushpin1100"}, "geometry": {"type": "Point", "coordinates": [37.29975025331656, 32.6861525618741, 0.0]}}, {"type": "Feature", "properties": {"name": "Sans titre - Rep\u00e8re", "styleUrl": "#m_ylw-pushpin1100"}, "geometry": {"type": "Point", "coordinates": [36.93796402318719, 32.22965160425863, 0.0]}}, {"type": "Feature", "properties": {"name": "Sans titre - Rep\u00e8re", "styleUrl": "#m_ylw-pushpin1100"}, "geometry": {"type": "Point", "coordinates": [37.16192225684, 32.19394756449211, 0.0]}}, {"type": "Feature", "properties": {"name": "Sans titre - Rep\u00e8re", "styleUrl": "#m_ylw-pushpin1100"}, "geometry": {"type": "Point", "coordinates": [37.32281883025814, 31.91941427216441, 0.0]}}, {"type": "Feature", "properties": {"name": "Sans titre - Rep\u00e8re", "styleUrl": "#m_ylw-pushpin1100"}, "geometry": {"type": "Point", "coordinates": [37.34684641209467, 33.5454623475129, 0.0]}}, {"type": "Feature", "properties": {"name": "Sans titre - Rep\u00e8re", "styleUrl": "#m_ylw-pushpin1100"}, "geometry": {"type": "Point", "coordinates": [37.23816046166846, 33.6804320989752, 0.0]}}, {"type": "Feature", "properties": {"name": "Sans titre - Rep\u00e8re", "styleUrl": "#m_ylw-pushpin1100"}, "geometry": {"type": "Point", "coordinates": [37.34515937287715, 33.69805585910141, 0.0]}}, {"type": "Feature", "properties": {"name": "Sans titre - Rep\u00e8re", "styleUrl": "#m_ylw-pushpin1100"}, "geometry": {"type": "Point", "coordinates": [36.79754208477819, 31.55581985688539, 0.0]}}, {"type": "Feature", "properties": {"name": "Sans titre - Rep\u00e8re", "styleUrl": "#m_ylw-pushpin1100"}, "geometry": {"type": "Point", "coordinates": [36.76438356087662, 31.56887838339838, 0.0]}}, {"type": "Feature", "properties": {"name": "Sans titre - Rep\u00e8re", "styleUrl": "#msn_homegardenbusiness00"}, "geometry": {"type": "Point", "coordinates": [36.70179315849003, 31.94046925957707, 0.0]}}, {"type": "Feature", "properties": {"name": "Sans titre - Rep\u00e8re", "styleUrl": "#msn_homegardenbusiness00"}, "geometry": {"type": "Point", "coordinates": [36.67443225960007, 31.9494453657791, 0.0]}}, {"type": "Feature", "properties": {"name": "Sans titre - Rep\u00e8re", "styleUrl": "#msn_homegardenbusiness00"}, "geometry": {"type": "Point", "coordinates": [36.69052118522097, 31.95905395182451, 0.0]}}, {"type": "Feature", "properties": {"name": "Sans titre - Rep\u00e8re", "styleUrl": "#msn_homegardenbusiness00"}, "geometry": {"type": "Point", "coordinates": [36.6840212266972, 31.96859263046171, 0.0]}}, {"type": "Feature", "properties": {"name": "Sans titre - Rep\u00e8re", "styleUrl": "#msn_homegardenbusiness00"}, "geometry": {"type": "Point", "coordinates": [36.64163108973818, 32.00060943993892, 0.0]}}, {"type": "Feature", "properties": {"name": "Sans titre - Rep\u00e8re", "styleUrl": "#msn_homegardenbusiness00"}, "geometry": {"type": "Point", "coordinates": [36.6072811077852, 32.07157479486626, 0.0]}}, {"type": "Feature", "properties": {"name": "Sans titre - Rep\u00e8re", "styleUrl": "#msn_homegardenbusiness00"}, "geometry": {"type": "Point", "coordinates": [36.62941384229041, 32.08026873139687, 0.0]}}, {"type": "Feature", "properties": {"name": "Sans titre - Rep\u00e8re", "styleUrl": "#msn_homegardenbusiness00"}, "geometry": {"type": "Point", "coordinates": [36.73083234714015, 32.13996786007143, 0.0]}}, {"type": "Feature", "properties": {"styleUrl": "#msn_target15"}, "geometry": {"type": "Point", "coordinates": [6.965017415216215, 17.3601008103029, 0.0]}}, {"type": "Feature", "properties": {"name": "Sans titre - Rep\u00e8re", "styleUrl": "#msn_target15"}, "geometry": {"type": "Point", "coordinates": [6.931196301965306, 16.97410270058834, 0.0]}}, {"type": "Feature", "properties": {"name": "Sans titre - Rep\u00e8re", "styleUrl": "#msn_info_circle50"}, "geometry": {"type": "Point", "coordinates": [6.794417828139991, 17.5167264912649, 0.0]}}, {"type": "Feature", "properties": {"name": "Sans titre - Rep\u00e8re", "styleUrl": "#msn_ylw-pushpin22"}, "geometry": {"type": "Point", "coordinates": [7.114738844186115, 17.40615406033484, 0.0]}}, {"type": "Feature", "properties": {"name": "Sans titre - Rep\u00e8re", "styleUrl": "#msn_ylw-pushpin26"}, "geometry": {"type": "Point", "coordinates": [41.09562234173234, 13.29446579542264, 0.0]}}, {"type": "Feature", "properties": {"name": "Sans titre - Rep\u00e8re", "styleUrl": "#msn_ylw-pushpin26"}, "geometry": {"type": "Point", "coordinates": [41.1198786348887, 13.28750998735461, 0.0]}}, {"type": "Feature", "properties": {"name": "Sans titre - Rep\u00e8re", "styleUrl": "#msn_ylw-pushpin26"}, "geometry": {"type": "Point", "coordinates": [41.12013336300988, 13.29038589013439, 0.0]}}, {"type": "Feature", "properties": {"name": "Sans titre - Rep\u00e8re", "styleUrl": "#msn_ylw-pushpin26"}, "geometry": {"type": "Point", "coordinates": [41.13880738719798, 13.29421547502346, 0.0]}}, {"type": "Feature", "properties": {"name": "Sans titre - Rep\u00e8re", "styleUrl": "#msn_target16"}, "geometry": {"type": "Point", "coordinates": [41.17154447250557, 13.07972931861481, 0.0]}}, {"type": "Feature", "properties": {"name": "Sans titre - Rep\u00e8re", "styleUrl": "#msn_ylw-pushpin25"}, "geometry": {"type": "Point", "coordinates": [41.18008780473422, 13.07574016618368, 0.0]}}, {"type": "Feature", "properties": {"name": "Sans titre - Rep\u00e8re", "styleUrl": "#msn_ylw-pushpin25"}, "geometry": {"type": "Point", "coordinates": [40.50753393025973, 13.5467533516721, 0.0]}}, {"type": "Feature", "properties": {"name": "Sans titre - Rep\u00e8re", "styleUrl": "#msn_target18"}, "geometry": {"type": "Point", "coordinates": [40.50507785910089, 13.54697267095876, 0.0]}}, {"type": "Feature", "properties": {"name": "Sans titre - Rep\u00e8re", "styleUrl": "#msn_homegardenbusiness8"}, "geometry": {"type": "Point", "coordinates": [40.50003059362409, 13.5467247187702, 0.0]}}, {"type": "Feature", "properties": {"name": "Sans titre - Rep\u00e8re", "styleUrl": "#msn_donut00"}, "geometry": {"type": "Point", "coordinates": [40.50044594141936, 13.54337151679463, 0.0]}}, {"type": "Feature", "properties": {"name": "Sans titre - Rep\u00e8re", "styleUrl": "#msn_donut00"}, "geometry": {"type": "Point", "coordinates": [40.50335078177439, 13.54296618958756, 0.0]}}, {"type": "Feature", "properties": {"name": "Sans titre - Rep\u00e8re", "styleUrl": "#msn_donut00"}, "geometry": {"type": "Point", "coordinates": [40.51364347527679, 13.53420606086996, 0.0]}}, {"type": "Feature", "properties": {"name": "Sans titre - Rep\u00e8re", "styleUrl": "#msn_ylw-pushpin19"}, "geometry": {"type": "Point", "coordinates": [41.50581862226182, 12.98253088039593, 0.0]}}, {"type": "Feature", "properties": {"name": "Sans titre - Rep\u00e8re", "styleUrl": "#m_ylw-pushpin00"}, "geometry": {"type": "Point", "coordinates": [18.87010391961187, 19.44839749872786, 0.0]}}, {"type": "Feature", "properties": {"name": "Sans titre - Rep\u00e8re", "styleUrl": "#m_ylw-pushpin00"}, "geometry": {"type": "Point", "coordinates": [-8.091307804040634, 29.20622829168042, 0.0]}}, {"type": "Feature", "properties": {"name": "Sans titre - Rep\u00e8re", "styleUrl": "#m_ylw-pushpin00"}, "geometry": {"type": "Point", "coordinates": [18.88292669733559, 19.4334925139516, 0.0]}}, {"type": "Feature", "properties": {"name": "Sans titre - Rep\u00e8re", "styleUrl": "#m_ylw-pushpin00"}, "geometry": {"type": "Point", "coordinates": [18.93005572946652, 19.39163650202973, 0.0]}}, {"type": "Feature", "properties": {"name": "Sans titre - Rep\u00e8re", "styleUrl": "#m_ylw-pushpin00"}, "geometry": {"type": "Point", "coordinates": [17.62055368030427, 26.83346762528569, 0.0]}}, {"type": "Feature", "properties": {"name": "Sans titre - Rep\u00e8re", "styleUrl": "#m_ylw-pushpin00"}, "geometry": {"type": "Point", "coordinates": [40.93646724489637, 13.1603651551066, 0.0]}}, {"type": "Feature", "properties": {"name": "Sans titre - Rep\u00e8re", "styleUrl": "#m_ylw-pushpin00"}, "geometry": {"type": "Point", "coordinates": [40.93607132457107, 13.16622799170807, 0.0]}}, {"type": "Feature", "properties": {"name": "Sans titre - Rep\u00e8re", "styleUrl": "#m_ylw-pushpin00"}, "geometry": {"type": "Point", "coordinates": [40.93623678756225, 13.16869196889865, 0.0]}}, {"type": "Feature", "properties": {"name": "Sans titre - Rep\u00e8re", "styleUrl": "#m_ylw-pushpin00"}, "geometry": {"type": "Point", "coordinates": [40.93853284665267, 13.1675932907976, 0.0]}}, {"type": "Feature", "properties": {"name": "Sans titre - Rep\u00e8re", "styleUrl": "#msn_homegardenbusiness10"}, "geometry": {"type": "Point", "coordinates": [40.94578517060511, 13.17875836886609, 0.0]}}, {"type": "Feature", "properties": {"name": "Sans titre - Rep\u00e8re", "styleUrl": "#msn_ylw-pushpin6"}, "geometry": {"type": "Point", "coordinates": [40.96576694424362, 13.19822295321925, 0.0]}}, {"type": "Feature", "properties": {"name": "Sans titre - Rep\u00e8re", "styleUrl": "#msn_ylw-pushpin6"}, "geometry": {"type": "Point", "coordinates": [40.97063316192149, 13.20069159918568, 0.0]}}, {"type": "Feature", "properties": {"name": "Sans titre - Rep\u00e8re", "styleUrl": "#msn_ylw-pushpin6"}, "geometry": {"type": "Point", "coordinates": [40.97370510864616, 13.20219813539112, 0.0]}}, {"type": "Feature", "properties": {"name": "Sans titre - Rep\u00e8re", "styleUrl": "#msn_ylw-pushpin6"}, "geometry": {"type": "Point", "coordinates": [40.97657017611356, 13.20526669449382, 0.0]}}, {"type": "Feature", "properties": {"name": "Sans titre - Rep\u00e8re", "styleUrl": "#msn_ylw-pushpin6"}, "geometry": {"type": "Point", "coordinates": [40.80884795910511, 13.22370238049529, 0.0]}}, {"type": "Feature", "properties": {"name": "Sans titre - Rep\u00e8re", "styleUrl": "#msn_ylw-pushpin6"}, "geometry": {"type": "Point", "coordinates": [40.82900130618056, 13.31280998045247, 0.0]}}, {"type": "Feature", "properties": {"name": "Sans titre - Rep\u00e8re", "styleUrl": "#msn_ylw-pushpin6"}, "geometry": {"type": "Point", "coordinates": [40.82928776176801, 13.31508898152556, 0.0]}}, {"type": "Feature", "properties": {"name": "Sans titre - Rep\u00e8re", "styleUrl": "#msn_ylw-pushpin6"}, "geometry": {"type": "Point", "coordinates": [40.84394342974879, 13.32204921379359, 0.0]}}, {"type": "Feature", "properties": {"name": "Sans titre - Rep\u00e8re", "styleUrl": "#msn_ylw-pushpin6"}, "geometry": {"type": "Point", "coordinates": [40.76360138582044, 13.34524517885922, 0.0]}}, {"type": "Feature", "properties": {"name": "Sans titre - Rep\u00e8re", "styleUrl": "#msn_donut0"}, "geometry": {"type": "Point", "coordinates": [40.76890117580683, 13.35268653754892, 0.0]}}, {"type": "Feature", "properties": {"name": "Sans titre - Rep\u00e8re", "styleUrl": "#msn_donut0"}, "geometry": {"type": "Point", "coordinates": [40.77188499119348, 13.35458032616937, 0.0]}}, {"type": "Feature", "properties": {"name": "Sans titre - Rep\u00e8re", "styleUrl": "#msn_donut0"}, "geometry": {"type": "Point", "coordinates": [40.77028101306055, 13.3491411725759, 0.0]}}, {"type": "Feature", "properties": {"name": "Sans titre - Rep\u00e8re", "styleUrl": "#msn_homegardenbusiness5"}, "geometry": {"type": "Point", "coordinates": [42.396105585333, 12.29275320121642, 0.0]}}, {"type": "Feature", "properties": {"name": "Sans titre - Rep\u00e8re", "styleUrl": "#msn_homegardenbusiness5"}, "geometry": {"type": "Point", "coordinates": [42.38362524933959, 12.29979859748321, 0.0]}}, {"type": "Feature", "properties": {"name": "Sans titre - Rep\u00e8re", "styleUrl": "#msn_donut"}, "geometry": {"type": "Point", "coordinates": [42.3871144753855, 12.29686946439902, 0.0]}}, {"type": "Feature", "properties": {"name": "Sans titre - Rep\u00e8re", "styleUrl": "#msn_homegardenbusiness12"}, "geometry": {"type": "Point", "coordinates": [42.38571411009829, 12.30842769470204, 0.0]}}, {"type": "Feature", "properties": {"name": "Sans titre - Rep\u00e8re", "styleUrl": "#msn_ylw-pushpin5"}, "geometry": {"type": "Point", "coordinates": [42.38117551686143, 12.3220414440571, 0.0]}}, {"type": "Feature", "properties": {"name": "Sans titre - Rep\u00e8re", "styleUrl": "#msn_ylw-pushpin5"}, "geometry": {"type": "Point", "coordinates": [42.37926285180526, 12.33178772253843, 0.0]}}, {"type": "Feature", "properties": {"name": "Sans titre - Rep\u00e8re", "styleUrl": "#msn_ylw-pushpin5"}, "geometry": {"type": "Point", "coordinates": [42.37115104734765, 12.34419011873281, 0.0]}}, {"type": "Feature", "properties": {"name": "Sans titre - Rep\u00e8re", "styleUrl": "#msn_ylw-pushpin5"}, "geometry": {"type": "Point", "coordinates": [42.37327351546183, 12.36278327004542, 0.0]}}, {"type": "Feature", "properties": {"name": "Sans titre - Rep\u00e8re", "styleUrl": "#msn_ylw-pushpin5"}, "geometry": {"type": "Point", "coordinates": [42.37920937870325, 12.36201688427476, 0.0]}}, {"type": "Feature", "properties": {"name": "Sans titre - Rep\u00e8re", "styleUrl": "#msn_ylw-pushpin5"}, "geometry": {"type": "Point", "coordinates": [42.47899408546195, 12.38309975277881, 0.0]}}, {"type": "Feature", "properties": {"name": "Sans titre - Rep\u00e8re", "styleUrl": "#msn_ylw-pushpin5"}, "geometry": {"type": "Point", "coordinates": [42.46989308314766, 12.40238065237558, 0.0]}}, {"type": "Feature", "properties": {"name": "Sans titre - Rep\u00e8re", "styleUrl": "#msn_homegardenbusiness41"}, "geometry": {"type": "Point", "coordinates": [42.46433496869841, 12.41459945043978, 0.0]}}, {"type": "Feature", "properties": {"name": "Sans titre - Rep\u00e8re", "styleUrl": "#msn_homegardenbusiness41"}, "geometry": {"type": "Point", "coordinates": [42.46076278337209, 12.43533470532775, 0.0]}}, {"type": "Feature", "properties": {"name": "Sans titre - Rep\u00e8re", "styleUrl": "#msn_homegardenbusiness41"}, "geometry": {"type": "Point", "coordinates": [41.63285311969033, 11.18324474213741, 0.0]}}, {"type": "Feature", "properties": {"name": "Sans titre - Rep\u00e8re", "styleUrl": "#msn_homegardenbusiness41"}, "geometry": {"type": "Point", "coordinates": [41.6364355912927, 11.18027023143832, 0.0]}}, {"type": "Feature", "properties": {"name": "Sans titre - Rep\u00e8re", "styleUrl": "#msn_homegardenbusiness41"}, "geometry": {"type": "Point", "coordinates": [42.07055823035679, 11.06521216543712, 0.0]}}, {"type": "Feature", "properties": {"name": "Sans titre - Rep\u00e8re", "styleUrl": "#msn_homegardenbusiness41"}, "geometry": {"type": "Point", "coordinates": [42.0678995691559, 11.06362861750626, 0.0]}}, {"type": "Feature", "properties": {"name": "Sans titre - Rep\u00e8re", "styleUrl": "#msn_homegardenbusiness41"}, "geometry": {"type": "Point", "coordinates": [42.07508501505951, 11.06461588432077, 0.0]}}, {"type": "Feature", "properties": {"name": "Sans titre - Rep\u00e8re", "styleUrl": "#msn_homegardenbusiness41"}, "geometry": {"type": "Point", "coordinates": [42.14548737820918, 11.08400993844596, 0.0]}}, {"type": "Feature", "properties": {"name": "Sans titre - Rep\u00e8re", "styleUrl": "#msn_homegardenbusiness41"}, "geometry": {"type": "Point", "coordinates": [42.15259982890265, 11.08136943315967, 0.0]}}, {"type": "Feature", "properties": {"name": "Sans titre - Rep\u00e8re", "styleUrl": "#msn_homegardenbusiness41"}, "geometry": {"type": "Point", "coordinates": [42.15848100523123, 11.08131067909713, 0.0]}}, {"type": "Feature", "properties": {"name": "Sans titre - Rep\u00e8re", "styleUrl": "#msn_homegardenbusiness41"}, "geometry": {"type": "Point", "coordinates": [42.18441241421164, 11.08738852495303, 0.0]}}, {"type": "Feature", "properties": {"name": "Sans titre - Rep\u00e8re", "styleUrl": "#msn_homegardenbusiness41"}, "geometry": {"type": "Point", "coordinates": [42.19101355743714, 11.08426118832725, 0.0]}}, {"type": "Feature", "properties": {"name": "Sans titre - Rep\u00e8re", "styleUrl": "#msn_homegardenbusiness41"}, "geometry": {"type": "Point", "coordinates": [42.20332896047071, 11.08434100877444, 0.0]}}, {"type": "Feature", "properties": {"name": "Sans titre - Rep\u00e8re", "styleUrl": "#msn_homegardenbusiness41"}, "geometry": {"type": "Point", "coordinates": [42.25366073618977, 11.0939274276012, 0.0]}}, {"type": "Feature", "properties": {"name": "Sans titre - Rep\u00e8re", "styleUrl": "#msn_homegardenbusiness41"}, "geometry": {"type": "Point", "coordinates": [42.26094053853014, 11.09695914941167, 0.0]}}, {"type": "Feature", "properties": {"name": "Sans titre - Rep\u00e8re", "styleUrl": "#msn_homegardenbusiness41"}, "geometry": {"type": "Point", "coordinates": [42.26650844960191, 11.10647228726756, 0.0]}}, {"type": "Feature", "properties": {"name": "Sans titre - Rep\u00e8re", "styleUrl": "#msn_homegardenbusiness41"}, "geometry": {"type": "Point", "coordinates": [42.36780146677235, 11.1206894683203, 0.0]}}, {"type": "Feature", "properties": {"name": "Sans titre - Rep\u00e8re", "styleUrl": "#msn_homegardenbusiness41"}, "geometry": {"type": "Point", "coordinates": [42.36670675991842, 11.12597900920267, 0.0]}}, {"type": "Feature", "properties": {"name": "Sans titre - Rep\u00e8re", "styleUrl": "#msn_homegardenbusiness41"}, "geometry": {"type": "Point", "coordinates": [42.37702068202933, 11.09481142764948, 0.0]}}, {"type": "Feature", "properties": {"name": "Sans titre - Rep\u00e8re", "styleUrl": "#msn_homegardenbusiness41"}, "geometry": {"type": "Point", "coordinates": [42.67250913733367, 11.31192647612472, 0.0]}}, {"type": "Feature", "properties": {"name": "Sans titre - Rep\u00e8re", "styleUrl": "#msn_homegardenbusiness41"}, "geometry": {"type": "Point", "coordinates": [42.67737783204164, 11.31202459162861, 0.0]}}, {"type": "Feature", "properties": {"name": "Sans titre - Rep\u00e8re", "styleUrl": "#msn_homegardenbusiness41"}, "geometry": {"type": "Point", "coordinates": [42.6843659312014, 11.32201211707816, 0.0]}}, {"type": "Feature", "properties": {"name": "Sans titre - Rep\u00e8re", "styleUrl": "#msn_homegardenbusiness41"}, "geometry": {"type": "Point", "coordinates": [42.68708427893365, 11.32413300594276, 0.0]}}, {"type": "Feature", "properties": {"name": "Sans titre - Rep\u00e8re", "styleUrl": "#msn_homegardenbusiness41"}, "geometry": {"type": "Point", "coordinates": [42.6785867158252, 11.34767259404755, 0.0]}}, {"type": "Feature", "properties": {"name": "Sans titre - Rep\u00e8re", "styleUrl": "#msn_homegardenbusiness41"}, "geometry": {"type": "Point", "coordinates": [42.70355334737842, 11.33986789447135, 0.0]}}, {"type": "Feature", "properties": {"name": "Sans titre - Rep\u00e8re", "styleUrl": "#msn_homegardenbusiness41"}, "geometry": {"type": "Point", "coordinates": [42.71030325698763, 11.34549849467821, 0.0]}}, {"type": "Feature", "properties": {"name": "Sans titre - Rep\u00e8re", "styleUrl": "#msn_homegardenbusiness41"}, "geometry": {"type": "Point", "coordinates": [42.71068015030183, 11.35312717488072, 0.0]}}, {"type": "Feature", "properties": {"name": "Sans titre - Rep\u00e8re", "styleUrl": "#msn_homegardenbusiness41"}, "geometry": {"type": "Point", "coordinates": [42.75350012181661, 11.43323460953497, 0.0]}}, {"type": "Feature", "properties": {"name": "Sans titre - Rep\u00e8re", "styleUrl": "#msn_homegardenbusiness41"}, "geometry": {"type": "Point", "coordinates": [43.16297120020401, 12.48288116161353, 0.0]}}, {"type": "Feature", "properties": {"name": "Sans titre - Rep\u00e8re", "styleUrl": "#msn_ylw-pushpin7"}, "geometry": {"type": "Point", "coordinates": [39.30036073524728, 30.41464583127495, 0.0]}}, {"type": "Feature", "properties": {"name": "Sans titre - Rep\u00e8re", "styleUrl": "#msn_ylw-pushpin7"}, "geometry": {"type": "Point", "coordinates": [39.29616982531405, 30.42672973411459, 0.0]}}, {"type": "Feature", "properties": {"name": "Sans titre - Rep\u00e8re", "styleUrl": "#msn_ylw-pushpin7"}, "geometry": {"type": "Point", "coordinates": [39.33617442932273, 30.44395244610575, 0.0]}}, {"type": "Feature", "properties": {"name": "Sans titre - Rep\u00e8re", "styleUrl": "#msn_ylw-pushpin7"}, "geometry": {"type": "Point", "coordinates": [39.3527822727666, 30.44436960513525, 0.0]}}, {"type": "Feature", "properties": {"name": "Sans titre - Rep\u00e8re", "styleUrl": "#msn_ylw-pushpin7"}, "geometry": {"type": "Point", "coordinates": [39.3906717983642, 30.47884148015616, 0.0]}}, {"type": "Feature", "properties": {"name": "Sans titre - Rep\u00e8re", "styleUrl": "#msn_ylw-pushpin7"}, "geometry": {"type": "Point", "coordinates": [39.98537225066397, 24.33873262957309, 0.0]}}, {"type": "Feature", "properties": {"name": "Sans titre - Rep\u00e8re", "styleUrl": "#msn_target5"}, "geometry": {"type": "Point", "coordinates": [40.00783471284607, 24.34362009809884, 0.0]}}, {"type": "Feature", "properties": {"name": "Sans titre - Rep\u00e8re", "styleUrl": "#msn_ylw-pushpin8"}, "geometry": {"type": "Point", "coordinates": [40.00598686353644, 24.34580322916453, 0.0]}}, {"type": "Feature", "properties": {"name": "Sans titre - Rep\u00e8re", "styleUrl": "#msn_ylw-pushpin8"}, "geometry": {"type": "Point", "coordinates": [39.99405032180742, 24.4522051076725, 0.0]}}, {"type": "Feature", "properties": {"name": "Sans titre - Rep\u00e8re", "styleUrl": "#msn_ylw-pushpin8"}, "geometry": {"type": "Point", "coordinates": [39.99385242852718, 24.45908905254158, 0.0]}}, {"type": "Feature", "properties": {"name": "Sans titre - Rep\u00e8re", "styleUrl": "#msn_target6"}, "geometry": {"type": "Point", "coordinates": [39.99685212818049, 24.46221138314058, 0.0]}}, {"type": "Feature", "properties": {"name": "Sans titre - Rep\u00e8re", "styleUrl": "#msn_forbidden"}, "geometry": {"type": "Point", "coordinates": [39.99232592391428, 24.4639846980492, 0.0]}}, {"type": "Feature", "properties": {"name": "Sans titre - Rep\u00e8re", "styleUrl": "#msn_ylw-pushpin9"}, "geometry": {"type": "Point", "coordinates": [39.9936775892297, 24.47605501231676, 0.0]}}, {"type": "Feature", "properties": {"name": "Sans titre - Rep\u00e8re", "styleUrl": "#msn_ylw-pushpin9"}, "geometry": {"type": "Point", "coordinates": [40.00345617690313, 24.48006565313588, 0.0]}}, {"type": "Feature", "properties": {"name": "Sans titre - Rep\u00e8re", "styleUrl": "#msn_ylw-pushpin9"}, "geometry": {"type": "Point", "coordinates": [39.99788110093569, 24.48473147701414, 0.0]}}, {"type": "Feature", "properties": {"name": "Sans titre - Rep\u00e8re", "styleUrl": "#msn_ylw-pushpin9"}, "geometry": {"type": "Point", "coordinates": [41.18780178737655, 22.82226683609278, 0.0]}}, {"type": "Feature", "properties": {"name": "Sans titre - Rep\u00e8re", "styleUrl": "#msn_homegardenbusiness6"}, "geometry": {"type": "Point", "coordinates": [39.34825729003682, 30.36678596444053, 0.0]}}, {"type": "Feature", "properties": {"name": "Sans titre - Rep\u00e8re", "styleUrl": "#msn_homegardenbusiness6"}, "geometry": {"type": "Point", "coordinates": [39.3363037091172, 30.37087297351186, 0.0]}}, {"type": "Feature", "properties": {"name": "Sans titre - Rep\u00e8re", "styleUrl": "#msn_homegardenbusiness6"}, "geometry": {"type": "Point", "coordinates": [39.33971028995757, 30.3785313208344, 0.0]}}, {"type": "Feature", "properties": {"name": "Sans titre - Rep\u00e8re", "styleUrl": "#msn_homegardenbusiness30"}, "geometry": {"type": "Point", "coordinates": [36.48311743446015, 33.28893989199839, 0.0]}}, {"type": "Feature", "properties": {"name": "Sans titre - Rep\u00e8re", "styleUrl": "#m_ylw-pushpin"}, "geometry": {"type": "Point", "coordinates": [37.18886807329213, 32.93815607611189, 0.0]}}, {"type": "Feature", "properties": {"name": "Sans titre - Rep\u00e8re", "styleUrl": "#m_ylw-pushpin"}, "geometry": {"type": "Point", "coordinates": [37.20792360469353, 32.93472123596605, 0.0]}}, {"type": "Feature", "properties": {"name": "Sans titre - Rep\u00e8re", "styleUrl": "#m_ylw-pushpin"}, "geometry": {"type": "Point", "coordinates": [37.22122563150134, 32.93050104173533, 0.0]}}, {"type": "Feature", "properties": {"name": "Sans titre - Rep\u00e8re", "styleUrl": "#m_ylw-pushpin"}, "geometry": {"type": "Point", "coordinates": [37.23110120238064, 32.92924381480095, 0.0]}}, {"type": "Feature", "properties": {"name": "Sans titre - Rep\u00e8re", "styleUrl": "#m_ylw-pushpin"}, "geometry": {"type": "Point", "coordinates": [37.25523576126155, 32.92018463902859, 0.0]}}, {"type": "Feature", "properties": {"name": "Sans titre - Rep\u00e8re", "styleUrl": "#m_ylw-pushpin"}, "geometry": {"type": "Point", "coordinates": [37.25960888246857, 32.93299129455867, 0.0]}}, {"type": "Feature", "properties": {"name": "Sans titre - Rep\u00e8re", "styleUrl": "#m_ylw-pushpin"}, "geometry": {"type": "Point", "coordinates": [37.25587697581727, 32.93244308019415, 0.0]}}, {"type": "Feature", "properties": {"name": "Sans titre - Rep\u00e8re", "styleUrl": "#m_ylw-pushpin"}, "geometry": {"type": "Point", "coordinates": [37.25491132209806, 32.93505253400615, 0.0]}}, {"type": "Feature", "properties": {"name": "Sans titre - Rep\u00e8re", "styleUrl": "#m_ylw-pushpin"}, "geometry": {"type": "Point", "coordinates": [37.27054263314999, 32.9305936587671, 0.0]}}, {"type": "Feature", "properties": {"name": "Sans titre - Rep\u00e8re", "styleUrl": "#m_ylw-pushpin"}, "geometry": {"type": "Point", "coordinates": [37.26924375551661, 32.93467646048515, 0.0]}}, {"type": "Feature", "properties": {"name": "Sans titre - Rep\u00e8re", "styleUrl": "#m_ylw-pushpin"}, "geometry": {"type": "Point", "coordinates": [37.27732933802682, 32.93723012330224, 0.0]}}, {"type": "Feature", "properties": {"name": "Sans titre - Rep\u00e8re", "styleUrl": "#m_ylw-pushpin"}, "geometry": {"type": "Point", "coordinates": [37.27349232044683, 32.90991454691977, 0.0]}}, {"type": "Feature", "properties": {"name": "Sans titre - Rep\u00e8re", "styleUrl": "#m_ylw-pushpin"}, "geometry": {"type": "Point", "coordinates": [37.27746303118492, 32.91509723356538, 0.0]}}, {"type": "Feature", "properties": {"name": "Sans titre - Rep\u00e8re", "styleUrl": "#m_ylw-pushpin"}, "geometry": {"type": "Point", "coordinates": [37.2794543753268, 32.91873304245024, 0.0]}}, {"type": "Feature", "properties": {"name": "Sans titre - Rep\u00e8re", "styleUrl": "#m_ylw-pushpin"}, "geometry": {"type": "Point", "coordinates": [37.28355554214991, 32.91712800731018, 0.0]}}, {"type": "Feature", "properties": {"name": "Sans titre - Rep\u00e8re", "styleUrl": "#m_ylw-pushpin"}, "geometry": {"type": "Point", "coordinates": [37.30258378766577, 32.91645789573713, 0.0]}}, {"type": "Feature", "properties": {"name": "Sans titre - Rep\u00e8re", "styleUrl": "#m_ylw-pushpin"}, "geometry": {"type": "Point", "coordinates": [37.30174583442322, 32.93514283106626, 0.0]}}, {"type": "Feature", "properties": {"name": "Sans titre - Rep\u00e8re", "styleUrl": "#m_ylw-pushpin"}, "geometry": {"type": "Point", "coordinates": [37.29295272550048, 32.93960777041254, 0.0]}}, {"type": "Feature", "properties": {"name": "Sans titre - Rep\u00e8re", "styleUrl": "#m_ylw-pushpin"}, "geometry": {"type": "Point", "coordinates": [37.34157652638965, 32.96260993582951, 0.0]}}, {"type": "Feature", "properties": {"name": "Sans titre - Rep\u00e8re", "styleUrl": "#m_ylw-pushpin"}, "geometry": {"type": "Point", "coordinates": [37.34384845715603, 32.97050640784381, 0.0]}}, {"type": "Feature", "properties": {"name": "Sans titre - Rep\u00e8re", "styleUrl": "#m_ylw-pushpin"}, "geometry": {"type": "Point", "coordinates": [37.35015514442637, 32.9413719209937, 0.0]}}, {"type": "Feature", "properties": {"name": "Sans titre - Rep\u00e8re", "styleUrl": "#m_ylw-pushpin"}, "geometry": {"type": "Point", "coordinates": [37.34481328669126, 32.93994488079819, 0.0]}}, {"type": "Feature", "properties": {"name": "Sans titre - Rep\u00e8re", "styleUrl": "#m_ylw-pushpin"}, "geometry": {"type": "Point", "coordinates": [37.34734256091922, 32.93636216572155, 0.0]}}, {"type": "Feature", "properties": {"name": "Sans titre - Rep\u00e8re", "styleUrl": "#m_ylw-pushpin"}, "geometry": {"type": "Point", "coordinates": [37.34168401248142, 32.93062785447, 0.0]}}, {"type": "Feature", "properties": {"name": "Sans titre - Rep\u00e8re", "styleUrl": "#m_ylw-pushpin"}, "geometry": {"type": "Point", "coordinates": [36.9902543735892, 33.07077871174847, 0.0]}}, {"type": "Feature", "properties": {"name": "Sans titre - Rep\u00e8re", "styleUrl": "#m_ylw-pushpin"}, "geometry": {"type": "Point", "coordinates": [36.98928688795863, 33.07781689026731, 0.0]}}, {"type": "Feature", "properties": {"name": "Sans titre - Rep\u00e8re", "styleUrl": "#m_ylw-pushpin"}, "geometry": {"type": "Point", "coordinates": [36.99633020687288, 33.07943368365871, 0.0]}}, {"type": "Feature", "properties": {"name": "Sans titre - Rep\u00e8re", "styleUrl": "#msn_homegardenbusiness7"}, "geometry": {"type": "Point", "coordinates": [36.51325553300711, 32.95641201934644, 0.0]}}, {"type": "Feature", "properties": {"name": "Sans titre - Rep\u00e8re", "styleUrl": "#msn_homegardenbusiness7"}, "geometry": {"type": "Point", "coordinates": [36.46850672955903, 32.96101537702555, 0.0]}}, {"type": "Feature", "properties": {"name": "Sans titre - Rep\u00e8re", "styleUrl": "#msn_homegardenbusiness7"}, "geometry": {"type": "Point", "coordinates": [36.47501938298328, 32.96099206796951, 0.0]}}, {"type": "Feature", "properties": {"name": "Sans titre - Rep\u00e8re", "styleUrl": "#msn_homegardenbusiness7"}, "geometry": {"type": "Point", "coordinates": [36.4579193289638, 32.96639868580829, 0.0]}}], "name": "/tmp/outputs/"}