{"type":"FeatureCollection","name":"GlobalKites - Open Kites","features":[{"type":"Feature","geometry":{"type":"Point","coordinates":[42.56275718900005,21.31826464400005]},"properties":{"ID":"OK1","Type":"C","PitTraps":21,"Contig":1,"Length":398,"Orient":180,"SlopeOr":151,"_layer":"GlobalKites - Open Kites"}},{"type":"Feature","geometry":{"type":"Point","coordinates":[42.546657653000054,21.30908699000005]},"properties":{"ID":"OK2","Type":"C","PitTraps":12,"Contig":1,"Length":216,"Orient":35,"SlopeOr":45,"_layer":"GlobalKites - Open Kites"}},{"type":"Feature","geometry":{"type":"Point","coordinates":[39.28983074900005,25.60772204700005]},"properties":{"ID":"OK3","Type":"C","PitTraps":10,"Contig":1,"Length":442,"Orient":231,"SlopeOr":8,"_layer":"GlobalKites - Open Kites"}},{"type":"Feature","geometry":{"type":"Point","coordinates":[42.56683769300005,21.30784430000005]},"properties":{"ID":"OK4","Type":"V","PitTraps":3,"Contig":1,"Length":192,"Orient":78,"SlopeOr":135,"_layer":"GlobalKites - Open Kites"}},{"type":"Feature","geometry":{"type":"Point","coordinates":[42.55884010900005,21.31749412300005]},"properties":{"ID":"OK5","Type":"C","PitTraps":7,"Contig":1,"Length":394,"Orient":157,"SlopeOr":342,"_layer":"GlobalKites - Open Kites"}},{"type":"Feature","geometry":{"type":"Point","coordinates":[42.569914153000056,21.31465785900005]},"properties":{"ID":"OK6","Type":"C","PitTraps":6,"Contig":1,"Length":270,"Orient":251,"SlopeOr":238,"_layer":"GlobalKites - Open Kites"}},{"type":"Feature","geometry":{"type":"Point","coordinates":[42.562900123000055,21.32026454800005]},"properties":{"ID":"OK7","Type":"C","PitTraps":11,"Contig":1,"Length":350,"Orient":141,"SlopeOr":9,"_layer":"GlobalKites - Open Kites"}},{"type":"Feature","geometry":{"type":"Point","coordinates":[42.55517285500005,21.31775868100005]},"properties":{"ID":"OK8","Type":"C","PitTraps":39,"Contig":1,"Length":896,"Orient":178,"SlopeOr":63,"_layer":"GlobalKites - Open Kites"}},{"type":"Feature","geometry":{"type":"Point","coordinates":[42.55984762200005,21.31730523600005]},"properties":{"ID":"OK9","Type":"C","PitTraps":9,"Contig":1,"Length":554,"Orient":147,"SlopeOr":84,"_layer":"GlobalKites - Open Kites"}},{"type":"Feature","geometry":{"type":"Point","coordinates":[42.564744852000054,21.30869380400005]},"properties":{"ID":"OK10","Type":"V","PitTraps":4,"Contig":1,"Length":126,"Orient":355,"SlopeOr":18,"_layer":"GlobalKites - Open Kites"}},{"type":"Feature","geometry":{"type":"Point","coordinates":[39.29055261800005,25.60425145600005]},"properties":{"ID":"OK11","Type":"W","PitTraps":2,"Contig":0,"Length":107,"Orient":88,"SlopeOr":79,"_layer":"GlobalKites - Open Kites"}},{"type":"Feature","geometry":{"type":"Point","coordinates":[42.567687856000056,21.31979950000005]},"properties":{"ID":"OK12","Type":"C","PitTraps":4,"Contig":0,"Length":192,"Orient":148,"SlopeOr":315,"_layer":"GlobalKites - Open Kites"}},{"type":"Feature","geometry":{"type":"Point","coordinates":[42.565076207000054,21.31821148800005]},"properties":{"ID":"OK13","Type":"C","PitTraps":69,"Contig":1,"Length":797,"Orient":149,"SlopeOr":18,"_layer":"GlobalKites - Open Kites"}},{"type":"Feature","geometry":{"type":"Point","coordinates":[42.569977486000056,21.33302978600005]},"properties":{"ID":"OK14","Type":"C","PitTraps":9,"Contig":0,"Length":738,"Orient":240,"SlopeOr":263,"_layer":"GlobalKites - Open Kites"}},{"type":"Feature","geometry":{"type":"Point","coordinates":[39.42200488300005,25.50324437400005]},"properties":{"ID":"OK15","Type":"C","PitTraps":7,"Contig":0,"Length":593,"Orient":226,"SlopeOr":207,"_layer":"GlobalKites - Open Kites"}},{"type":"Feature","geometry":{"type":"Point","coordinates":[42.534306132000054,21.37919032900005]},"properties":{"ID":"OK16","Type":"V","PitTraps":5,"Contig":0,"Length":226,"Orient":185,"SlopeOr":135,"_layer":"GlobalKites - Open Kites"}},{"type":"Feature","geometry":{"type":"Point","coordinates":[42.55017483400005,21.31755951100005]},"properties":{"ID":"OK17","Type":"C","PitTraps":10,"Contig":1,"Length":274,"Orient":142,"SlopeOr":167,"_layer":"GlobalKites - Open Kites"}},{"type":"Feature","geometry":{"type":"Point","coordinates":[39.404424119000055,25.61875922500005]},"properties":{"ID":"OK18","Type":"C","PitTraps":6,"Contig":1,"Length":173,"Orient":308,"SlopeOr":315,"_layer":"GlobalKites - Open Kites"}},{"type":"Feature","geometry":{"type":"Point","coordinates":[40.282478170000054,23.41013432200005]},"properties":{"ID":"OK19","Type":"V","PitTraps":3,"Contig":0,"Length":297,"Orient":222,"SlopeOr":6,"_layer":"GlobalKites - Open Kites"}},{"type":"Feature","geometry":{"type":"Point","coordinates":[41.83971089900005,21.31369069100005]},"properties":{"ID":"OK20","Type":"W","PitTraps":5,"Contig":0,"Length":288,"Orient":252,"SlopeOr":259,"_layer":"GlobalKites - Open Kites"}},{"type":"Feature","geometry":{"type":"Point","coordinates":[41.63215162200005,22.95483929200005]},"properties":{"ID":"OK21","Type":"V","PitTraps":1,"Contig":0,"Length":279,"Orient":194,"SlopeOr":243,"_layer":"GlobalKites - Open Kites"}},{"type":"Feature","geometry":{"type":"Point","coordinates":[41.63016740500005,22.95297137200005]},"properties":{"ID":"OK22","Type":"V","PitTraps":3,"Contig":0,"Length":383,"Orient":81,"SlopeOr":90,"_layer":"GlobalKites - Open Kites"}},{"type":"Feature","geometry":{"type":"Point","coordinates":[41.64054529700005,22.94522060900005]},"properties":{"ID":"OK23","Type":"C","PitTraps":12,"Contig":0,"Length":412,"Orient":269,"SlopeOr":113,"_layer":"GlobalKites - Open Kites"}},{"type":"Feature","geometry":{"type":"Point","coordinates":[41.636274365000055,22.94262257500005]},"properties":{"ID":"OK24","Type":"W","PitTraps":4,"Contig":0,"Length":172,"Orient":340,"SlopeOr":315,"_layer":"GlobalKites - Open Kites"}},{"type":"Feature","geometry":{"type":"Point","coordinates":[41.84025624900005,21.31247793800005]},"properties":{"ID":"OK25","Type":"V","PitTraps":5,"Contig":1,"Length":388,"Orient":247,"SlopeOr":135,"_layer":"GlobalKites - Open Kites"}},{"type":"Feature","geometry":{"type":"Point","coordinates":[41.83780830900005,21.30355690700005]},"properties":{"ID":"OK26","Type":"V","PitTraps":3,"Contig":1,"Length":334,"Orient":280,"SlopeOr":76,"_layer":"GlobalKites - Open Kites"}},{"type":"Feature","geometry":{"type":"Point","coordinates":[41.82025618400005,21.27432500400005]},"properties":{"ID":"OK27","Type":"C","PitTraps":12,"Contig":0,"Length":441,"Orient":340,"SlopeOr":291,"_layer":"GlobalKites - Open Kites"}},{"type":"Feature","geometry":{"type":"Point","coordinates":[41.82003695400005,21.27043798800005]},"properties":{"ID":"OK28","Type":"W","PitTraps":4,"Contig":0,"Length":218,"Orient":178,"SlopeOr":127,"_layer":"GlobalKites - Open Kites"}},{"type":"Feature","geometry":{"type":"Point","coordinates":[41.82543511000005,21.26772239600005]},"properties":{"ID":"OK29","Type":"W","PitTraps":7,"Contig":0,"Length":336,"Orient":253,"SlopeOr":321,"_layer":"GlobalKites - Open Kites"}},{"type":"Feature","geometry":{"type":"Point","coordinates":[41.82329800800005,21.26601033700005]},"properties":{"ID":"OK30","Type":"W","PitTraps":5,"Contig":0,"Length":353,"Orient":306,"SlopeOr":9,"_layer":"GlobalKites - Open Kites"}},{"type":"Feature","geometry":{"type":"Point","coordinates":[41.82398074400005,21.26349893700005]},"properties":{"ID":"OK31","Type":"V","PitTraps":20,"Contig":1,"Length":588,"Orient":344,"SlopeOr":36,"_layer":"GlobalKites - Open Kites"}},{"type":"Feature","geometry":{"type":"Point","coordinates":[41.828047270000056,21.26143714700005]},"properties":{"ID":"OK32","Type":"C","PitTraps":15,"Contig":1,"Length":208,"Orient":276,"SlopeOr":338,"_layer":"GlobalKites - Open Kites"}},{"type":"Feature","geometry":{"type":"Point","coordinates":[39.23040953100005,25.85042598700005]},"properties":{"ID":"OK33","Type":"C","PitTraps":4,"Contig":0,"Length":194,"Orient":273,"SlopeOr":279,"_layer":"GlobalKites - Open Kites"}},{"type":"Feature","geometry":{"type":"Point","coordinates":[39.212237372000054,25.82552735000005]},"properties":{"ID":"OK34","Type":"V","PitTraps":1,"Contig":0,"Length":175,"Orient":267,"SlopeOr":288,"_layer":"GlobalKites - Open Kites"}},{"type":"Feature","geometry":{"type":"Point","coordinates":[39.20859891700005,25.82178238100005]},"properties":{"ID":"OK35","Type":"V","PitTraps":2,"Contig":0,"Length":169,"Orient":268,"SlopeOr":255,"_layer":"GlobalKites - Open Kites"}},{"type":"Feature","geometry":{"type":"Point","coordinates":[39.16863433100005,25.819628394000052]},"properties":{"ID":"OK36","Type":"W","PitTraps":2,"Contig":0,"Length":277,"Orient":230,"SlopeOr":324,"_layer":"GlobalKites - Open Kites"}},{"type":"Feature","geometry":{"type":"Point","coordinates":[39.16478399100005,25.809316597000052]},"properties":{"ID":"OK37","Type":"V","PitTraps":1,"Contig":0,"Length":300,"Orient":65,"SlopeOr":278,"_layer":"GlobalKites - Open Kites"}},{"type":"Feature","geometry":{"type":"Point","coordinates":[39.19347600700005,25.79278166000005]},"properties":{"ID":"OK38","Type":"V","PitTraps":2,"Contig":0,"Length":260,"Orient":291,"SlopeOr":162,"_layer":"GlobalKites - Open Kites"}},{"type":"Feature","geometry":{"type":"Point","coordinates":[39.17693572600005,25.775845709000052]},"properties":{"ID":"OK39","Type":"V","PitTraps":2,"Contig":0,"Length":212,"Orient":121,"SlopeOr":117,"_layer":"GlobalKites - Open Kites"}},{"type":"Feature","geometry":{"type":"Point","coordinates":[39.17718999600005,25.774801375000052]},"properties":{"ID":"OK40","Type":"V","PitTraps":4,"Contig":0,"Length":314,"Orient":60,"SlopeOr":31,"_layer":"GlobalKites - Open Kites"}},{"type":"Feature","geometry":{"type":"Point","coordinates":[40.41046605500005,25.64189242600005]},"properties":{"ID":"OK41","Type":"C","PitTraps":5,"Contig":1,"Length":233,"Orient":269,"SlopeOr":225,"_layer":"GlobalKites - Open Kites"}},{"type":"Feature","geometry":{"type":"Point","coordinates":[39.208575419000056,25.698613992000052]},"properties":{"ID":"OK42","Type":"V","PitTraps":1,"Contig":0,"Length":178,"Orient":225,"SlopeOr":269,"_layer":"GlobalKites - Open Kites"}},{"type":"Feature","geometry":{"type":"Point","coordinates":[39.188204709000054,25.66697017700005]},"properties":{"ID":"OK43","Type":"W","PitTraps":3,"Contig":0,"Length":282,"Orient":90,"SlopeOr":135,"_layer":"GlobalKites - Open Kites"}},{"type":"Feature","geometry":{"type":"Point","coordinates":[39.20002986400005,25.66279943600005]},"properties":{"ID":"OK44","Type":"V","PitTraps":2,"Contig":0,"Length":156,"Orient":63,"SlopeOr":35,"_layer":"GlobalKites - Open Kites"}},{"type":"Feature","geometry":{"type":"Point","coordinates":[39.295341427000054,25.78966561100005]},"properties":{"ID":"OK45","Type":"C","PitTraps":15,"Contig":1,"Length":615,"Orient":241,"SlopeOr":220,"_layer":"GlobalKites - Open Kites"}},{"type":"Feature","geometry":{"type":"Point","coordinates":[39.32807325300005,25.75707964100005]},"properties":{"ID":"OK46","Type":"V","PitTraps":1,"Contig":0,"Length":121,"Orient":39,"SlopeOr":40,"_layer":"GlobalKites - Open Kites"}},{"type":"Feature","geometry":{"type":"Point","coordinates":[39.31164643500005,25.57606976500005]},"properties":{"ID":"OK47","Type":"C","PitTraps":2,"Contig":0,"Length":144,"Orient":93,"SlopeOr":100,"_layer":"GlobalKites - Open Kites"}},{"type":"Feature","geometry":{"type":"Point","coordinates":[39.29908944300005,25.58256052200005]},"properties":{"ID":"OK48","Type":"C","PitTraps":9,"Contig":0,"Length":121,"Orient":20,"SlopeOr":23,"_layer":"GlobalKites - Open Kites"}},{"type":"Feature","geometry":{"type":"Point","coordinates":[39.29036484700005,25.59101206900005]},"properties":{"ID":"OK49","Type":"V","PitTraps":1,"Contig":0,"Length":107,"Orient":227,"SlopeOr":211,"_layer":"GlobalKites - Open Kites"}},{"type":"Feature","geometry":{"type":"Point","coordinates":[39.29552930500005,25.618208037000052]},"properties":{"ID":"OK50","Type":"C","PitTraps":7,"Contig":0,"Length":217,"Orient":307,"SlopeOr":326,"_layer":"GlobalKites - Open Kites"}},{"type":"Feature","geometry":{"type":"Point","coordinates":[39.29028258300005,25.605538729000052]},"properties":{"ID":"OK51","Type":"C","PitTraps":3,"Contig":0,"Length":220,"Orient":87,"SlopeOr":55,"_layer":"GlobalKites - Open Kites"}},{"type":"Feature","geometry":{"type":"Point","coordinates":[39.285358763000055,25.617886517000052]},"properties":{"ID":"OK52","Type":"V","PitTraps":1,"Contig":0,"Length":87,"Orient":278,"SlopeOr":241,"_layer":"GlobalKites - Open Kites"}},{"type":"Feature","geometry":{"type":"Point","coordinates":[39.26458096300005,25.63162087700005]},"properties":{"ID":"OK53","Type":"C","PitTraps":5,"Contig":0,"Length":263,"Orient":167,"SlopeOr":123,"_layer":"GlobalKites - Open Kites"}},{"type":"Feature","geometry":{"type":"Point","coordinates":[39.26328663500005,25.63352460300005]},"properties":{"ID":"OK54","Type":"V","PitTraps":2,"Contig":0,"Length":176,"Orient":261,"SlopeOr":225,"_layer":"GlobalKites - Open Kites"}},{"type":"Feature","geometry":{"type":"Point","coordinates":[40.42443955900005,25.65496229100005]},"properties":{"ID":"OK55","Type":"W","PitTraps":2,"Contig":0,"Length":118,"Orient":59,"SlopeOr":49,"_layer":"GlobalKites - Open Kites"}},{"type":"Feature","geometry":{"type":"Point","coordinates":[39.35792713600005,25.61665211200005]},"properties":{"ID":"OK56","Type":"C","PitTraps":3,"Contig":0,"Length":450,"Orient":99,"SlopeOr":333,"_layer":"GlobalKites - Open Kites"}},{"type":"Feature","geometry":{"type":"Point","coordinates":[39.37527653400005,25.58590636600005]},"properties":{"ID":"OK57","Type":"W","PitTraps":2,"Contig":0,"Length":136,"Orient":254,"SlopeOr":270,"_layer":"GlobalKites - Open Kites"}},{"type":"Feature","geometry":{"type":"Point","coordinates":[40.43283429000005,25.64920214500005]},"properties":{"ID":"OK58","Type":"C","PitTraps":5,"Contig":1,"Length":341,"Orient":286,"SlopeOr":104,"_layer":"GlobalKites - Open Kites"}},{"type":"Feature","geometry":{"type":"Point","coordinates":[39.40932221700005,25.620017967000052]},"properties":{"ID":"OK59","Type":"V","PitTraps":1,"Contig":0,"Length":73,"Orient":203,"SlopeOr":207,"_layer":"GlobalKites - Open Kites"}},{"type":"Feature","geometry":{"type":"Point","coordinates":[39.43377120300005,25.63260068400005]},"properties":{"ID":"OK60","Type":"V","PitTraps":1,"Contig":0,"Length":680,"Orient":90,"SlopeOr":72,"_layer":"GlobalKites - Open Kites"}},{"type":"Feature","geometry":{"type":"Point","coordinates":[39.428347548000055,25.63290385000005]},"properties":{"ID":"OK61","Type":"C","PitTraps":2,"Contig":0,"Length":475,"Orient":165,"SlopeOr":108,"_layer":"GlobalKites - Open Kites"}},{"type":"Feature","geometry":{"type":"Point","coordinates":[40.41692776000005,25.652175423000052]},"properties":{"ID":"OK62","Type":"C","PitTraps":2,"Contig":0,"Length":224,"Orient":17,"SlopeOr":343,"_layer":"GlobalKites - Open Kites"}},{"type":"Feature","geometry":{"type":"Point","coordinates":[39.46498475600005,25.606826312000052]},"properties":{"ID":"OK63","Type":"C","PitTraps":7,"Contig":0,"Length":415,"Orient":272,"SlopeOr":149,"_layer":"GlobalKites - Open Kites"}},{"type":"Feature","geometry":{"type":"Point","coordinates":[39.46747871400005,25.60649067900005]},"properties":{"ID":"OK64","Type":"V","PitTraps":1,"Contig":0,"Length":103,"Orient":30,"SlopeOr":333,"_layer":"GlobalKites - Open Kites"}},{"type":"Feature","geometry":{"type":"Point","coordinates":[39.53847000700005,25.64219272500005]},"properties":{"ID":"OK65","Type":"C","PitTraps":19,"Contig":1,"Length":153,"Orient":340,"SlopeOr":312,"_layer":"GlobalKites - Open Kites"}},{"type":"Feature","geometry":{"type":"Point","coordinates":[39.552205519000054,25.65973413700005]},"properties":{"ID":"OK66","Type":"C","PitTraps":2,"Contig":1,"Length":111,"Orient":235,"SlopeOr":233,"_layer":"GlobalKites - Open Kites"}},{"type":"Feature","geometry":{"type":"Point","coordinates":[39.53771254200005,25.56384146700005]},"properties":{"ID":"OK67","Type":"V","PitTraps":1,"Contig":0,"Length":73,"Orient":74,"SlopeOr":225,"_layer":"GlobalKites - Open Kites"}},{"type":"Feature","geometry":{"type":"Point","coordinates":[39.53307497400005,25.563871517000052]},"properties":{"ID":"OK68","Type":"W","PitTraps":2,"Contig":0,"Length":223,"Orient":142,"SlopeOr":153,"_layer":"GlobalKites - Open Kites"}},{"type":"Feature","geometry":{"type":"Point","coordinates":[39.53033418900005,25.562187822000052]},"properties":{"ID":"OK69","Type":"C","PitTraps":6,"Contig":0,"Length":232,"Orient":3,"SlopeOr":27,"_layer":"GlobalKites - Open Kites"}},{"type":"Feature","geometry":{"type":"Point","coordinates":[39.51451700900005,25.568070688000052]},"properties":{"ID":"OK70","Type":"W","PitTraps":2,"Contig":0,"Length":174,"Orient":17,"SlopeOr":45,"_layer":"GlobalKites - Open Kites"}},{"type":"Feature","geometry":{"type":"Point","coordinates":[39.46113462400005,25.589446649000053]},"properties":{"ID":"OK71","Type":"V","PitTraps":2,"Contig":0,"Length":134,"Orient":64,"SlopeOr":45,"_layer":"GlobalKites - Open Kites"}},{"type":"Feature","geometry":{"type":"Point","coordinates":[39.46030424600005,25.58947267900005]},"properties":{"ID":"OK72","Type":"V","PitTraps":1,"Contig":0,"Length":71,"Orient":2,"SlopeOr":329,"_layer":"GlobalKites - Open Kites"}},{"type":"Feature","geometry":{"type":"Point","coordinates":[39.44836169800005,25.58807634200005]},"properties":{"ID":"OK73","Type":"V","PitTraps":1,"Contig":0,"Length":177,"Orient":332,"SlopeOr":6,"_layer":"GlobalKites - Open Kites"}},{"type":"Feature","geometry":{"type":"Point","coordinates":[39.47489145200005,25.416858441000052]},"properties":{"ID":"OK74","Type":"W","PitTraps":5,"Contig":0,"Length":283,"Orient":160,"SlopeOr":146,"_layer":"GlobalKites - Open Kites"}},{"type":"Feature","geometry":{"type":"Point","coordinates":[39.47468935300005,25.414369626000052]},"properties":{"ID":"OK75","Type":"V","PitTraps":1,"Contig":0,"Length":76,"Orient":302,"SlopeOr":45,"_layer":"GlobalKites - Open Kites"}},{"type":"Feature","geometry":{"type":"Point","coordinates":[39.46667926400005,25.41353844600005]},"properties":{"ID":"OK76","Type":"V","PitTraps":1,"Contig":0,"Length":50,"Orient":30,"SlopeOr":330,"_layer":"GlobalKites - Open Kites"}},{"type":"Feature","geometry":{"type":"Point","coordinates":[40.55200322300005,25.82344684800005]},"properties":{"ID":"OK77","Type":"C","PitTraps":16,"Contig":1,"Length":183,"Orient":116,"SlopeOr":81,"_layer":"GlobalKites - Open Kites"}},{"type":"Feature","geometry":{"type":"Point","coordinates":[39.39333007900005,25.39737185900005]},"properties":{"ID":"OK78","Type":"C","PitTraps":6,"Contig":1,"Length":136,"Orient":145,"SlopeOr":108,"_layer":"GlobalKites - Open Kites"}},{"type":"Feature","geometry":{"type":"Point","coordinates":[39.390368775000056,25.394943874000052]},"properties":{"ID":"OK79","Type":"C","PitTraps":7,"Contig":1,"Length":167,"Orient":148,"SlopeOr":138,"_layer":"GlobalKites - Open Kites"}},{"type":"Feature","geometry":{"type":"Point","coordinates":[39.391565183000054,25.39572810400005]},"properties":{"ID":"OK80","Type":"C","PitTraps":3,"Contig":1,"Length":134,"Orient":147,"SlopeOr":153,"_layer":"GlobalKites - Open Kites"}},{"type":"Feature","geometry":{"type":"Point","coordinates":[40.559423945000056,24.995749202000052]},"properties":{"ID":"OK81","Type":"C","PitTraps":2,"Contig":0,"Length":294,"Orient":282,"SlopeOr":281,"_layer":"GlobalKites - Open Kites"}},{"type":"Feature","geometry":{"type":"Point","coordinates":[40.386868877000055,25.65951957500005]},"properties":{"ID":"OK82","Type":"V","PitTraps":1,"Contig":0,"Length":162,"Orient":177,"SlopeOr":217,"_layer":"GlobalKites - Open Kites"}},{"type":"Feature","geometry":{"type":"Point","coordinates":[40.385040571000054,25.66200254300005]},"properties":{"ID":"OK83","Type":"C","PitTraps":8,"Contig":1,"Length":171,"Orient":90,"SlopeOr":79,"_layer":"GlobalKites - Open Kites"}},{"type":"Feature","geometry":{"type":"Point","coordinates":[40.38809881200005,25.66642213900005]},"properties":{"ID":"OK84","Type":"C","PitTraps":8,"Contig":1,"Length":195,"Orient":119,"SlopeOr":121,"_layer":"GlobalKites - Open Kites"}},{"type":"Feature","geometry":{"type":"Point","coordinates":[40.415255753000054,25.70311645500005]},"properties":{"ID":"OK85","Type":"V","PitTraps":1,"Contig":0,"Length":142,"Orient":263,"SlopeOr":321,"_layer":"GlobalKites - Open Kites"}},{"type":"Feature","geometry":{"type":"Point","coordinates":[39.28799967900005,25.904909113000052]},"properties":{"ID":"OK86","Type":"C","PitTraps":1,"Contig":0,"Length":104,"Orient":319,"SlopeOr":6,"_layer":"GlobalKites - Open Kites"}},{"type":"Feature","geometry":{"type":"Point","coordinates":[40.414619128000055,25.64833802300005]},"properties":{"ID":"OK87","Type":"V","PitTraps":6,"Contig":1,"Length":176,"Orient":250,"SlopeOr":282,"_layer":"GlobalKites - Open Kites"}},{"type":"Feature","geometry":{"type":"Point","coordinates":[40.41573758300005,25.65234406800005]},"properties":{"ID":"OK88","Type":"V","PitTraps":1,"Contig":0,"Length":194,"Orient":141,"SlopeOr":0,"_layer":"GlobalKites - Open Kites"}},{"type":"Feature","geometry":{"type":"Point","coordinates":[40.42163076700005,25.65614539400005]},"properties":{"ID":"OK89","Type":"V","PitTraps":1,"Contig":0,"Length":154,"Orient":352,"SlopeOr":13,"_layer":"GlobalKites - Open Kites"}},{"type":"Feature","geometry":{"type":"Point","coordinates":[40.54251330800005,25.81978942700005]},"properties":{"ID":"OK90","Type":"V","PitTraps":3,"Contig":1,"Length":79,"Orient":175,"SlopeOr":146,"_layer":"GlobalKites - Open Kites"}},{"type":"Feature","geometry":{"type":"Point","coordinates":[40.54435869700005,25.82077781200005]},"properties":{"ID":"OK91","Type":"C","PitTraps":13,"Contig":1,"Length":418,"Orient":155,"SlopeOr":118,"_layer":"GlobalKites - Open Kites"}},{"type":"Feature","geometry":{"type":"Point","coordinates":[40.54584379600005,25.820410429000052]},"properties":{"ID":"OK92","Type":"C","PitTraps":6,"Contig":0,"Length":190,"Orient":302,"SlopeOr":122,"_layer":"GlobalKites - Open Kites"}},{"type":"Feature","geometry":{"type":"Point","coordinates":[40.55382938500005,25.82100969800005]},"properties":{"ID":"OK93","Type":"C","PitTraps":4,"Contig":0,"Length":184,"Orient":305,"SlopeOr":350,"_layer":"GlobalKites - Open Kites"}},{"type":"Feature","geometry":{"type":"Point","coordinates":[40.687597135000054,26.01015371500005]},"properties":{"ID":"OK94","Type":"C","PitTraps":6,"Contig":1,"Length":161,"Orient":141,"SlopeOr":163,"_layer":"GlobalKites - Open Kites"}},{"type":"Feature","geometry":{"type":"Point","coordinates":[40.68984900200005,26.01070928200005]},"properties":{"ID":"OK95","Type":"C","PitTraps":7,"Contig":0,"Length":166,"Orient":191,"SlopeOr":202,"_layer":"GlobalKites - Open Kites"}},{"type":"Feature","geometry":{"type":"Point","coordinates":[40.51500147400005,25.97670649100005]},"properties":{"ID":"OK96","Type":"C","PitTraps":20,"Contig":1,"Length":371,"Orient":256,"SlopeOr":257,"_layer":"GlobalKites - Open Kites"}},{"type":"Feature","geometry":{"type":"Point","coordinates":[40.46487992800005,25.95482492100005]},"properties":{"ID":"OK97","Type":"C","PitTraps":15,"Contig":1,"Length":547,"Orient":357,"SlopeOr":18,"_layer":"GlobalKites - Open Kites"}},{"type":"Feature","geometry":{"type":"Point","coordinates":[40.439504631000055,25.94639569100005]},"properties":{"ID":"OK98","Type":"V","PitTraps":1,"Contig":0,"Length":150,"Orient":120,"SlopeOr":63,"_layer":"GlobalKites - Open Kites"}},{"type":"Feature","geometry":{"type":"Point","coordinates":[40.37773665400005,25.95177451000005]},"properties":{"ID":"OK99","Type":"V","PitTraps":3,"Contig":1,"Length":97,"Orient":245,"SlopeOr":45,"_layer":"GlobalKites - Open Kites"}},{"type":"Feature","geometry":{"type":"Point","coordinates":[40.53165930200005,26.12063817600005]},"properties":{"ID":"OK100","Type":"W","PitTraps":4,"Contig":0,"Length":562,"Orient":268,"SlopeOr":270,"_layer":"GlobalKites - Open Kites"}},{"type":"Feature","geometry":{"type":"Point","coordinates":[40.05041082400005,24.986272978000052]},"properties":{"ID":"OK101","Type":"V","PitTraps":2,"Contig":0,"Length":148,"Orient":305,"SlopeOr":211,"_layer":"GlobalKites - Open Kites"}},{"type":"Feature","geometry":{"type":"Point","coordinates":[40.539608294000054,26.13377669600005]},"properties":{"ID":"OK102","Type":"V","PitTraps":1,"Contig":0,"Length":77,"Orient":270,"SlopeOr":328,"_layer":"GlobalKites - Open Kites"}},{"type":"Feature","geometry":{"type":"Point","coordinates":[40.52633432000005,26.11545805800005]},"properties":{"ID":"OK103","Type":"C","PitTraps":6,"Contig":1,"Length":481,"Orient":289,"SlopeOr":323,"_layer":"GlobalKites - Open Kites"}},{"type":"Feature","geometry":{"type":"Point","coordinates":[41.83792783700005,21.01643147100005]},"properties":{"ID":"OK104","Type":"V","PitTraps":4,"Contig":1,"Length":127,"Orient":307,"SlopeOr":22,"_layer":"GlobalKites - Open Kites"}},{"type":"Feature","geometry":{"type":"Point","coordinates":[40.397412874000054,26.12107567400005]},"properties":{"ID":"OK105","Type":"V","PitTraps":1,"Contig":1,"Length":268,"Orient":46,"SlopeOr":247,"_layer":"GlobalKites - Open Kites"}},{"type":"Feature","geometry":{"type":"Point","coordinates":[40.398956074000054,26.00552465200005]},"properties":{"ID":"OK106","Type":"W","PitTraps":2,"Contig":0,"Length":125,"Orient":171,"SlopeOr":79,"_layer":"GlobalKites - Open Kites"}},{"type":"Feature","geometry":{"type":"Point","coordinates":[39.407349116000056,25.58816033700005]},"properties":{"ID":"OK107","Type":"C","PitTraps":4,"Contig":0,"Length":105,"Orient":257,"SlopeOr":166,"_layer":"GlobalKites - Open Kites"}},{"type":"Feature","geometry":{"type":"Point","coordinates":[40.48968330700005,25.94506253900005]},"properties":{"ID":"OK108","Type":"V","PitTraps":1,"Contig":0,"Length":491,"Orient":297,"SlopeOr":225,"_layer":"GlobalKites - Open Kites"}},{"type":"Feature","geometry":{"type":"Point","coordinates":[41.938177491000054,21.29776295500005]},"properties":{"ID":"OK109","Type":"V","PitTraps":3,"Contig":0,"Length":120,"Orient":225,"SlopeOr":45,"_layer":"GlobalKites - Open Kites"}},{"type":"Feature","geometry":{"type":"Point","coordinates":[40.29496731100005,23.48659857100005]},"properties":{"ID":"OK110","Type":"W","PitTraps":3,"Contig":0,"Length":464,"Orient":162,"SlopeOr":162,"_layer":"GlobalKites - Open Kites"}},{"type":"Feature","geometry":{"type":"Point","coordinates":[40.414083381000054,25.70453831000005]},"properties":{"ID":"OK111","Type":"V","PitTraps":1,"Contig":0,"Length":281,"Orient":225,"SlopeOr":270,"_layer":"GlobalKites - Open Kites"}},{"type":"Feature","geometry":{"type":"Point","coordinates":[40.38121344100005,25.65922003200005]},"properties":{"ID":"OK112","Type":"V","PitTraps":1,"Contig":0,"Length":267,"Orient":87,"SlopeOr":135,"_layer":"GlobalKites - Open Kites"}},{"type":"Feature","geometry":{"type":"Point","coordinates":[41.96640398900005,21.59754254100005]},"properties":{"ID":"OK113","Type":"C","PitTraps":12,"Contig":1,"Length":320,"Orient":288,"SlopeOr":225,"_layer":"GlobalKites - Open Kites"}},{"type":"Feature","geometry":{"type":"Point","coordinates":[40.44344279300005,25.653936999000052]},"properties":{"ID":"OK114","Type":"V","PitTraps":4,"Contig":1,"Length":111,"Orient":181,"SlopeOr":144,"_layer":"GlobalKites - Open Kites"}},{"type":"Feature","geometry":{"type":"Point","coordinates":[40.44182118700005,25.65563158500005]},"properties":{"ID":"OK115","Type":"C","PitTraps":8,"Contig":1,"Length":313,"Orient":163,"SlopeOr":84,"_layer":"GlobalKites - Open Kites"}},{"type":"Feature","geometry":{"type":"Point","coordinates":[40.466158089000054,25.66138893400005]},"properties":{"ID":"OK116","Type":"C","PitTraps":5,"Contig":0,"Length":409,"Orient":337,"SlopeOr":270,"_layer":"GlobalKites - Open Kites"}},{"type":"Feature","geometry":{"type":"Point","coordinates":[39.51631697500005,25.23972011900005]},"properties":{"ID":"OK117","Type":"C","PitTraps":4,"Contig":0,"Length":139,"Orient":353,"SlopeOr":144,"_layer":"GlobalKites - Open Kites"}},{"type":"Feature","geometry":{"type":"Point","coordinates":[39.42760512000005,25.48209107100005]},"properties":{"ID":"OK118","Type":"V","PitTraps":3,"Contig":0,"Length":172,"Orient":22,"SlopeOr":24,"_layer":"GlobalKites - Open Kites"}},{"type":"Feature","geometry":{"type":"Point","coordinates":[39.383867452000054,25.57563424400005]},"properties":{"ID":"OK119","Type":"C","PitTraps":3,"Contig":0,"Length":270,"Orient":291,"SlopeOr":259,"_layer":"GlobalKites - Open Kites"}},{"type":"Feature","geometry":{"type":"Point","coordinates":[39.37214371200005,25.58700073900005]},"properties":{"ID":"OK120","Type":"V","PitTraps":2,"Contig":0,"Length":124,"Orient":195,"SlopeOr":242,"_layer":"GlobalKites - Open Kites"}},{"type":"Feature","geometry":{"type":"Point","coordinates":[39.338489358000054,25.58726136800005]},"properties":{"ID":"OK121","Type":"C","PitTraps":5,"Contig":0,"Length":652,"Orient":313,"SlopeOr":284,"_layer":"GlobalKites - Open Kites"}},{"type":"Feature","geometry":{"type":"Point","coordinates":[39.20687603300005,25.69818296500005]},"properties":{"ID":"OK122","Type":"V","PitTraps":4,"Contig":0,"Length":173,"Orient":55,"SlopeOr":304,"_layer":"GlobalKites - Open Kites"}},{"type":"Feature","geometry":{"type":"Point","coordinates":[39.21006461200005,25.694510578000052]},"properties":{"ID":"OK123","Type":"V","PitTraps":1,"Contig":0,"Length":71,"Orient":224,"SlopeOr":200,"_layer":"GlobalKites - Open Kites"}},{"type":"Feature","geometry":{"type":"Point","coordinates":[39.42057886500005,25.57912473500005]},"properties":{"ID":"OK124","Type":"V","PitTraps":2,"Contig":1,"Length":145,"Orient":128,"SlopeOr":135,"_layer":"GlobalKites - Open Kites"}},{"type":"Feature","geometry":{"type":"Point","coordinates":[39.420002843000056,25.57240330500005]},"properties":{"ID":"OK125","Type":"W","PitTraps":3,"Contig":0,"Length":215,"Orient":172,"SlopeOr":165,"_layer":"GlobalKites - Open Kites"}},{"type":"Feature","geometry":{"type":"Point","coordinates":[40.56340791900005,25.018605831000052]},"properties":{"ID":"OK126","Type":"V","PitTraps":12,"Contig":1,"Length":251,"Orient":224,"SlopeOr":270,"_layer":"GlobalKites - Open Kites"}},{"type":"Feature","geometry":{"type":"Point","coordinates":[40.56134199000005,25.01832271700005]},"properties":{"ID":"OK127","Type":"C","PitTraps":35,"Contig":1,"Length":746,"Orient":44,"SlopeOr":39,"_layer":"GlobalKites - Open Kites"}},{"type":"Feature","geometry":{"type":"Point","coordinates":[40.562134996000054,25.02011067700005]},"properties":{"ID":"OK128","Type":"C","PitTraps":5,"Contig":0,"Length":167,"Orient":255,"SlopeOr":195,"_layer":"GlobalKites - Open Kites"}},{"type":"Feature","geometry":{"type":"Point","coordinates":[40.55955816200005,25.022279619000052]},"properties":{"ID":"OK129","Type":"C","PitTraps":8,"Contig":1,"Length":198,"Orient":66,"SlopeOr":128,"_layer":"GlobalKites - Open Kites"}},{"type":"Feature","geometry":{"type":"Point","coordinates":[39.35184363700005,25.89239279600005]},"properties":{"ID":"OK130","Type":"C","PitTraps":3,"Contig":0,"Length":168,"Orient":216,"SlopeOr":259,"_layer":"GlobalKites - Open Kites"}},{"type":"Feature","geometry":{"type":"Point","coordinates":[39.40102399600005,25.83532097100005]},"properties":{"ID":"OK131","Type":"V","PitTraps":1,"Contig":0,"Length":224,"Orient":345,"SlopeOr":306,"_layer":"GlobalKites - Open Kites"}},{"type":"Feature","geometry":{"type":"Point","coordinates":[40.55960467100005,25.02895813800005]},"properties":{"ID":"OK132","Type":"C","PitTraps":22,"Contig":1,"Length":315,"Orient":14,"SlopeOr":198,"_layer":"GlobalKites - Open Kites"}},{"type":"Feature","geometry":{"type":"Point","coordinates":[40.559288636000055,25.03040735100005]},"properties":{"ID":"OK133","Type":"C","PitTraps":31,"Contig":1,"Length":453,"Orient":356,"SlopeOr":59,"_layer":"GlobalKites - Open Kites"}},{"type":"Feature","geometry":{"type":"Point","coordinates":[40.55958459400005,25.01220596200005]},"properties":{"ID":"OK134","Type":"C","PitTraps":9,"Contig":0,"Length":400,"Orient":239,"SlopeOr":254,"_layer":"GlobalKites - Open Kites"}},{"type":"Feature","geometry":{"type":"Point","coordinates":[40.565115252000055,25.00527042700005]},"properties":{"ID":"OK135","Type":"C","PitTraps":16,"Contig":1,"Length":206,"Orient":42,"SlopeOr":45,"_layer":"GlobalKites - Open Kites"}},{"type":"Feature","geometry":{"type":"Point","coordinates":[40.410512225000055,25.64487736600005]},"properties":{"ID":"OK136","Type":"C","PitTraps":9,"Contig":1,"Length":329,"Orient":158,"SlopeOr":119,"_layer":"GlobalKites - Open Kites"}},{"type":"Feature","geometry":{"type":"Point","coordinates":[40.42632108400005,25.65123553200005]},"properties":{"ID":"OK137","Type":"W","PitTraps":3,"Contig":0,"Length":471,"Orient":60,"SlopeOr":41,"_layer":"GlobalKites - Open Kites"}},{"type":"Feature","geometry":{"type":"Point","coordinates":[40.42794619800005,25.65152964000005]},"properties":{"ID":"OK138","Type":"W","PitTraps":4,"Contig":0,"Length":574,"Orient":204,"SlopeOr":195,"_layer":"GlobalKites - Open Kites"}},{"type":"Feature","geometry":{"type":"Point","coordinates":[40.45038060500005,25.65970407800005]},"properties":{"ID":"OK139","Type":"C","PitTraps":29,"Contig":1,"Length":378,"Orient":243,"SlopeOr":252,"_layer":"GlobalKites - Open Kites"}},{"type":"Feature","geometry":{"type":"Point","coordinates":[40.45195931200005,25.65871021600005]},"properties":{"ID":"OK140","Type":"C","PitTraps":14,"Contig":0,"Length":477,"Orient":259,"SlopeOr":357,"_layer":"GlobalKites - Open Kites"}},{"type":"Feature","geometry":{"type":"Point","coordinates":[41.82956053200005,21.26676346500005]},"properties":{"ID":"OK141","Type":"V","PitTraps":8,"Contig":1,"Length":498,"Orient":244,"SlopeOr":198,"_layer":"GlobalKites - Open Kites"}},{"type":"Feature","geometry":{"type":"Point","coordinates":[41.830233994000054,21.26879719500005]},"properties":{"ID":"OK142","Type":"V","PitTraps":10,"Contig":1,"Length":198,"Orient":294,"SlopeOr":346,"_layer":"GlobalKites - Open Kites"}},{"type":"Feature","geometry":{"type":"Point","coordinates":[41.830465319000055,21.26510966900005]},"properties":{"ID":"OK143","Type":"V","PitTraps":8,"Contig":1,"Length":266,"Orient":230,"SlopeOr":239,"_layer":"GlobalKites - Open Kites"}},{"type":"Feature","geometry":{"type":"Point","coordinates":[39.476358598000054,25.415591852000052]},"properties":{"ID":"OK144","Type":"C","PitTraps":5,"Contig":0,"Length":306,"Orient":327,"SlopeOr":273,"_layer":"GlobalKites - Open Kites"}},{"type":"Feature","geometry":{"type":"Point","coordinates":[39.51585930300005,25.56877275200005]},"properties":{"ID":"OK145","Type":"C","PitTraps":5,"Contig":0,"Length":143,"Orient":245,"SlopeOr":225,"_layer":"GlobalKites - Open Kites"}},{"type":"Feature","geometry":{"type":"Point","coordinates":[39.512195649000056,25.56927614800005]},"properties":{"ID":"OK146","Type":"C","PitTraps":3,"Contig":0,"Length":72,"Orient":213,"SlopeOr":0,"_layer":"GlobalKites - Open Kites"}},{"type":"Feature","geometry":{"type":"Point","coordinates":[40.290000000000056,23.46163000000005]},"properties":{"ID":"OK147","Type":"V","PitTraps":5,"Contig":1,"Length":140,"Orient":140,"SlopeOr":135,"_layer":"GlobalKites - Open Kites"}},{"type":"Feature","geometry":{"type":"Point","coordinates":[40.540562308000055,25.817791157000052]},"properties":{"ID":"OK148","Type":"V","PitTraps":5,"Contig":1,"Length":130,"Orient":179,"SlopeOr":111,"_layer":"GlobalKites - Open Kites"}},{"type":"Feature","geometry":{"type":"Point","coordinates":[40.540759695000055,25.81906472100005]},"properties":{"ID":"OK149","Type":"C","PitTraps":10,"Contig":0,"Length":307,"Orient":142,"SlopeOr":152,"_layer":"GlobalKites - Open Kites"}},{"type":"Feature","geometry":{"type":"Point","coordinates":[41.640285381000055,22.946895483000052]},"properties":{"ID":"OK150","Type":"V","PitTraps":4,"Contig":0,"Length":314,"Orient":276,"SlopeOr":-1,"_layer":"GlobalKites - Open Kites"}},{"type":"Feature","geometry":{"type":"Point","coordinates":[41.82452801000005,21.26643506200005]},"properties":{"ID":"OK151","Type":"W","PitTraps":2,"Contig":0,"Length":173,"Orient":1,"SlopeOr":326,"_layer":"GlobalKites - Open Kites"}},{"type":"Feature","geometry":{"type":"Point","coordinates":[41.824706086000056,21.27444158200005]},"properties":{"ID":"OK152","Type":"C","PitTraps":8,"Contig":0,"Length":488,"Orient":248,"SlopeOr":135,"_layer":"GlobalKites - Open Kites"}},{"type":"Feature","geometry":{"type":"Point","coordinates":[41.62695043200005,22.96347034500005]},"properties":{"ID":"OK153","Type":"V","PitTraps":1,"Contig":0,"Length":134,"Orient":346,"SlopeOr":332,"_layer":"GlobalKites - Open Kites"}},{"type":"Feature","geometry":{"type":"Point","coordinates":[40.44428391900005,25.65303870700005]},"properties":{"ID":"OK154","Type":"V","PitTraps":3,"Contig":1,"Length":122,"Orient":186,"SlopeOr":240,"_layer":"GlobalKites - Open Kites"}},{"type":"Feature","geometry":{"type":"Point","coordinates":[40.43733227100005,25.65239385000005]},"properties":{"ID":"OK155","Type":"C","PitTraps":2,"Contig":0,"Length":120,"Orient":166,"SlopeOr":45,"_layer":"GlobalKites - Open Kites"}},{"type":"Feature","geometry":{"type":"Point","coordinates":[40.42032472500005,25.65456756000005]},"properties":{"ID":"OK156","Type":"W","PitTraps":3,"Contig":0,"Length":503,"Orient":250,"SlopeOr":297,"_layer":"GlobalKites - Open Kites"}},{"type":"Feature","geometry":{"type":"Point","coordinates":[40.512414549000056,25.98026531000005]},"properties":{"ID":"OK157","Type":"C","PitTraps":14,"Contig":1,"Length":489,"Orient":191,"SlopeOr":170,"_layer":"GlobalKites - Open Kites"}},{"type":"Feature","geometry":{"type":"Point","coordinates":[40.69855492500005,26.00659505300005]},"properties":{"ID":"OK158","Type":"C","PitTraps":11,"Contig":1,"Length":364,"Orient":245,"SlopeOr":284,"_layer":"GlobalKites - Open Kites"}},{"type":"Feature","geometry":{"type":"Point","coordinates":[40.52819083800005,25.978603544000052]},"properties":{"ID":"OK159","Type":"V","PitTraps":3,"Contig":0,"Length":979,"Orient":307,"SlopeOr":288,"_layer":"GlobalKites - Open Kites"}},{"type":"Feature","geometry":{"type":"Point","coordinates":[39.403769610000055,25.552060280000052]},"properties":{"ID":"OK160","Type":"W","PitTraps":3,"Contig":0,"Length":210,"Orient":322,"SlopeOr":98,"_layer":"GlobalKites - Open Kites"}},{"type":"Feature","geometry":{"type":"Point","coordinates":[39.40509316300005,25.59127528300005]},"properties":{"ID":"OK161","Type":"W","PitTraps":2,"Contig":0,"Length":359,"Orient":97,"SlopeOr":166,"_layer":"GlobalKites - Open Kites"}},{"type":"Feature","geometry":{"type":"Point","coordinates":[39.53749894300005,25.13866023800005]},"properties":{"ID":"OK162","Type":"C","PitTraps":6,"Contig":0,"Length":763,"Orient":206,"SlopeOr":225,"_layer":"GlobalKites - Open Kites"}},{"type":"Feature","geometry":{"type":"Point","coordinates":[39.399920392000055,25.617260564000052]},"properties":{"ID":"OK163","Type":"V","PitTraps":1,"Contig":0,"Length":61,"Orient":66,"SlopeOr":8,"_layer":"GlobalKites - Open Kites"}},{"type":"Feature","geometry":{"type":"Point","coordinates":[40.40153039900005,26.00432567400005]},"properties":{"ID":"OK164","Type":"V","PitTraps":1,"Contig":0,"Length":60,"Orient":249,"SlopeOr":121,"_layer":"GlobalKites - Open Kites"}},{"type":"Feature","geometry":{"type":"Point","coordinates":[40.50965748000005,25.98276500500005]},"properties":{"ID":"OK165","Type":"C","PitTraps":11,"Contig":1,"Length":124,"Orient":198,"SlopeOr":223,"_layer":"GlobalKites - Open Kites"}},{"type":"Feature","geometry":{"type":"Point","coordinates":[40.50764524900005,25.98318967400005]},"properties":{"ID":"OK166","Type":"C","PitTraps":8,"Contig":1,"Length":243,"Orient":225,"SlopeOr":200,"_layer":"GlobalKites - Open Kites"}},{"type":"Feature","geometry":{"type":"Point","coordinates":[39.39198725600005,25.61802856200005]},"properties":{"ID":"OK167","Type":"W","PitTraps":4,"Contig":0,"Length":1151,"Orient":112,"SlopeOr":193,"_layer":"GlobalKites - Open Kites"}},{"type":"Feature","geometry":{"type":"Point","coordinates":[39.35448103500005,25.61127063600005]},"properties":{"ID":"OK168","Type":"C","PitTraps":6,"Contig":0,"Length":295,"Orient":228,"SlopeOr":241,"_layer":"GlobalKites - Open Kites"}},{"type":"Feature","geometry":{"type":"Point","coordinates":[39.352373285000056,25.610238295000052]},"properties":{"ID":"OK169","Type":"W","PitTraps":5,"Contig":0,"Length":444,"Orient":74,"SlopeOr":41,"_layer":"GlobalKites - Open Kites"}},{"type":"Feature","geometry":{"type":"Point","coordinates":[39.34113413400005,25.60998364200005]},"properties":{"ID":"OK170","Type":"C","PitTraps":4,"Contig":0,"Length":232,"Orient":221,"SlopeOr":270,"_layer":"GlobalKites - Open Kites"}},{"type":"Feature","geometry":{"type":"Point","coordinates":[39.264015797000056,25.71195908400005]},"properties":{"ID":"OK171","Type":"C","PitTraps":5,"Contig":0,"Length":247,"Orient":90,"SlopeOr":72,"_layer":"GlobalKites - Open Kites"}},{"type":"Feature","geometry":{"type":"Point","coordinates":[39.29451326700005,25.721824478000052]},"properties":{"ID":"OK172","Type":"C","PitTraps":4,"Contig":0,"Length":215,"Orient":282,"SlopeOr":283,"_layer":"GlobalKites - Open Kites"}},{"type":"Feature","geometry":{"type":"Point","coordinates":[39.23281341100005,25.86555269200005]},"properties":{"ID":"OK173","Type":"C","PitTraps":3,"Contig":0,"Length":246,"Orient":187,"SlopeOr":357,"_layer":"GlobalKites - Open Kites"}},{"type":"Feature","geometry":{"type":"Point","coordinates":[39.20824460400005,25.82003388400005]},"properties":{"ID":"OK174","Type":"V","PitTraps":1,"Contig":0,"Length":81,"Orient":278,"SlopeOr":297,"_layer":"GlobalKites - Open Kites"}},{"type":"Feature","geometry":{"type":"Point","coordinates":[39.18049282300005,25.674534446000052]},"properties":{"ID":"OK175","Type":"W","PitTraps":3,"Contig":0,"Length":276,"Orient":72,"SlopeOr":322,"_layer":"GlobalKites - Open Kites"}},{"type":"Feature","geometry":{"type":"Point","coordinates":[39.36334432200005,25.47893474400005]},"properties":{"ID":"OK176","Type":"C","PitTraps":10,"Contig":0,"Length":307,"Orient":161,"SlopeOr":127,"_layer":"GlobalKites - Open Kites"}},{"type":"Feature","geometry":{"type":"Point","coordinates":[39.36875775800005,25.44079574900005]},"properties":{"ID":"OK177","Type":"C","PitTraps":23,"Contig":1,"Length":790,"Orient":92,"SlopeOr":70,"_layer":"GlobalKites - Open Kites"}},{"type":"Feature","geometry":{"type":"Point","coordinates":[39.36743378800005,25.43649823400005]},"properties":{"ID":"OK178","Type":"V","PitTraps":3,"Contig":0,"Length":135,"Orient":270,"SlopeOr":288,"_layer":"GlobalKites - Open Kites"}},{"type":"Feature","geometry":{"type":"Point","coordinates":[39.377957032000054,25.40562629400005]},"properties":{"ID":"OK179","Type":"C","PitTraps":22,"Contig":1,"Length":491,"Orient":139,"SlopeOr":45,"_layer":"GlobalKites - Open Kites"}},{"type":"Feature","geometry":{"type":"Point","coordinates":[39.394782199000055,25.40734655700005]},"properties":{"ID":"OK180","Type":"C","PitTraps":9,"Contig":0,"Length":311,"Orient":206,"SlopeOr":184,"_layer":"GlobalKites - Open Kites"}},{"type":"Feature","geometry":{"type":"Point","coordinates":[39.38712165100005,25.39183168300005]},"properties":{"ID":"OK181","Type":"C","PitTraps":16,"Contig":1,"Length":327,"Orient":95,"SlopeOr":45,"_layer":"GlobalKites - Open Kites"}},{"type":"Feature","geometry":{"type":"Point","coordinates":[39.49222924400005,25.48410097200005]},"properties":{"ID":"OK182","Type":"C","PitTraps":7,"Contig":1,"Length":470,"Orient":152,"SlopeOr":246,"_layer":"GlobalKites - Open Kites"}},{"type":"Feature","geometry":{"type":"Point","coordinates":[39.49324661300005,25.484950870000052]},"properties":{"ID":"OK183","Type":"C","PitTraps":7,"Contig":0,"Length":291,"Orient":191,"SlopeOr":202,"_layer":"GlobalKites - Open Kites"}},{"type":"Feature","geometry":{"type":"Point","coordinates":[39.49542778400005,25.48353452900005]},"properties":{"ID":"OK184","Type":"C","PitTraps":4,"Contig":1,"Length":337,"Orient":215,"SlopeOr":309,"_layer":"GlobalKites - Open Kites"}},{"type":"Feature","geometry":{"type":"Point","coordinates":[39.498040395000054,25.48438026300005]},"properties":{"ID":"OK185","Type":"V","PitTraps":1,"Contig":0,"Length":118,"Orient":349,"SlopeOr":315,"_layer":"GlobalKites - Open Kites"}},{"type":"Feature","geometry":{"type":"Point","coordinates":[39.49693074700005,25.48516336700005]},"properties":{"ID":"OK186","Type":"C","PitTraps":5,"Contig":0,"Length":161,"Orient":177,"SlopeOr":299,"_layer":"GlobalKites - Open Kites"}},{"type":"Feature","geometry":{"type":"Point","coordinates":[39.47412234600005,25.58897356600005]},"properties":{"ID":"OK187","Type":"V","PitTraps":3,"Contig":1,"Length":118,"Orient":173,"SlopeOr":203,"_layer":"GlobalKites - Open Kites"}},{"type":"Feature","geometry":{"type":"Point","coordinates":[39.53777457500005,25.56248368900005]},"properties":{"ID":"OK188","Type":"C","PitTraps":18,"Contig":1,"Length":633,"Orient":61,"SlopeOr":36,"_layer":"GlobalKites - Open Kites"}},{"type":"Feature","geometry":{"type":"Point","coordinates":[39.51342330100005,25.24351051900005]},"properties":{"ID":"OK189","Type":"C","PitTraps":14,"Contig":1,"Length":356,"Orient":169,"SlopeOr":219,"_layer":"GlobalKites - Open Kites"}},{"type":"Feature","geometry":{"type":"Point","coordinates":[39.55251146900005,25.24673087400005]},"properties":{"ID":"OK190","Type":"C","PitTraps":9,"Contig":0,"Length":272,"Orient":194,"SlopeOr":243,"_layer":"GlobalKites - Open Kites"}},{"type":"Feature","geometry":{"type":"Point","coordinates":[39.57880581800005,25.24375984400005]},"properties":{"ID":"OK191","Type":"W","PitTraps":6,"Contig":0,"Length":209,"Orient":244,"SlopeOr":180,"_layer":"GlobalKites - Open Kites"}},{"type":"Feature","geometry":{"type":"Point","coordinates":[39.582835722000056,25.24653815300005]},"properties":{"ID":"OK192","Type":"W","PitTraps":4,"Contig":0,"Length":290,"Orient":119,"SlopeOr":239,"_layer":"GlobalKites - Open Kites"}},{"type":"Feature","geometry":{"type":"Point","coordinates":[39.58583914900005,25.24819011500005]},"properties":{"ID":"OK193","Type":"W","PitTraps":3,"Contig":0,"Length":396,"Orient":282,"SlopeOr":333,"_layer":"GlobalKites - Open Kites"}},{"type":"Feature","geometry":{"type":"Point","coordinates":[39.58495684900005,25.24959857400005]},"properties":{"ID":"OK194","Type":"W","PitTraps":2,"Contig":0,"Length":117,"Orient":140,"SlopeOr":194,"_layer":"GlobalKites - Open Kites"}},{"type":"Feature","geometry":{"type":"Point","coordinates":[40.353809971000054,25.64822930100005]},"properties":{"ID":"OK195","Type":"V","PitTraps":1,"Contig":0,"Length":63,"Orient":97,"SlopeOr":162,"_layer":"GlobalKites - Open Kites"}},{"type":"Feature","geometry":{"type":"Point","coordinates":[39.476485358000055,25.241823285000052]},"properties":{"ID":"OK196","Type":"V","PitTraps":1,"Contig":0,"Length":187,"Orient":251,"SlopeOr":45,"_layer":"GlobalKites - Open Kites"}},{"type":"Feature","geometry":{"type":"Point","coordinates":[39.698444003000056,25.125030042000052]},"properties":{"ID":"OK197","Type":"V","PitTraps":1,"Contig":0,"Length":79,"Orient":194,"SlopeOr":45,"_layer":"GlobalKites - Open Kites"}},{"type":"Feature","geometry":{"type":"Point","coordinates":[39.71914051500005,25.12422045800005]},"properties":{"ID":"OK198","Type":"C","PitTraps":10,"Contig":0,"Length":188,"Orient":302,"SlopeOr":262,"_layer":"GlobalKites - Open Kites"}},{"type":"Feature","geometry":{"type":"Point","coordinates":[40.46302316500005,25.76287971600005]},"properties":{"ID":"OK199","Type":"C","PitTraps":12,"Contig":1,"Length":382,"Orient":139,"SlopeOr":151,"_layer":"GlobalKites - Open Kites"}},{"type":"Feature","geometry":{"type":"Point","coordinates":[39.684356101000056,25.13384164800005]},"properties":{"ID":"OK200","Type":"V","PitTraps":6,"Contig":1,"Length":107,"Orient":180,"SlopeOr":281,"_layer":"GlobalKites - Open Kites"}},{"type":"Feature","geometry":{"type":"Point","coordinates":[39.67943524100005,25.13218547700005]},"properties":{"ID":"OK201","Type":"C","PitTraps":5,"Contig":0,"Length":138,"Orient":102,"SlopeOr":99,"_layer":"GlobalKites - Open Kites"}},{"type":"Feature","geometry":{"type":"Point","coordinates":[39.67231288600005,25.12306714000005]},"properties":{"ID":"OK202","Type":"V","PitTraps":5,"Contig":0,"Length":124,"Orient":355,"SlopeOr":353,"_layer":"GlobalKites - Open Kites"}},{"type":"Feature","geometry":{"type":"Point","coordinates":[39.67083769900005,25.12296116600005]},"properties":{"ID":"OK203","Type":"C","PitTraps":5,"Contig":0,"Length":155,"Orient":1,"SlopeOr":21,"_layer":"GlobalKites - Open Kites"}},{"type":"Feature","geometry":{"type":"Point","coordinates":[39.57702321600005,25.12476424700005]},"properties":{"ID":"OK204","Type":"W","PitTraps":2,"Contig":0,"Length":126,"Orient":247,"SlopeOr":252,"_layer":"GlobalKites - Open Kites"}},{"type":"Feature","geometry":{"type":"Point","coordinates":[39.45296539700005,25.310868854000052]},"properties":{"ID":"OK205","Type":"V","PitTraps":2,"Contig":0,"Length":268,"Orient":118,"SlopeOr":232,"_layer":"GlobalKites - Open Kites"}},{"type":"Feature","geometry":{"type":"Point","coordinates":[39.45550062200005,25.30883131800005]},"properties":{"ID":"OK206","Type":"C","PitTraps":8,"Contig":0,"Length":839,"Orient":342,"SlopeOr":293,"_layer":"GlobalKites - Open Kites"}},{"type":"Feature","geometry":{"type":"Point","coordinates":[39.45887802000005,25.31087312900005]},"properties":{"ID":"OK207","Type":"C","PitTraps":7,"Contig":0,"Length":658,"Orient":308,"SlopeOr":345,"_layer":"GlobalKites - Open Kites"}},{"type":"Feature","geometry":{"type":"Point","coordinates":[39.39820958200005,25.32863164500005]},"properties":{"ID":"OK208","Type":"W","PitTraps":2,"Contig":0,"Length":243,"Orient":238,"SlopeOr":266,"_layer":"GlobalKites - Open Kites"}},{"type":"Feature","geometry":{"type":"Point","coordinates":[39.39817411900005,25.32989778000005]},"properties":{"ID":"OK209","Type":"C","PitTraps":5,"Contig":0,"Length":105,"Orient":321,"SlopeOr":347,"_layer":"GlobalKites - Open Kites"}},{"type":"Feature","geometry":{"type":"Point","coordinates":[39.40163013000005,25.331891256000052]},"properties":{"ID":"OK210","Type":"V","PitTraps":1,"Contig":0,"Length":101,"Orient":79,"SlopeOr":315,"_layer":"GlobalKites - Open Kites"}},{"type":"Feature","geometry":{"type":"Point","coordinates":[39.425101119000054,25.37419445900005]},"properties":{"ID":"OK211","Type":"C","PitTraps":19,"Contig":1,"Length":411,"Orient":86,"SlopeOr":288,"_layer":"GlobalKites - Open Kites"}},{"type":"Feature","geometry":{"type":"Point","coordinates":[39.42134906300005,25.37467501200005]},"properties":{"ID":"OK212","Type":"C","PitTraps":6,"Contig":1,"Length":269,"Orient":270,"SlopeOr":310,"_layer":"GlobalKites - Open Kites"}},{"type":"Feature","geometry":{"type":"Point","coordinates":[39.32843691000005,25.88913347700005]},"properties":{"ID":"OK213","Type":"W","PitTraps":8,"Contig":1,"Length":280,"Orient":174,"SlopeOr":202,"_layer":"GlobalKites - Open Kites"}},{"type":"Feature","geometry":{"type":"Point","coordinates":[39.43650165100005,25.458381855000052]},"properties":{"ID":"OK214","Type":"C","PitTraps":4,"Contig":0,"Length":110,"Orient":268,"SlopeOr":245,"_layer":"GlobalKites - Open Kites"}},{"type":"Feature","geometry":{"type":"Point","coordinates":[39.43022952100005,25.46459574600005]},"properties":{"ID":"OK215","Type":"C","PitTraps":28,"Contig":0,"Length":1078,"Orient":64,"SlopeOr":69,"_layer":"GlobalKites - Open Kites"}},{"type":"Feature","geometry":{"type":"Point","coordinates":[39.43222541200005,25.46530307800005]},"properties":{"ID":"OK216","Type":"W","PitTraps":2,"Contig":0,"Length":100,"Orient":273,"SlopeOr":264,"_layer":"GlobalKites - Open Kites"}},{"type":"Feature","geometry":{"type":"Point","coordinates":[39.44538491200005,25.42106558400005]},"properties":{"ID":"OK217","Type":"V","PitTraps":1,"Contig":0,"Length":94,"Orient":2,"SlopeOr":45,"_layer":"GlobalKites - Open Kites"}},{"type":"Feature","geometry":{"type":"Point","coordinates":[39.52348583300005,25.531350464000052]},"properties":{"ID":"OK218","Type":"C","PitTraps":4,"Contig":0,"Length":332,"Orient":133,"SlopeOr":301,"_layer":"GlobalKites - Open Kites"}},{"type":"Feature","geometry":{"type":"Point","coordinates":[39.31683991500005,25.61462861100005]},"properties":{"ID":"OK219","Type":"V","PitTraps":2,"Contig":0,"Length":207,"Orient":206,"SlopeOr":198,"_layer":"GlobalKites - Open Kites"}},{"type":"Feature","geometry":{"type":"Point","coordinates":[39.17505238300005,25.82965374800005]},"properties":{"ID":"OK220","Type":"V","PitTraps":1,"Contig":0,"Length":101,"Orient":126,"SlopeOr":3,"_layer":"GlobalKites - Open Kites"}},{"type":"Feature","geometry":{"type":"Point","coordinates":[39.18258127200005,25.83598529500005]},"properties":{"ID":"OK221","Type":"C","PitTraps":3,"Contig":0,"Length":177,"Orient":147,"SlopeOr":159,"_layer":"GlobalKites - Open Kites"}},{"type":"Feature","geometry":{"type":"Point","coordinates":[39.20190020700005,25.84457658100005]},"properties":{"ID":"OK222","Type":"V","PitTraps":2,"Contig":0,"Length":119,"Orient":113,"SlopeOr":159,"_layer":"GlobalKites - Open Kites"}},{"type":"Feature","geometry":{"type":"Point","coordinates":[39.248718733000054,25.87102620700005]},"properties":{"ID":"OK223","Type":"C","PitTraps":3,"Contig":0,"Length":205,"Orient":150,"SlopeOr":162,"_layer":"GlobalKites - Open Kites"}},{"type":"Feature","geometry":{"type":"Point","coordinates":[39.28708640500005,25.903699332000052]},"properties":{"ID":"OK224","Type":"C","PitTraps":5,"Contig":0,"Length":120,"Orient":258,"SlopeOr":273,"_layer":"GlobalKites - Open Kites"}},{"type":"Feature","geometry":{"type":"Point","coordinates":[39.518703849000055,25.72591971100005]},"properties":{"ID":"OK225","Type":"V","PitTraps":1,"Contig":0,"Length":86,"Orient":194,"SlopeOr":4,"_layer":"GlobalKites - Open Kites"}},{"type":"Feature","geometry":{"type":"Point","coordinates":[39.489423589000054,25.63097106800005]},"properties":{"ID":"OK226","Type":"W","PitTraps":7,"Contig":0,"Length":248,"Orient":9,"SlopeOr":-1,"_layer":"GlobalKites - Open Kites"}},{"type":"Feature","geometry":{"type":"Point","coordinates":[39.46670532400005,25.62637695600005]},"properties":{"ID":"OK227","Type":"C","PitTraps":3,"Contig":0,"Length":298,"Orient":335,"SlopeOr":329,"_layer":"GlobalKites - Open Kites"}},{"type":"Feature","geometry":{"type":"Point","coordinates":[39.492953193000055,25.63127960100005]},"properties":{"ID":"OK228","Type":"V","PitTraps":1,"Contig":0,"Length":95,"Orient":339,"SlopeOr":297,"_layer":"GlobalKites - Open Kites"}},{"type":"Feature","geometry":{"type":"Point","coordinates":[39.492601738000054,25.63035999900005]},"properties":{"ID":"OK229","Type":"C","PitTraps":5,"Contig":1,"Length":127,"Orient":139,"SlopeOr":45,"_layer":"GlobalKites - Open Kites"}},{"type":"Feature","geometry":{"type":"Point","coordinates":[39.33224388200005,25.89676426900005]},"properties":{"ID":"OK230","Type":"C","PitTraps":2,"Contig":0,"Length":189,"Orient":293,"SlopeOr":236,"_layer":"GlobalKites - Open Kites"}},{"type":"Feature","geometry":{"type":"Point","coordinates":[39.39699499000005,25.89676695000005]},"properties":{"ID":"OK231","Type":"W","PitTraps":5,"Contig":0,"Length":197,"Orient":264,"SlopeOr":301,"_layer":"GlobalKites - Open Kites"}},{"type":"Feature","geometry":{"type":"Point","coordinates":[39.39395235900005,25.90895389200005]},"properties":{"ID":"OK232","Type":"C","PitTraps":16,"Contig":1,"Length":1133,"Orient":176,"SlopeOr":191,"_layer":"GlobalKites - Open Kites"}},{"type":"Feature","geometry":{"type":"Point","coordinates":[39.350520401000054,25.89366502700005]},"properties":{"ID":"OK233","Type":"C","PitTraps":5,"Contig":0,"Length":203,"Orient":127,"SlopeOr":162,"_layer":"GlobalKites - Open Kites"}},{"type":"Feature","geometry":{"type":"Point","coordinates":[39.38862346900005,25.90850935900005]},"properties":{"ID":"OK234","Type":"C","PitTraps":11,"Contig":0,"Length":902,"Orient":270,"SlopeOr":333,"_layer":"GlobalKites - Open Kites"}},{"type":"Feature","geometry":{"type":"Point","coordinates":[39.390167471000055,25.869004279000052]},"properties":{"ID":"OK235","Type":"C","PitTraps":28,"Contig":1,"Length":997,"Orient":230,"SlopeOr":198,"_layer":"GlobalKites - Open Kites"}},{"type":"Feature","geometry":{"type":"Point","coordinates":[39.44650529900005,25.85644964000005]},"properties":{"ID":"OK236","Type":"V","PitTraps":1,"Contig":0,"Length":216,"Orient":1,"SlopeOr":333,"_layer":"GlobalKites - Open Kites"}},{"type":"Feature","geometry":{"type":"Point","coordinates":[39.115905823000055,25.78883322700005]},"properties":{"ID":"OK237","Type":"W","PitTraps":3,"Contig":0,"Length":367,"Orient":79,"SlopeOr":225,"_layer":"GlobalKites - Open Kites"}},{"type":"Feature","geometry":{"type":"Point","coordinates":[39.12064869200005,25.78870760800005]},"properties":{"ID":"OK238","Type":"V","PitTraps":2,"Contig":0,"Length":158,"Orient":106,"SlopeOr":16,"_layer":"GlobalKites - Open Kites"}},{"type":"Feature","geometry":{"type":"Point","coordinates":[39.03810901600005,25.82522826900005]},"properties":{"ID":"OK239","Type":"V","PitTraps":2,"Contig":0,"Length":186,"Orient":269,"SlopeOr":22,"_layer":"GlobalKites - Open Kites"}},{"type":"Feature","geometry":{"type":"Point","coordinates":[40.54218115700005,25.81519756400005]},"properties":{"ID":"OK240","Type":"C","PitTraps":4,"Contig":0,"Length":225,"Orient":64,"SlopeOr":64,"_layer":"GlobalKites - Open Kites"}},{"type":"Feature","geometry":{"type":"Point","coordinates":[40.297977493000054,26.123342750000052]},"properties":{"ID":"OK241","Type":"V","PitTraps":2,"Contig":0,"Length":174,"Orient":115,"SlopeOr":45,"_layer":"GlobalKites - Open Kites"}},{"type":"Feature","geometry":{"type":"Point","coordinates":[40.559886197000054,25.02372325400005]},"properties":{"ID":"OK242","Type":"C","PitTraps":15,"Contig":1,"Length":434,"Orient":338,"SlopeOr":74,"_layer":"GlobalKites - Open Kites"}},{"type":"Feature","geometry":{"type":"Point","coordinates":[40.56080615900005,25.026729247000052]},"properties":{"ID":"OK243","Type":"C","PitTraps":19,"Contig":0,"Length":615,"Orient":285,"SlopeOr":307,"_layer":"GlobalKites - Open Kites"}},{"type":"Feature","geometry":{"type":"Point","coordinates":[40.41085541300005,25.28759952700005]},"properties":{"ID":"OK244","Type":"C","PitTraps":6,"Contig":1,"Length":99,"Orient":88,"SlopeOr":45,"_layer":"GlobalKites - Open Kites"}},{"type":"Feature","geometry":{"type":"Point","coordinates":[40.405040117000055,25.30262511200005]},"properties":{"ID":"OK245","Type":"C","PitTraps":11,"Contig":0,"Length":485,"Orient":250,"SlopeOr":252,"_layer":"GlobalKites - Open Kites"}},{"type":"Feature","geometry":{"type":"Point","coordinates":[40.403456201000054,25.30308261800005]},"properties":{"ID":"OK246","Type":"W","PitTraps":4,"Contig":0,"Length":320,"Orient":65,"SlopeOr":72,"_layer":"GlobalKites - Open Kites"}},{"type":"Feature","geometry":{"type":"Point","coordinates":[40.40233118100005,25.30544086000005]},"properties":{"ID":"OK247","Type":"W","PitTraps":3,"Contig":0,"Length":106,"Orient":196,"SlopeOr":225,"_layer":"GlobalKites - Open Kites"}},{"type":"Feature","geometry":{"type":"Point","coordinates":[40.401019774000055,25.30973307100005]},"properties":{"ID":"OK248","Type":"W","PitTraps":2,"Contig":0,"Length":81,"Orient":235,"SlopeOr":198,"_layer":"GlobalKites - Open Kites"}},{"type":"Feature","geometry":{"type":"Point","coordinates":[40.38017979800005,25.63123951300005]},"properties":{"ID":"OK249","Type":"V","PitTraps":1,"Contig":0,"Length":150,"Orient":99,"SlopeOr":63,"_layer":"GlobalKites - Open Kites"}},{"type":"Feature","geometry":{"type":"Point","coordinates":[40.175943442000055,24.943215902000052]},"properties":{"ID":"OK250","Type":"W","PitTraps":6,"Contig":0,"Length":630,"Orient":286,"SlopeOr":198,"_layer":"GlobalKites - Open Kites"}},{"type":"Feature","geometry":{"type":"Point","coordinates":[40.170788044000055,24.94684138700005]},"properties":{"ID":"OK251","Type":"C","PitTraps":13,"Contig":0,"Length":485,"Orient":2,"SlopeOr":135,"_layer":"GlobalKites - Open Kites"}},{"type":"Feature","geometry":{"type":"Point","coordinates":[40.16758526300005,24.94749861900005]},"properties":{"ID":"OK252","Type":"C","PitTraps":6,"Contig":0,"Length":204,"Orient":63,"SlopeOr":49,"_layer":"GlobalKites - Open Kites"}},{"type":"Feature","geometry":{"type":"Point","coordinates":[40.36583109000005,25.45762408800005]},"properties":{"ID":"OK253","Type":"W","PitTraps":4,"Contig":0,"Length":154,"Orient":270,"SlopeOr":0,"_layer":"GlobalKites - Open Kites"}},{"type":"Feature","geometry":{"type":"Point","coordinates":[40.112931503000055,24.48598003700005]},"properties":{"ID":"OK254","Type":"W","PitTraps":4,"Contig":0,"Length":185,"Orient":94,"SlopeOr":99,"_layer":"GlobalKites - Open Kites"}},{"type":"Feature","geometry":{"type":"Point","coordinates":[40.11583794300005,24.48993204600005]},"properties":{"ID":"OK255","Type":"C","PitTraps":31,"Contig":1,"Length":775,"Orient":125,"SlopeOr":101,"_layer":"GlobalKites - Open Kites"}},{"type":"Feature","geometry":{"type":"Point","coordinates":[40.11789224200005,24.49012455700005]},"properties":{"ID":"OK256","Type":"C","PitTraps":28,"Contig":0,"Length":663,"Orient":305,"SlopeOr":302,"_layer":"GlobalKites - Open Kites"}},{"type":"Feature","geometry":{"type":"Point","coordinates":[40.10378326800005,24.48816936100005]},"properties":{"ID":"OK257","Type":"W","PitTraps":5,"Contig":0,"Length":200,"Orient":86,"SlopeOr":73,"_layer":"GlobalKites - Open Kites"}},{"type":"Feature","geometry":{"type":"Point","coordinates":[40.29004412900005,23.90244521000005]},"properties":{"ID":"OK258","Type":"W","PitTraps":2,"Contig":0,"Length":117,"Orient":108,"SlopeOr":114,"_layer":"GlobalKites - Open Kites"}},{"type":"Feature","geometry":{"type":"Point","coordinates":[40.41141055800005,25.286655201000052]},"properties":{"ID":"OK259","Type":"W","PitTraps":4,"Contig":0,"Length":122,"Orient":108,"SlopeOr":96,"_layer":"GlobalKites - Open Kites"}},{"type":"Feature","geometry":{"type":"Point","coordinates":[40.39717266000005,25.68270349300005]},"properties":{"ID":"OK260","Type":"V","PitTraps":4,"Contig":1,"Length":119,"Orient":278,"SlopeOr":317,"_layer":"GlobalKites - Open Kites"}},{"type":"Feature","geometry":{"type":"Point","coordinates":[42.46111675000005,21.14596949300005]},"properties":{"ID":"OK261","Type":"C","PitTraps":6,"Contig":0,"Length":243,"Orient":91,"SlopeOr":80,"_layer":"GlobalKites - Open Kites"}},{"type":"Feature","geometry":{"type":"Point","coordinates":[42.465281276000056,21.14670007500005]},"properties":{"ID":"OK262","Type":"W","PitTraps":4,"Contig":0,"Length":280,"Orient":119,"SlopeOr":90,"_layer":"GlobalKites - Open Kites"}},{"type":"Feature","geometry":{"type":"Point","coordinates":[42.49865170400005,21.54966929100005]},"properties":{"ID":"OK263","Type":"W","PitTraps":9,"Contig":1,"Length":210,"Orient":329,"SlopeOr":336,"_layer":"GlobalKites - Open Kites"}},{"type":"Feature","geometry":{"type":"Point","coordinates":[42.49627320100005,21.54767433700005]},"properties":{"ID":"OK264","Type":"C","PitTraps":8,"Contig":1,"Length":91,"Orient":339,"SlopeOr":340,"_layer":"GlobalKites - Open Kites"}},{"type":"Feature","geometry":{"type":"Point","coordinates":[42.49448287700005,21.54627506500005]},"properties":{"ID":"OK265","Type":"C","PitTraps":5,"Contig":0,"Length":177,"Orient":310,"SlopeOr":330,"_layer":"GlobalKites - Open Kites"}},{"type":"Feature","geometry":{"type":"Point","coordinates":[42.493542434000055,21.54540319600005]},"properties":{"ID":"OK266","Type":"C","PitTraps":5,"Contig":1,"Length":113,"Orient":318,"SlopeOr":326,"_layer":"GlobalKites - Open Kites"}},{"type":"Feature","geometry":{"type":"Point","coordinates":[42.49045996200005,21.54450811100005]},"properties":{"ID":"OK267","Type":"C","PitTraps":5,"Contig":0,"Length":304,"Orient":297,"SlopeOr":306,"_layer":"GlobalKites - Open Kites"}},{"type":"Feature","geometry":{"type":"Point","coordinates":[42.48828531600005,21.54077359100005]},"properties":{"ID":"OK268","Type":"C","PitTraps":15,"Contig":1,"Length":347,"Orient":1,"SlopeOr":294,"_layer":"GlobalKites - Open Kites"}},{"type":"Feature","geometry":{"type":"Point","coordinates":[42.48510398900005,21.53498338700005]},"properties":{"ID":"OK269","Type":"C","PitTraps":5,"Contig":1,"Length":298,"Orient":310,"SlopeOr":319,"_layer":"GlobalKites - Open Kites"}},{"type":"Feature","geometry":{"type":"Point","coordinates":[42.485383930000054,21.53609813700005]},"properties":{"ID":"OK270","Type":"C","PitTraps":3,"Contig":0,"Length":77,"Orient":268,"SlopeOr":270,"_layer":"GlobalKites - Open Kites"}},{"type":"Feature","geometry":{"type":"Point","coordinates":[42.483362631000055,21.53355766700005]},"properties":{"ID":"OK271","Type":"W","PitTraps":6,"Contig":0,"Length":204,"Orient":357,"SlopeOr":17,"_layer":"GlobalKites - Open Kites"}},{"type":"Feature","geometry":{"type":"Point","coordinates":[42.48208964900005,21.533511362000052]},"properties":{"ID":"OK272","Type":"W","PitTraps":3,"Contig":0,"Length":68,"Orient":348,"SlopeOr":342,"_layer":"GlobalKites - Open Kites"}},{"type":"Feature","geometry":{"type":"Point","coordinates":[42.47849186500005,21.532301324000052]},"properties":{"ID":"OK273","Type":"C","PitTraps":7,"Contig":1,"Length":322,"Orient":350,"SlopeOr":72,"_layer":"GlobalKites - Open Kites"}},{"type":"Feature","geometry":{"type":"Point","coordinates":[42.47881064500005,21.53786778900005]},"properties":{"ID":"OK274","Type":"C","PitTraps":13,"Contig":1,"Length":407,"Orient":358,"SlopeOr":0,"_layer":"GlobalKites - Open Kites"}},{"type":"Feature","geometry":{"type":"Point","coordinates":[42.484718257000054,21.56126903200005]},"properties":{"ID":"OK275","Type":"C","PitTraps":7,"Contig":1,"Length":188,"Orient":148,"SlopeOr":66,"_layer":"GlobalKites - Open Kites"}},{"type":"Feature","geometry":{"type":"Point","coordinates":[42.48943675500005,21.56357933300005]},"properties":{"ID":"OK276","Type":"C","PitTraps":6,"Contig":0,"Length":271,"Orient":169,"SlopeOr":198,"_layer":"GlobalKites - Open Kites"}},{"type":"Feature","geometry":{"type":"Point","coordinates":[42.488669142000056,21.56163562400005]},"properties":{"ID":"OK277","Type":"C","PitTraps":8,"Contig":1,"Length":244,"Orient":175,"SlopeOr":174,"_layer":"GlobalKites - Open Kites"}},{"type":"Feature","geometry":{"type":"Point","coordinates":[42.496516381000056,21.53181451300005]},"properties":{"ID":"OK278","Type":"C","PitTraps":10,"Contig":1,"Length":246,"Orient":181,"SlopeOr":166,"_layer":"GlobalKites - Open Kites"}},{"type":"Feature","geometry":{"type":"Point","coordinates":[42.49522173700005,21.53134363400005]},"properties":{"ID":"OK279","Type":"C","PitTraps":6,"Contig":0,"Length":77,"Orient":132,"SlopeOr":146,"_layer":"GlobalKites - Open Kites"}},{"type":"Feature","geometry":{"type":"Point","coordinates":[42.493979327000055,21.53007900200005]},"properties":{"ID":"OK280","Type":"V","PitTraps":1,"Contig":0,"Length":138,"Orient":75,"SlopeOr":98,"_layer":"GlobalKites - Open Kites"}},{"type":"Feature","geometry":{"type":"Point","coordinates":[42.15448077300005,21.77414084500005]},"properties":{"ID":"OK281","Type":"C","PitTraps":14,"Contig":1,"Length":537,"Orient":47,"SlopeOr":108,"_layer":"GlobalKites - Open Kites"}},{"type":"Feature","geometry":{"type":"Point","coordinates":[42.14916452600005,21.77419362900005]},"properties":{"ID":"OK282","Type":"C","PitTraps":19,"Contig":1,"Length":478,"Orient":26,"SlopeOr":211,"_layer":"GlobalKites - Open Kites"}},{"type":"Feature","geometry":{"type":"Point","coordinates":[42.15913554600005,21.771855945000052]},"properties":{"ID":"OK283","Type":"C","PitTraps":91,"Contig":1,"Length":1397,"Orient":325,"SlopeOr":18,"_layer":"GlobalKites - Open Kites"}},{"type":"Feature","geometry":{"type":"Point","coordinates":[39.19198249800005,25.82024982200005]},"properties":{"ID":"OK284","Type":"W","PitTraps":4,"Contig":0,"Length":292,"Orient":350,"SlopeOr":299,"_layer":"GlobalKites - Open Kites"}},{"type":"Feature","geometry":{"type":"Point","coordinates":[42.162640118000056,21.76761040600005]},"properties":{"ID":"OK285","Type":"C","PitTraps":14,"Contig":1,"Length":344,"Orient":313,"SlopeOr":270,"_layer":"GlobalKites - Open Kites"}},{"type":"Feature","geometry":{"type":"Point","coordinates":[42.16756328400005,21.76935578200005]},"properties":{"ID":"OK286","Type":"C","PitTraps":5,"Contig":0,"Length":519,"Orient":323,"SlopeOr":355,"_layer":"GlobalKites - Open Kites"}},{"type":"Feature","geometry":{"type":"Point","coordinates":[42.16459835500005,21.77466682400005]},"properties":{"ID":"OK287","Type":"C","PitTraps":16,"Contig":0,"Length":433,"Orient":228,"SlopeOr":204,"_layer":"GlobalKites - Open Kites"}},{"type":"Feature","geometry":{"type":"Point","coordinates":[42.16056694900005,21.77621337500005]},"properties":{"ID":"OK288","Type":"C","PitTraps":18,"Contig":1,"Length":280,"Orient":246,"SlopeOr":214,"_layer":"GlobalKites - Open Kites"}},{"type":"Feature","geometry":{"type":"Point","coordinates":[42.15821617900005,21.77829423300005]},"properties":{"ID":"OK289","Type":"C","PitTraps":37,"Contig":1,"Length":353,"Orient":238,"SlopeOr":208,"_layer":"GlobalKites - Open Kites"}},{"type":"Feature","geometry":{"type":"Point","coordinates":[39.42393374000005,25.601024214000052]},"properties":{"ID":"OK290","Type":"C","PitTraps":12,"Contig":1,"Length":377,"Orient":27,"SlopeOr":63,"_layer":"GlobalKites - Open Kites"}},{"type":"Feature","geometry":{"type":"Point","coordinates":[42.15745831800005,21.77996918700005]},"properties":{"ID":"OK291","Type":"C","PitTraps":12,"Contig":1,"Length":254,"Orient":257,"SlopeOr":270,"_layer":"GlobalKites - Open Kites"}},{"type":"Feature","geometry":{"type":"Point","coordinates":[42.156665624000055,21.78242885900005]},"properties":{"ID":"OK292","Type":"C","PitTraps":22,"Contig":1,"Length":218,"Orient":268,"SlopeOr":265,"_layer":"GlobalKites - Open Kites"}},{"type":"Feature","geometry":{"type":"Point","coordinates":[42.15830715700005,21.78593238800005]},"properties":{"ID":"OK293","Type":"C","PitTraps":31,"Contig":1,"Length":432,"Orient":277,"SlopeOr":335,"_layer":"GlobalKites - Open Kites"}},{"type":"Feature","geometry":{"type":"Point","coordinates":[42.16456895200005,21.78009139200005]},"properties":{"ID":"OK294","Type":"C","PitTraps":5,"Contig":0,"Length":256,"Orient":270,"SlopeOr":108,"_layer":"GlobalKites - Open Kites"}},{"type":"Feature","geometry":{"type":"Point","coordinates":[42.46012550000005,21.11999654300005]},"properties":{"ID":"OK295","Type":"C","PitTraps":11,"Contig":1,"Length":512,"Orient":183,"SlopeOr":175,"_layer":"GlobalKites - Open Kites"}},{"type":"Feature","geometry":{"type":"Point","coordinates":[42.45896037000005,21.11891365500005]},"properties":{"ID":"OK296","Type":"W","PitTraps":2,"Contig":0,"Length":193,"Orient":91,"SlopeOr":49,"_layer":"GlobalKites - Open Kites"}},{"type":"Feature","geometry":{"type":"Point","coordinates":[39.462741601000054,25.63285598700005]},"properties":{"ID":"OK297","Type":"V","PitTraps":1,"Contig":0,"Length":268,"Orient":175,"SlopeOr":216,"_layer":"GlobalKites - Open Kites"}},{"type":"Feature","geometry":{"type":"Point","coordinates":[42.48478146600005,21.10500612300005]},"properties":{"ID":"OK298","Type":"C","PitTraps":12,"Contig":1,"Length":472,"Orient":256,"SlopeOr":243,"_layer":"GlobalKites - Open Kites"}},{"type":"Feature","geometry":{"type":"Point","coordinates":[42.48371267700005,21.10562228900005]},"properties":{"ID":"OK299","Type":"C","PitTraps":8,"Contig":0,"Length":264,"Orient":189,"SlopeOr":207,"_layer":"GlobalKites - Open Kites"}},{"type":"Feature","geometry":{"type":"Point","coordinates":[42.678753805000056,21.12382053900005]},"properties":{"ID":"OK300","Type":"V","PitTraps":4,"Contig":0,"Length":133,"Orient":36,"SlopeOr":0,"_layer":"GlobalKites - Open Kites"}},{"type":"Feature","geometry":{"type":"Point","coordinates":[42.565219936000055,21.33391934100005]},"properties":{"ID":"OK301","Type":"V","PitTraps":2,"Contig":0,"Length":226,"Orient":250,"SlopeOr":190,"_layer":"GlobalKites - Open Kites"}},{"type":"Feature","geometry":{"type":"Point","coordinates":[42.558901737000056,21.33485698100005]},"properties":{"ID":"OK302","Type":"C","PitTraps":24,"Contig":1,"Length":858,"Orient":157,"SlopeOr":141,"_layer":"GlobalKites - Open Kites"}},{"type":"Feature","geometry":{"type":"Point","coordinates":[41.820950268000054,21.26761289600005]},"properties":{"ID":"OK303","Type":"C","PitTraps":20,"Contig":1,"Length":701,"Orient":88,"SlopeOr":98,"_layer":"GlobalKites - Open Kites"}},{"type":"Feature","geometry":{"type":"Point","coordinates":[39.54454010200005,25.13661617900005]},"properties":{"ID":"OK304","Type":"C","PitTraps":6,"Contig":0,"Length":225,"Orient":198,"SlopeOr":207,"_layer":"GlobalKites - Open Kites"}},{"type":"Feature","geometry":{"type":"Point","coordinates":[39.55683340400005,25.13262409400005]},"properties":{"ID":"OK305","Type":"C","PitTraps":9,"Contig":0,"Length":489,"Orient":212,"SlopeOr":231,"_layer":"GlobalKites - Open Kites"}},{"type":"Feature","geometry":{"type":"Point","coordinates":[39.560307843000054,25.13096741900005]},"properties":{"ID":"OK306","Type":"C","PitTraps":12,"Contig":0,"Length":277,"Orient":206,"SlopeOr":180,"_layer":"GlobalKites - Open Kites"}},{"type":"Feature","geometry":{"type":"Point","coordinates":[39.62245157000005,25.262673253000052]},"properties":{"ID":"OK307","Type":"W","PitTraps":4,"Contig":1,"Length":417,"Orient":110,"SlopeOr":259,"_layer":"GlobalKites - Open Kites"}},{"type":"Feature","geometry":{"type":"Point","coordinates":[39.43138843300005,25.46856386400005]},"properties":{"ID":"OK308","Type":"V","PitTraps":5,"Contig":0,"Length":477,"Orient":237,"SlopeOr":337,"_layer":"GlobalKites - Open Kites"}},{"type":"Feature","geometry":{"type":"Point","coordinates":[41.76668898100005,21.10729805600005]},"properties":{"ID":"OK309","Type":"C","PitTraps":6,"Contig":1,"Length":312,"Orient":287,"SlopeOr":274,"_layer":"GlobalKites - Open Kites"}},{"type":"Feature","geometry":{"type":"Point","coordinates":[40.11225636200005,24.48326680300005]},"properties":{"ID":"OK310","Type":"C","PitTraps":5,"Contig":0,"Length":130,"Orient":80,"SlopeOr":71,"_layer":"GlobalKites - Open Kites"}},{"type":"Feature","geometry":{"type":"Point","coordinates":[40.39786128800005,25.68365392300005]},"properties":{"ID":"OK311","Type":"C","PitTraps":3,"Contig":0,"Length":270,"Orient":264,"SlopeOr":15,"_layer":"GlobalKites - Open Kites"}},{"type":"Feature","geometry":{"type":"Point","coordinates":[40.393880962000054,25.68581372800005]},"properties":{"ID":"OK312","Type":"V","PitTraps":4,"Contig":1,"Length":125,"Orient":217,"SlopeOr":239,"_layer":"GlobalKites - Open Kites"}},{"type":"Feature","geometry":{"type":"Point","coordinates":[41.756406215000055,21.14120228100005]},"properties":{"ID":"OK313","Type":"V","PitTraps":2,"Contig":0,"Length":143,"Orient":66,"SlopeOr":34,"_layer":"GlobalKites - Open Kites"}},{"type":"Feature","geometry":{"type":"Point","coordinates":[41.75566374800005,21.14320047200005]},"properties":{"ID":"OK314","Type":"C","PitTraps":11,"Contig":0,"Length":311,"Orient":76,"SlopeOr":91,"_layer":"GlobalKites - Open Kites"}},{"type":"Feature","geometry":{"type":"Point","coordinates":[41.763353583000054,21.14585557000005]},"properties":{"ID":"OK315","Type":"C","PitTraps":25,"Contig":1,"Length":565,"Orient":256,"SlopeOr":292,"_layer":"GlobalKites - Open Kites"}},{"type":"Feature","geometry":{"type":"Point","coordinates":[41.76401041900005,21.14858022100005]},"properties":{"ID":"OK316","Type":"C","PitTraps":28,"Contig":1,"Length":661,"Orient":255,"SlopeOr":266,"_layer":"GlobalKites - Open Kites"}},{"type":"Feature","geometry":{"type":"Point","coordinates":[41.764248310000056,21.15050825300005]},"properties":{"ID":"OK317","Type":"C","PitTraps":18,"Contig":1,"Length":311,"Orient":218,"SlopeOr":297,"_layer":"GlobalKites - Open Kites"}},{"type":"Feature","geometry":{"type":"Point","coordinates":[41.76184689200005,21.150746092000052]},"properties":{"ID":"OK318","Type":"C","PitTraps":6,"Contig":0,"Length":208,"Orient":138,"SlopeOr":85,"_layer":"GlobalKites - Open Kites"}},{"type":"Feature","geometry":{"type":"Point","coordinates":[41.760771395000056,21.14879561600005]},"properties":{"ID":"OK319","Type":"C","PitTraps":20,"Contig":1,"Length":259,"Orient":203,"SlopeOr":166,"_layer":"GlobalKites - Open Kites"}},{"type":"Feature","geometry":{"type":"Point","coordinates":[41.75566379100005,21.14736224700005]},"properties":{"ID":"OK320","Type":"C","PitTraps":13,"Contig":1,"Length":314,"Orient":207,"SlopeOr":280,"_layer":"GlobalKites - Open Kites"}},{"type":"Feature","geometry":{"type":"Point","coordinates":[39.51584932000005,26.13332390500005]},"properties":{"ID":"OK321","Type":"V","PitTraps":1,"Contig":0,"Length":166,"Orient":301,"SlopeOr":45,"_layer":"GlobalKites - Open Kites"}},{"type":"Feature","geometry":{"type":"Point","coordinates":[39.306345216000054,25.525426466000052]},"properties":{"ID":"OK322","Type":"V","PitTraps":1,"Contig":0,"Length":211,"Orient":298,"SlopeOr":309,"_layer":"GlobalKites - Open Kites"}},{"type":"Feature","geometry":{"type":"Point","coordinates":[40.19486611400005,23.49686887000005]},"properties":{"ID":"OK323","Type":"C","PitTraps":28,"Contig":1,"Length":844,"Orient":64,"SlopeOr":346,"_layer":"GlobalKites - Open Kites"}},{"type":"Feature","geometry":{"type":"Point","coordinates":[40.13097800600005,23.331007849000052]},"properties":{"ID":"OK324","Type":"V","PitTraps":1,"Contig":0,"Length":130,"Orient":282,"SlopeOr":121,"_layer":"GlobalKites - Open Kites"}},{"type":"Feature","geometry":{"type":"Point","coordinates":[41.65882627500005,20.52554789600005]},"properties":{"ID":"OK325","Type":"V","PitTraps":4,"Contig":1,"Length":319,"Orient":60,"SlopeOr":352,"_layer":"GlobalKites - Open Kites"}},{"type":"Feature","geometry":{"type":"Point","coordinates":[41.65399064200005,20.53024474200005]},"properties":{"ID":"OK326","Type":"C","PitTraps":7,"Contig":1,"Length":107,"Orient":193,"SlopeOr":236,"_layer":"GlobalKites - Open Kites"}},{"type":"Feature","geometry":{"type":"Point","coordinates":[41.65264429500005,20.53442762800005]},"properties":{"ID":"OK327","Type":"C","PitTraps":12,"Contig":1,"Length":386,"Orient":269,"SlopeOr":268,"_layer":"GlobalKites - Open Kites"}},{"type":"Feature","geometry":{"type":"Point","coordinates":[42.48211081000005,21.06708960300005]},"properties":{"ID":"OK328","Type":"C","PitTraps":5,"Contig":0,"Length":243,"Orient":81,"SlopeOr":162,"_layer":"GlobalKites - Open Kites"}},{"type":"Feature","geometry":{"type":"Point","coordinates":[42.48345666400005,21.06828334500005]},"properties":{"ID":"OK329","Type":"C","PitTraps":9,"Contig":1,"Length":127,"Orient":74,"SlopeOr":135,"_layer":"GlobalKites - Open Kites"}},{"type":"Feature","geometry":{"type":"Point","coordinates":[42.47302480500005,21.06513068800005]},"properties":{"ID":"OK330","Type":"C","PitTraps":5,"Contig":1,"Length":194,"Orient":147,"SlopeOr":159,"_layer":"GlobalKites - Open Kites"}},{"type":"Feature","geometry":{"type":"Point","coordinates":[42.47133042800005,21.06464497200005]},"properties":{"ID":"OK331","Type":"V","PitTraps":6,"Contig":0,"Length":148,"Orient":146,"SlopeOr":153,"_layer":"GlobalKites - Open Kites"}},{"type":"Feature","geometry":{"type":"Point","coordinates":[42.43654791200005,20.98933711600005]},"properties":{"ID":"OK332","Type":"C","PitTraps":5,"Contig":0,"Length":277,"Orient":58,"SlopeOr":35,"_layer":"GlobalKites - Open Kites"}},{"type":"Feature","geometry":{"type":"Point","coordinates":[42.43284812200005,20.95435761500005]},"properties":{"ID":"OK333","Type":"V","PitTraps":1,"Contig":0,"Length":298,"Orient":87,"SlopeOr":111,"_layer":"GlobalKites - Open Kites"}},{"type":"Feature","geometry":{"type":"Point","coordinates":[42.41256678800005,20.93985765600005]},"properties":{"ID":"OK334","Type":"C","PitTraps":4,"Contig":1,"Length":217,"Orient":125,"SlopeOr":243,"_layer":"GlobalKites - Open Kites"}},{"type":"Feature","geometry":{"type":"Point","coordinates":[39.42208927600005,25.50050795900005]},"properties":{"ID":"OK335","Type":"C","PitTraps":6,"Contig":0,"Length":472,"Orient":291,"SlopeOr":310,"_layer":"GlobalKites - Open Kites"}},{"type":"Feature","geometry":{"type":"Point","coordinates":[42.225984573000055,20.79337304600005]},"properties":{"ID":"OK336","Type":"V","PitTraps":3,"Contig":1,"Length":166,"Orient":173,"SlopeOr":73,"_layer":"GlobalKites - Open Kites"}},{"type":"Feature","geometry":{"type":"Point","coordinates":[42.23587766300005,20.79522101300005]},"properties":{"ID":"OK337","Type":"C","PitTraps":3,"Contig":0,"Length":168,"Orient":88,"SlopeOr":195,"_layer":"GlobalKites - Open Kites"}},{"type":"Feature","geometry":{"type":"Point","coordinates":[42.257922148000056,20.808403817000052]},"properties":{"ID":"OK338","Type":"C","PitTraps":5,"Contig":0,"Length":310,"Orient":54,"SlopeOr":165,"_layer":"GlobalKites - Open Kites"}},{"type":"Feature","geometry":{"type":"Point","coordinates":[40.347213886000056,23.22076243000005]},"properties":{"ID":"OK339","Type":"C","PitTraps":3,"Contig":0,"Length":487,"Orient":157,"SlopeOr":140,"_layer":"GlobalKites - Open Kites"}},{"type":"Feature","geometry":{"type":"Point","coordinates":[42.25694941100005,20.81069040600005]},"properties":{"ID":"OK340","Type":"C","PitTraps":19,"Contig":1,"Length":497,"Orient":103,"SlopeOr":342,"_layer":"GlobalKites - Open Kites"}},{"type":"Feature","geometry":{"type":"Point","coordinates":[42.26784863900005,20.81806894500005]},"properties":{"ID":"OK341","Type":"V","PitTraps":2,"Contig":0,"Length":145,"Orient":97,"SlopeOr":130,"_layer":"GlobalKites - Open Kites"}},{"type":"Feature","geometry":{"type":"Point","coordinates":[42.26914309000005,20.819236153000052]},"properties":{"ID":"OK342","Type":"C","PitTraps":9,"Contig":1,"Length":183,"Orient":130,"SlopeOr":110,"_layer":"GlobalKites - Open Kites"}},{"type":"Feature","geometry":{"type":"Point","coordinates":[42.32745163500005,20.84355735300005]},"properties":{"ID":"OK343","Type":"C","PitTraps":6,"Contig":0,"Length":177,"Orient":203,"SlopeOr":194,"_layer":"GlobalKites - Open Kites"}},{"type":"Feature","geometry":{"type":"Point","coordinates":[42.32598822200005,20.84376020800005]},"properties":{"ID":"OK344","Type":"V","PitTraps":3,"Contig":0,"Length":123,"Orient":206,"SlopeOr":128,"_layer":"GlobalKites - Open Kites"}},{"type":"Feature","geometry":{"type":"Point","coordinates":[42.32924902300005,20.84565291800005]},"properties":{"ID":"OK345","Type":"C","PitTraps":6,"Contig":0,"Length":242,"Orient":200,"SlopeOr":175,"_layer":"GlobalKites - Open Kites"}},{"type":"Feature","geometry":{"type":"Point","coordinates":[42.323893197000054,20.84872017300005]},"properties":{"ID":"OK346","Type":"V","PitTraps":2,"Contig":0,"Length":133,"Orient":177,"SlopeOr":11,"_layer":"GlobalKites - Open Kites"}},{"type":"Feature","geometry":{"type":"Point","coordinates":[42.31091501400005,20.84562766700005]},"properties":{"ID":"OK347","Type":"C","PitTraps":20,"Contig":1,"Length":280,"Orient":162,"SlopeOr":170,"_layer":"GlobalKites - Open Kites"}},{"type":"Feature","geometry":{"type":"Point","coordinates":[42.31399512200005,20.84740947600005]},"properties":{"ID":"OK348","Type":"C","PitTraps":15,"Contig":1,"Length":623,"Orient":127,"SlopeOr":153,"_layer":"GlobalKites - Open Kites"}},{"type":"Feature","geometry":{"type":"Point","coordinates":[42.24387471600005,20.82215381600005]},"properties":{"ID":"OK349","Type":"C","PitTraps":7,"Contig":1,"Length":318,"Orient":133,"SlopeOr":63,"_layer":"GlobalKites - Open Kites"}},{"type":"Feature","geometry":{"type":"Point","coordinates":[42.24636678000005,20.83454417400005]},"properties":{"ID":"OK350","Type":"C","PitTraps":6,"Contig":0,"Length":273,"Orient":205,"SlopeOr":225,"_layer":"GlobalKites - Open Kites"}},{"type":"Feature","geometry":{"type":"Point","coordinates":[42.246042380000056,20.83706678900005]},"properties":{"ID":"OK351","Type":"C","PitTraps":9,"Contig":1,"Length":355,"Orient":117,"SlopeOr":18,"_layer":"GlobalKites - Open Kites"}},{"type":"Feature","geometry":{"type":"Point","coordinates":[42.22583066600005,20.78919064100005]},"properties":{"ID":"OK352","Type":"C","PitTraps":8,"Contig":0,"Length":435,"Orient":288,"SlopeOr":308,"_layer":"GlobalKites - Open Kites"}},{"type":"Feature","geometry":{"type":"Point","coordinates":[42.20599848300005,20.79119790100005]},"properties":{"ID":"OK353","Type":"C","PitTraps":10,"Contig":1,"Length":340,"Orient":150,"SlopeOr":216,"_layer":"GlobalKites - Open Kites"}},{"type":"Feature","geometry":{"type":"Point","coordinates":[42.39106303700005,20.86459162400005]},"properties":{"ID":"OK354","Type":"C","PitTraps":5,"Contig":0,"Length":178,"Orient":18,"SlopeOr":220,"_layer":"GlobalKites - Open Kites"}},{"type":"Feature","geometry":{"type":"Point","coordinates":[42.38947679500005,20.85632417100005]},"properties":{"ID":"OK355","Type":"C","PitTraps":12,"Contig":1,"Length":375,"Orient":89,"SlopeOr":45,"_layer":"GlobalKites - Open Kites"}},{"type":"Feature","geometry":{"type":"Point","coordinates":[42.34836811800005,20.84035249700005]},"properties":{"ID":"OK356","Type":"V","PitTraps":5,"Contig":1,"Length":192,"Orient":153,"SlopeOr":236,"_layer":"GlobalKites - Open Kites"}},{"type":"Feature","geometry":{"type":"Point","coordinates":[42.337868836000055,20.83665038200005]},"properties":{"ID":"OK357","Type":"C","PitTraps":8,"Contig":1,"Length":336,"Orient":161,"SlopeOr":126,"_layer":"GlobalKites - Open Kites"}},{"type":"Feature","geometry":{"type":"Point","coordinates":[42.310438895000054,20.90741892700005]},"properties":{"ID":"OK358","Type":"C","PitTraps":9,"Contig":1,"Length":358,"Orient":169,"SlopeOr":148,"_layer":"GlobalKites - Open Kites"}},{"type":"Feature","geometry":{"type":"Point","coordinates":[42.308700443000056,20.90630814100005]},"properties":{"ID":"OK359","Type":"C","PitTraps":9,"Contig":1,"Length":248,"Orient":180,"SlopeOr":108,"_layer":"GlobalKites - Open Kites"}},{"type":"Feature","geometry":{"type":"Point","coordinates":[41.84855377400005,20.63350144700005]},"properties":{"ID":"OK360","Type":"V","PitTraps":3,"Contig":0,"Length":256,"Orient":300,"SlopeOr":315,"_layer":"GlobalKites - Open Kites"}},{"type":"Feature","geometry":{"type":"Point","coordinates":[40.493927418000055,25.75834621900005]},"properties":{"ID":"OK361","Type":"C","PitTraps":10,"Contig":1,"Length":375,"Orient":297,"SlopeOr":315,"_layer":"GlobalKites - Open Kites"}},{"type":"Feature","geometry":{"type":"Point","coordinates":[42.39185748300005,21.85141669200005]},"properties":{"ID":"OK362","Type":"C","PitTraps":41,"Contig":1,"Length":1225,"Orient":241,"SlopeOr":250,"_layer":"GlobalKites - Open Kites"}},{"type":"Feature","geometry":{"type":"Point","coordinates":[39.20111968900005,25.67393829800005]},"properties":{"ID":"OK363","Type":"V","PitTraps":3,"Contig":0,"Length":268,"Orient":110,"SlopeOr":22,"_layer":"GlobalKites - Open Kites"}},{"type":"Feature","geometry":{"type":"Point","coordinates":[42.389118014000054,21.84638614900005]},"properties":{"ID":"OK364","Type":"C","PitTraps":9,"Contig":1,"Length":314,"Orient":248,"SlopeOr":248,"_layer":"GlobalKites - Open Kites"}},{"type":"Feature","geometry":{"type":"Point","coordinates":[42.384186854000056,21.84450186300005]},"properties":{"ID":"OK365","Type":"C","PitTraps":10,"Contig":1,"Length":292,"Orient":253,"SlopeOr":135,"_layer":"GlobalKites - Open Kites"}},{"type":"Feature","geometry":{"type":"Point","coordinates":[42.38220050400005,21.84479918200005]},"properties":{"ID":"OK366","Type":"C","PitTraps":6,"Contig":0,"Length":342,"Orient":90,"SlopeOr":198,"_layer":"GlobalKites - Open Kites"}},{"type":"Feature","geometry":{"type":"Point","coordinates":[42.391999049000056,21.83906402400005]},"properties":{"ID":"OK367","Type":"C","PitTraps":6,"Contig":0,"Length":337,"Orient":262,"SlopeOr":253,"_layer":"GlobalKites - Open Kites"}},{"type":"Feature","geometry":{"type":"Point","coordinates":[42.391042635000055,21.84038968800005]},"properties":{"ID":"OK368","Type":"C","PitTraps":8,"Contig":0,"Length":407,"Orient":219,"SlopeOr":108,"_layer":"GlobalKites - Open Kites"}},{"type":"Feature","geometry":{"type":"Point","coordinates":[42.376062008000055,21.84877486600005]},"properties":{"ID":"OK369","Type":"C","PitTraps":4,"Contig":0,"Length":306,"Orient":124,"SlopeOr":344,"_layer":"GlobalKites - Open Kites"}},{"type":"Feature","geometry":{"type":"Point","coordinates":[42.37606887700005,21.85177901600005]},"properties":{"ID":"OK370","Type":"C","PitTraps":5,"Contig":0,"Length":335,"Orient":128,"SlopeOr":124,"_layer":"GlobalKites - Open Kites"}},{"type":"Feature","geometry":{"type":"Point","coordinates":[42.37762258000005,21.853890156000052]},"properties":{"ID":"OK371","Type":"C","PitTraps":10,"Contig":0,"Length":707,"Orient":190,"SlopeOr":209,"_layer":"GlobalKites - Open Kites"}},{"type":"Feature","geometry":{"type":"Point","coordinates":[42.37102144800005,21.85679357800005]},"properties":{"ID":"OK372","Type":"C","PitTraps":9,"Contig":1,"Length":278,"Orient":176,"SlopeOr":166,"_layer":"GlobalKites - Open Kites"}},{"type":"Feature","geometry":{"type":"Point","coordinates":[42.367661735000056,21.86048067500005]},"properties":{"ID":"OK373","Type":"C","PitTraps":6,"Contig":0,"Length":270,"Orient":142,"SlopeOr":142,"_layer":"GlobalKites - Open Kites"}},{"type":"Feature","geometry":{"type":"Point","coordinates":[42.36908193800005,21.86046305700005]},"properties":{"ID":"OK374","Type":"C","PitTraps":4,"Contig":0,"Length":149,"Orient":219,"SlopeOr":169,"_layer":"GlobalKites - Open Kites"}},{"type":"Feature","geometry":{"type":"Point","coordinates":[42.420660375000054,21.82648722800005]},"properties":{"ID":"OK375","Type":"C","PitTraps":15,"Contig":0,"Length":983,"Orient":244,"SlopeOr":202,"_layer":"GlobalKites - Open Kites"}},{"type":"Feature","geometry":{"type":"Point","coordinates":[40.51836618800005,25.78442784000005]},"properties":{"ID":"OK376","Type":"C","PitTraps":4,"Contig":0,"Length":147,"Orient":151,"SlopeOr":153,"_layer":"GlobalKites - Open Kites"}},{"type":"Feature","geometry":{"type":"Point","coordinates":[42.42043808300005,21.82255546400005]},"properties":{"ID":"OK377","Type":"C","PitTraps":15,"Contig":1,"Length":517,"Orient":167,"SlopeOr":137,"_layer":"GlobalKites - Open Kites"}},{"type":"Feature","geometry":{"type":"Point","coordinates":[42.42282401500005,21.82295791100005]},"properties":{"ID":"OK378","Type":"C","PitTraps":14,"Contig":1,"Length":308,"Orient":184,"SlopeOr":173,"_layer":"GlobalKites - Open Kites"}},{"type":"Feature","geometry":{"type":"Point","coordinates":[42.40117501300005,21.81586028500005]},"properties":{"ID":"OK379","Type":"C","PitTraps":20,"Contig":1,"Length":735,"Orient":187,"SlopeOr":189,"_layer":"GlobalKites - Open Kites"}},{"type":"Feature","geometry":{"type":"Point","coordinates":[42.399093310000055,21.815745844000052]},"properties":{"ID":"OK380","Type":"C","PitTraps":7,"Contig":0,"Length":492,"Orient":120,"SlopeOr":97,"_layer":"GlobalKites - Open Kites"}},{"type":"Feature","geometry":{"type":"Point","coordinates":[42.396719852000054,21.81499162700005]},"properties":{"ID":"OK381","Type":"C","PitTraps":6,"Contig":0,"Length":210,"Orient":83,"SlopeOr":69,"_layer":"GlobalKites - Open Kites"}},{"type":"Feature","geometry":{"type":"Point","coordinates":[42.39805909700005,21.81335746700005]},"properties":{"ID":"OK382","Type":"C","PitTraps":36,"Contig":1,"Length":1620,"Orient":233,"SlopeOr":66,"_layer":"GlobalKites - Open Kites"}},{"type":"Feature","geometry":{"type":"Point","coordinates":[40.48725049400005,25.79296081300005]},"properties":{"ID":"OK383","Type":"C","PitTraps":3,"Contig":0,"Length":252,"Orient":3,"SlopeOr":20,"_layer":"GlobalKites - Open Kites"}},{"type":"Feature","geometry":{"type":"Point","coordinates":[42.395583759000054,21.81132051900005]},"properties":{"ID":"OK384","Type":"C","PitTraps":14,"Contig":1,"Length":491,"Orient":79,"SlopeOr":4,"_layer":"GlobalKites - Open Kites"}},{"type":"Feature","geometry":{"type":"Point","coordinates":[40.52200862800005,25.80463460100005]},"properties":{"ID":"OK385","Type":"C","PitTraps":17,"Contig":1,"Length":286,"Orient":134,"SlopeOr":144,"_layer":"GlobalKites - Open Kites"}},{"type":"Feature","geometry":{"type":"Point","coordinates":[42.397081521000054,21.81793488100005]},"properties":{"ID":"OK386","Type":"C","PitTraps":11,"Contig":0,"Length":452,"Orient":180,"SlopeOr":170,"_layer":"GlobalKites - Open Kites"}},{"type":"Feature","geometry":{"type":"Point","coordinates":[42.395038310000054,21.81899616200005]},"properties":{"ID":"OK387","Type":"C","PitTraps":8,"Contig":0,"Length":189,"Orient":171,"SlopeOr":255,"_layer":"GlobalKites - Open Kites"}},{"type":"Feature","geometry":{"type":"Point","coordinates":[42.40624353700005,21.82317975500005]},"properties":{"ID":"OK388","Type":"C","PitTraps":16,"Contig":1,"Length":606,"Orient":172,"SlopeOr":174,"_layer":"GlobalKites - Open Kites"}},{"type":"Feature","geometry":{"type":"Point","coordinates":[40.30197103700005,25.88303764700005]},"properties":{"ID":"OK389","Type":"C","PitTraps":3,"Contig":0,"Length":195,"Orient":328,"SlopeOr":37,"_layer":"GlobalKites - Open Kites"}},{"type":"Feature","geometry":{"type":"Point","coordinates":[42.39585180200005,21.83618796500005]},"properties":{"ID":"OK390","Type":"C","PitTraps":33,"Contig":1,"Length":1262,"Orient":209,"SlopeOr":180,"_layer":"GlobalKites - Open Kites"}},{"type":"Feature","geometry":{"type":"Point","coordinates":[42.39997279600005,21.83230120100005]},"properties":{"ID":"OK391","Type":"C","PitTraps":14,"Contig":1,"Length":457,"Orient":22,"SlopeOr":262,"_layer":"GlobalKites - Open Kites"}},{"type":"Feature","geometry":{"type":"Point","coordinates":[42.409275709000056,21.82434059600005]},"properties":{"ID":"OK392","Type":"C","PitTraps":10,"Contig":0,"Length":285,"Orient":175,"SlopeOr":138,"_layer":"GlobalKites - Open Kites"}},{"type":"Feature","geometry":{"type":"Point","coordinates":[42.40755910600005,21.81121819900005]},"properties":{"ID":"OK393","Type":"C","PitTraps":13,"Contig":0,"Length":975,"Orient":270,"SlopeOr":252,"_layer":"GlobalKites - Open Kites"}},{"type":"Feature","geometry":{"type":"Point","coordinates":[42.402090259000055,21.80815530800005]},"properties":{"ID":"OK394","Type":"C","PitTraps":13,"Contig":1,"Length":392,"Orient":314,"SlopeOr":270,"_layer":"GlobalKites - Open Kites"}},{"type":"Feature","geometry":{"type":"Point","coordinates":[42.402207235000056,21.80446065400005]},"properties":{"ID":"OK395","Type":"C","PitTraps":11,"Contig":0,"Length":527,"Orient":345,"SlopeOr":135,"_layer":"GlobalKites - Open Kites"}},{"type":"Feature","geometry":{"type":"Point","coordinates":[42.41402026400005,21.80730793500005]},"properties":{"ID":"OK396","Type":"C","PitTraps":8,"Contig":1,"Length":473,"Orient":209,"SlopeOr":270,"_layer":"GlobalKites - Open Kites"}},{"type":"Feature","geometry":{"type":"Point","coordinates":[42.400040616000055,21.79715577000005]},"properties":{"ID":"OK397","Type":"C","PitTraps":3,"Contig":0,"Length":204,"Orient":51,"SlopeOr":90,"_layer":"GlobalKites - Open Kites"}},{"type":"Feature","geometry":{"type":"Point","coordinates":[42.416738155000054,21.803475943000052]},"properties":{"ID":"OK398","Type":"C","PitTraps":5,"Contig":1,"Length":267,"Orient":161,"SlopeOr":68,"_layer":"GlobalKites - Open Kites"}},{"type":"Feature","geometry":{"type":"Point","coordinates":[42.42531066000005,21.79956386700005]},"properties":{"ID":"OK399","Type":"C","PitTraps":7,"Contig":1,"Length":271,"Orient":267,"SlopeOr":270,"_layer":"GlobalKites - Open Kites"}},{"type":"Feature","geometry":{"type":"Point","coordinates":[42.42803200000005,21.79935610300005]},"properties":{"ID":"OK400","Type":"C","PitTraps":18,"Contig":0,"Length":1083,"Orient":191,"SlopeOr":182,"_layer":"GlobalKites - Open Kites"}},{"type":"Feature","geometry":{"type":"Point","coordinates":[42.436603205000054,21.788277231000052]},"properties":{"ID":"OK401","Type":"C","PitTraps":10,"Contig":1,"Length":596,"Orient":225,"SlopeOr":203,"_layer":"GlobalKites - Open Kites"}},{"type":"Feature","geometry":{"type":"Point","coordinates":[42.43534214700005,21.79023798400005]},"properties":{"ID":"OK402","Type":"C","PitTraps":10,"Contig":1,"Length":563,"Orient":233,"SlopeOr":217,"_layer":"GlobalKites - Open Kites"}},{"type":"Feature","geometry":{"type":"Point","coordinates":[42.447216696000055,21.783302509000052]},"properties":{"ID":"OK403","Type":"C","PitTraps":16,"Contig":1,"Length":422,"Orient":271,"SlopeOr":308,"_layer":"GlobalKites - Open Kites"}},{"type":"Feature","geometry":{"type":"Point","coordinates":[42.44528557500005,21.78204376600005]},"properties":{"ID":"OK404","Type":"C","PitTraps":4,"Contig":0,"Length":344,"Orient":324,"SlopeOr":332,"_layer":"GlobalKites - Open Kites"}},{"type":"Feature","geometry":{"type":"Point","coordinates":[42.44276090600005,21.77337402600005]},"properties":{"ID":"OK405","Type":"C","PitTraps":3,"Contig":0,"Length":190,"Orient":39,"SlopeOr":180,"_layer":"GlobalKites - Open Kites"}},{"type":"Feature","geometry":{"type":"Point","coordinates":[42.43188317900005,21.76680444300005]},"properties":{"ID":"OK406","Type":"W","PitTraps":5,"Contig":0,"Length":429,"Orient":20,"SlopeOr":37,"_layer":"GlobalKites - Open Kites"}},{"type":"Feature","geometry":{"type":"Point","coordinates":[42.42491592700005,21.77867208500005]},"properties":{"ID":"OK407","Type":"C","PitTraps":4,"Contig":1,"Length":315,"Orient":1,"SlopeOr":36,"_layer":"GlobalKites - Open Kites"}},{"type":"Feature","geometry":{"type":"Point","coordinates":[42.411392684000056,21.78153100300005]},"properties":{"ID":"OK408","Type":"C","PitTraps":31,"Contig":0,"Length":530,"Orient":35,"SlopeOr":124,"_layer":"GlobalKites - Open Kites"}},{"type":"Feature","geometry":{"type":"Point","coordinates":[42.410405985000054,21.78256524900005]},"properties":{"ID":"OK409","Type":"C","PitTraps":5,"Contig":0,"Length":154,"Orient":124,"SlopeOr":101,"_layer":"GlobalKites - Open Kites"}},{"type":"Feature","geometry":{"type":"Point","coordinates":[42.412406598000054,21.77868931100005]},"properties":{"ID":"OK410","Type":"C","PitTraps":21,"Contig":1,"Length":365,"Orient":32,"SlopeOr":17,"_layer":"GlobalKites - Open Kites"}},{"type":"Feature","geometry":{"type":"Point","coordinates":[42.41755489100005,21.77989210000005]},"properties":{"ID":"OK411","Type":"C","PitTraps":7,"Contig":0,"Length":299,"Orient":310,"SlopeOr":265,"_layer":"GlobalKites - Open Kites"}},{"type":"Feature","geometry":{"type":"Point","coordinates":[42.573236345000055,21.65145720900005]},"properties":{"ID":"OK412","Type":"C","PitTraps":5,"Contig":0,"Length":99,"Orient":185,"SlopeOr":173,"_layer":"GlobalKites - Open Kites"}},{"type":"Feature","geometry":{"type":"Point","coordinates":[39.52927750200005,25.631900262000052]},"properties":{"ID":"OK413","Type":"C","PitTraps":10,"Contig":1,"Length":395,"Orient":197,"SlopeOr":166,"_layer":"GlobalKites - Open Kites"}},{"type":"Feature","geometry":{"type":"Point","coordinates":[42.566066207000055,21.64890938500005]},"properties":{"ID":"OK414","Type":"C","PitTraps":57,"Contig":1,"Length":1435,"Orient":126,"SlopeOr":135,"_layer":"GlobalKites - Open Kites"}},{"type":"Feature","geometry":{"type":"Point","coordinates":[39.531526803000055,25.63432739900005]},"properties":{"ID":"OK415","Type":"C","PitTraps":9,"Contig":1,"Length":215,"Orient":80,"SlopeOr":140,"_layer":"GlobalKites - Open Kites"}},{"type":"Feature","geometry":{"type":"Point","coordinates":[42.55759990600005,21.63806328300005]},"properties":{"ID":"OK416","Type":"C","PitTraps":28,"Contig":1,"Length":556,"Orient":143,"SlopeOr":164,"_layer":"GlobalKites - Open Kites"}},{"type":"Feature","geometry":{"type":"Point","coordinates":[42.55082709100005,21.633778203000052]},"properties":{"ID":"OK417","Type":"C","PitTraps":13,"Contig":0,"Length":654,"Orient":132,"SlopeOr":140,"_layer":"GlobalKites - Open Kites"}},{"type":"Feature","geometry":{"type":"Point","coordinates":[42.483537201000054,21.55515068800005]},"properties":{"ID":"OK418","Type":"W","PitTraps":5,"Contig":0,"Length":159,"Orient":138,"SlopeOr":22,"_layer":"GlobalKites - Open Kites"}},{"type":"Feature","geometry":{"type":"Point","coordinates":[42.484627673000055,21.55255894800005]},"properties":{"ID":"OK419","Type":"C","PitTraps":11,"Contig":1,"Length":267,"Orient":132,"SlopeOr":112,"_layer":"GlobalKites - Open Kites"}},{"type":"Feature","geometry":{"type":"Point","coordinates":[42.468271609000055,21.53682322100005]},"properties":{"ID":"OK420","Type":"C","PitTraps":7,"Contig":0,"Length":399,"Orient":336,"SlopeOr":315,"_layer":"GlobalKites - Open Kites"}},{"type":"Feature","geometry":{"type":"Point","coordinates":[42.46722759000005,21.53891934800005]},"properties":{"ID":"OK421","Type":"C","PitTraps":12,"Contig":1,"Length":238,"Orient":146,"SlopeOr":105,"_layer":"GlobalKites - Open Kites"}},{"type":"Feature","geometry":{"type":"Point","coordinates":[42.55168150800005,21.31107685100005]},"properties":{"ID":"OK422","Type":"V","PitTraps":2,"Contig":0,"Length":101,"Orient":345,"SlopeOr":347,"_layer":"GlobalKites - Open Kites"}},{"type":"Feature","geometry":{"type":"Point","coordinates":[42.005916594000055,21.572966959000052]},"properties":{"ID":"OK423","Type":"W","PitTraps":4,"Contig":0,"Length":139,"Orient":25,"SlopeOr":76,"_layer":"GlobalKites - Open Kites"}},{"type":"Feature","geometry":{"type":"Point","coordinates":[42.00367583900005,21.57751234800005]},"properties":{"ID":"OK424","Type":"C","PitTraps":23,"Contig":1,"Length":334,"Orient":110,"SlopeOr":72,"_layer":"GlobalKites - Open Kites"}},{"type":"Feature","geometry":{"type":"Point","coordinates":[42.00777857800005,21.56966161600005]},"properties":{"ID":"OK425","Type":"V","PitTraps":2,"Contig":0,"Length":262,"Orient":33,"SlopeOr":22,"_layer":"GlobalKites - Open Kites"}},{"type":"Feature","geometry":{"type":"Point","coordinates":[41.663464266000055,20.81167490800005]},"properties":{"ID":"OK426","Type":"C","PitTraps":13,"Contig":1,"Length":249,"Orient":195,"SlopeOr":246,"_layer":"GlobalKites - Open Kites"}},{"type":"Feature","geometry":{"type":"Point","coordinates":[41.66002016600005,20.81440746300005]},"properties":{"ID":"OK427","Type":"V","PitTraps":2,"Contig":0,"Length":230,"Orient":213,"SlopeOr":166,"_layer":"GlobalKites - Open Kites"}},{"type":"Feature","geometry":{"type":"Point","coordinates":[41.62936585800005,20.83804962600005]},"properties":{"ID":"OK428","Type":"C","PitTraps":13,"Contig":1,"Length":250,"Orient":241,"SlopeOr":269,"_layer":"GlobalKites - Open Kites"}},{"type":"Feature","geometry":{"type":"Point","coordinates":[41.606499498000055,20.91233903700005]},"properties":{"ID":"OK429","Type":"C","PitTraps":10,"Contig":1,"Length":336,"Orient":108,"SlopeOr":70,"_layer":"GlobalKites - Open Kites"}},{"type":"Feature","geometry":{"type":"Point","coordinates":[41.67774695700005,20.80690826400005]},"properties":{"ID":"OK430","Type":"C","PitTraps":8,"Contig":1,"Length":424,"Orient":152,"SlopeOr":243,"_layer":"GlobalKites - Open Kites"}},{"type":"Feature","geometry":{"type":"Point","coordinates":[41.68087169500005,20.804764170000052]},"properties":{"ID":"OK431","Type":"C","PitTraps":13,"Contig":1,"Length":526,"Orient":210,"SlopeOr":198,"_layer":"GlobalKites - Open Kites"}},{"type":"Feature","geometry":{"type":"Point","coordinates":[41.68403485100005,20.79725477100005]},"properties":{"ID":"OK432","Type":"C","PitTraps":9,"Contig":1,"Length":352,"Orient":226,"SlopeOr":252,"_layer":"GlobalKites - Open Kites"}},{"type":"Feature","geometry":{"type":"Point","coordinates":[41.684992470000054,20.79666205700005]},"properties":{"ID":"OK433","Type":"V","PitTraps":2,"Contig":0,"Length":77,"Orient":215,"SlopeOr":208,"_layer":"GlobalKites - Open Kites"}},{"type":"Feature","geometry":{"type":"Point","coordinates":[41.697641110000056,20.79453712600005]},"properties":{"ID":"OK434","Type":"C","PitTraps":10,"Contig":1,"Length":952,"Orient":175,"SlopeOr":173,"_layer":"GlobalKites - Open Kites"}},{"type":"Feature","geometry":{"type":"Point","coordinates":[41.70690728100005,20.79509635200005]},"properties":{"ID":"OK435","Type":"C","PitTraps":11,"Contig":0,"Length":795,"Orient":185,"SlopeOr":182,"_layer":"GlobalKites - Open Kites"}},{"type":"Feature","geometry":{"type":"Point","coordinates":[41.71548346400005,20.79039484200005]},"properties":{"ID":"OK436","Type":"C","PitTraps":17,"Contig":1,"Length":1337,"Orient":238,"SlopeOr":241,"_layer":"GlobalKites - Open Kites"}},{"type":"Feature","geometry":{"type":"Point","coordinates":[41.72093609600005,20.78435246100005]},"properties":{"ID":"OK437","Type":"C","PitTraps":8,"Contig":1,"Length":587,"Orient":230,"SlopeOr":233,"_layer":"GlobalKites - Open Kites"}},{"type":"Feature","geometry":{"type":"Point","coordinates":[41.75267564100005,20.78685542700005]},"properties":{"ID":"OK438","Type":"C","PitTraps":8,"Contig":1,"Length":357,"Orient":225,"SlopeOr":162,"_layer":"GlobalKites - Open Kites"}},{"type":"Feature","geometry":{"type":"Point","coordinates":[41.749036047000054,20.77928344800005]},"properties":{"ID":"OK439","Type":"C","PitTraps":4,"Contig":0,"Length":357,"Orient":285,"SlopeOr":342,"_layer":"GlobalKites - Open Kites"}},{"type":"Feature","geometry":{"type":"Point","coordinates":[41.74348405500005,20.77693093100005]},"properties":{"ID":"OK440","Type":"C","PitTraps":10,"Contig":1,"Length":315,"Orient":66,"SlopeOr":292,"_layer":"GlobalKites - Open Kites"}},{"type":"Feature","geometry":{"type":"Point","coordinates":[41.70497736000005,20.774057080000052]},"properties":{"ID":"OK441","Type":"C","PitTraps":24,"Contig":1,"Length":255,"Orient":135,"SlopeOr":124,"_layer":"GlobalKites - Open Kites"}},{"type":"Feature","geometry":{"type":"Point","coordinates":[41.70639254500005,20.776109005000052]},"properties":{"ID":"OK442","Type":"C","PitTraps":15,"Contig":1,"Length":508,"Orient":359,"SlopeOr":14,"_layer":"GlobalKites - Open Kites"}},{"type":"Feature","geometry":{"type":"Point","coordinates":[41.70131210400005,20.76043297600005]},"properties":{"ID":"OK443","Type":"C","PitTraps":7,"Contig":1,"Length":120,"Orient":259,"SlopeOr":245,"_layer":"GlobalKites - Open Kites"}},{"type":"Feature","geometry":{"type":"Point","coordinates":[41.70387652600005,20.74966591900005]},"properties":{"ID":"OK444","Type":"C","PitTraps":15,"Contig":1,"Length":302,"Orient":316,"SlopeOr":352,"_layer":"GlobalKites - Open Kites"}},{"type":"Feature","geometry":{"type":"Point","coordinates":[41.702820644000056,20.74643938600005]},"properties":{"ID":"OK445","Type":"C","PitTraps":8,"Contig":1,"Length":282,"Orient":211,"SlopeOr":164,"_layer":"GlobalKites - Open Kites"}},{"type":"Feature","geometry":{"type":"Point","coordinates":[41.69829830700005,20.73313916600005]},"properties":{"ID":"OK446","Type":"C","PitTraps":8,"Contig":1,"Length":237,"Orient":246,"SlopeOr":239,"_layer":"GlobalKites - Open Kites"}},{"type":"Feature","geometry":{"type":"Point","coordinates":[42.230241195000055,20.783131916000052]},"properties":{"ID":"OK447","Type":"V","PitTraps":1,"Contig":0,"Length":130,"Orient":324,"SlopeOr":342,"_layer":"GlobalKites - Open Kites"}},{"type":"Feature","geometry":{"type":"Point","coordinates":[41.611583323000055,20.42613803900005]},"properties":{"ID":"OK448","Type":"C","PitTraps":16,"Contig":0,"Length":415,"Orient":212,"SlopeOr":206,"_layer":"GlobalKites - Open Kites"}},{"type":"Feature","geometry":{"type":"Point","coordinates":[42.39864836800005,21.84261978700005]},"properties":{"ID":"OK449","Type":"C","PitTraps":7,"Contig":0,"Length":655,"Orient":191,"SlopeOr":129,"_layer":"GlobalKites - Open Kites"}},{"type":"Feature","geometry":{"type":"Point","coordinates":[39.491548267000056,25.60816594100005]},"properties":{"ID":"OK450","Type":"V","PitTraps":2,"Contig":0,"Length":462,"Orient":286,"SlopeOr":233,"_layer":"GlobalKites - Open Kites"}},{"type":"Feature","geometry":{"type":"Point","coordinates":[42.423420797000055,21.81647186700005]},"properties":{"ID":"OK451","Type":"C","PitTraps":16,"Contig":1,"Length":357,"Orient":301,"SlopeOr":354,"_layer":"GlobalKites - Open Kites"}},{"type":"Feature","geometry":{"type":"Point","coordinates":[42.427694618000054,21.81283775900005]},"properties":{"ID":"OK452","Type":"C","PitTraps":11,"Contig":1,"Length":542,"Orient":252,"SlopeOr":339,"_layer":"GlobalKites - Open Kites"}},{"type":"Feature","geometry":{"type":"Point","coordinates":[39.489515340000054,25.60373327100005]},"properties":{"ID":"OK453","Type":"C","PitTraps":12,"Contig":1,"Length":966,"Orient":253,"SlopeOr":39,"_layer":"GlobalKites - Open Kites"}},{"type":"Feature","geometry":{"type":"Point","coordinates":[42.42921039200005,21.81177840700005]},"properties":{"ID":"OK454","Type":"V","PitTraps":3,"Contig":1,"Length":221,"Orient":154,"SlopeOr":31,"_layer":"GlobalKites - Open Kites"}},{"type":"Feature","geometry":{"type":"Point","coordinates":[42.430948130000054,21.81185177700005]},"properties":{"ID":"OK455","Type":"W","PitTraps":16,"Contig":1,"Length":617,"Orient":215,"SlopeOr":259,"_layer":"GlobalKites - Open Kites"}},{"type":"Feature","geometry":{"type":"Point","coordinates":[39.53310530500005,25.635691657000052]},"properties":{"ID":"OK456","Type":"C","PitTraps":5,"Contig":0,"Length":230,"Orient":301,"SlopeOr":288,"_layer":"GlobalKites - Open Kites"}},{"type":"Feature","geometry":{"type":"Point","coordinates":[41.97518516900005,21.46736640300005]},"properties":{"ID":"OK457","Type":"V","PitTraps":4,"Contig":1,"Length":179,"Orient":36,"SlopeOr":82,"_layer":"GlobalKites - Open Kites"}},{"type":"Feature","geometry":{"type":"Point","coordinates":[41.973387163000055,21.47055776700005]},"properties":{"ID":"OK458","Type":"C","PitTraps":7,"Contig":1,"Length":295,"Orient":49,"SlopeOr":95,"_layer":"GlobalKites - Open Kites"}},{"type":"Feature","geometry":{"type":"Point","coordinates":[42.510296452000055,21.07853028400005]},"properties":{"ID":"OK459","Type":"C","PitTraps":10,"Contig":1,"Length":248,"Orient":151,"SlopeOr":180,"_layer":"GlobalKites - Open Kites"}},{"type":"Feature","geometry":{"type":"Point","coordinates":[42.512244853000055,21.07741543700005]},"properties":{"ID":"OK460","Type":"C","PitTraps":19,"Contig":1,"Length":219,"Orient":218,"SlopeOr":306,"_layer":"GlobalKites - Open Kites"}},{"type":"Feature","geometry":{"type":"Point","coordinates":[39.474408100000055,25.585892829000052]},"properties":{"ID":"OK461","Type":"W","PitTraps":7,"Contig":0,"Length":234,"Orient":21,"SlopeOr":23,"_layer":"GlobalKites - Open Kites"}},{"type":"Feature","geometry":{"type":"Point","coordinates":[42.61936183400005,21.10063975300005]},"properties":{"ID":"OK462","Type":"V","PitTraps":3,"Contig":0,"Length":314,"Orient":154,"SlopeOr":157,"_layer":"GlobalKites - Open Kites"}},{"type":"Feature","geometry":{"type":"Point","coordinates":[42.652154120000056,21.11511291100005]},"properties":{"ID":"OK463","Type":"V","PitTraps":2,"Contig":0,"Length":197,"Orient":170,"SlopeOr":165,"_layer":"GlobalKites - Open Kites"}},{"type":"Feature","geometry":{"type":"Point","coordinates":[42.51219066600005,21.38061509900005]},"properties":{"ID":"OK464","Type":"C","PitTraps":7,"Contig":1,"Length":134,"Orient":245,"SlopeOr":212,"_layer":"GlobalKites - Open Kites"}},{"type":"Feature","geometry":{"type":"Point","coordinates":[42.552555983000055,21.38536755900005]},"properties":{"ID":"OK465","Type":"V","PitTraps":3,"Contig":1,"Length":185,"Orient":180,"SlopeOr":23,"_layer":"GlobalKites - Open Kites"}},{"type":"Feature","geometry":{"type":"Point","coordinates":[39.50491632700005,25.634571276000052]},"properties":{"ID":"OK466","Type":"C","PitTraps":11,"Contig":1,"Length":148,"Orient":242,"SlopeOr":270,"_layer":"GlobalKites - Open Kites"}},{"type":"Feature","geometry":{"type":"Point","coordinates":[42.468496095000056,21.11156346100005]},"properties":{"ID":"OK467","Type":"C","PitTraps":7,"Contig":0,"Length":346,"Orient":340,"SlopeOr":344,"_layer":"GlobalKites - Open Kites"}},{"type":"Feature","geometry":{"type":"Point","coordinates":[42.41698389100005,21.06432932800005]},"properties":{"ID":"OK468","Type":"C","PitTraps":16,"Contig":1,"Length":247,"Orient":139,"SlopeOr":166,"_layer":"GlobalKites - Open Kites"}},{"type":"Feature","geometry":{"type":"Point","coordinates":[42.41934237900005,21.06371853200005]},"properties":{"ID":"OK469","Type":"C","PitTraps":11,"Contig":1,"Length":213,"Orient":195,"SlopeOr":180,"_layer":"GlobalKites - Open Kites"}},{"type":"Feature","geometry":{"type":"Point","coordinates":[42.42218982200005,21.06378540000005]},"properties":{"ID":"OK470","Type":"C","PitTraps":7,"Contig":1,"Length":285,"Orient":157,"SlopeOr":152,"_layer":"GlobalKites - Open Kites"}},{"type":"Feature","geometry":{"type":"Point","coordinates":[42.42193707900005,21.06462152900005]},"properties":{"ID":"OK471","Type":"C","PitTraps":5,"Contig":1,"Length":170,"Orient":98,"SlopeOr":99,"_layer":"GlobalKites - Open Kites"}},{"type":"Feature","geometry":{"type":"Point","coordinates":[42.424525577000054,21.06363179100005]},"properties":{"ID":"OK472","Type":"C","PitTraps":5,"Contig":1,"Length":409,"Orient":95,"SlopeOr":76,"_layer":"GlobalKites - Open Kites"}},{"type":"Feature","geometry":{"type":"Point","coordinates":[42.425778961000056,21.06412847900005]},"properties":{"ID":"OK473","Type":"C","PitTraps":16,"Contig":1,"Length":666,"Orient":119,"SlopeOr":152,"_layer":"GlobalKites - Open Kites"}},{"type":"Feature","geometry":{"type":"Point","coordinates":[42.42556709200005,21.06219416800005]},"properties":{"ID":"OK474","Type":"C","PitTraps":8,"Contig":0,"Length":458,"Orient":141,"SlopeOr":104,"_layer":"GlobalKites - Open Kites"}},{"type":"Feature","geometry":{"type":"Point","coordinates":[42.427181895000054,21.06620924500005]},"properties":{"ID":"OK475","Type":"C","PitTraps":26,"Contig":1,"Length":325,"Orient":177,"SlopeOr":270,"_layer":"GlobalKites - Open Kites"}},{"type":"Feature","geometry":{"type":"Point","coordinates":[42.429363323000054,21.06811011200005]},"properties":{"ID":"OK476","Type":"C","PitTraps":11,"Contig":1,"Length":278,"Orient":138,"SlopeOr":157,"_layer":"GlobalKites - Open Kites"}},{"type":"Feature","geometry":{"type":"Point","coordinates":[42.41907786200005,21.05521125200005]},"properties":{"ID":"OK477","Type":"C","PitTraps":11,"Contig":1,"Length":359,"Orient":69,"SlopeOr":18,"_layer":"GlobalKites - Open Kites"}},{"type":"Feature","geometry":{"type":"Point","coordinates":[40.47760572200005,23.06841966500005]},"properties":{"ID":"OK478","Type":"C","PitTraps":4,"Contig":0,"Length":186,"Orient":112,"SlopeOr":333,"_layer":"GlobalKites - Open Kites"}},{"type":"Feature","geometry":{"type":"Point","coordinates":[42.421033963000056,21.054066770000052]},"properties":{"ID":"OK479","Type":"C","PitTraps":11,"Contig":1,"Length":240,"Orient":49,"SlopeOr":18,"_layer":"GlobalKites - Open Kites"}},{"type":"Feature","geometry":{"type":"Point","coordinates":[42.41626439800005,21.03055429000005]},"properties":{"ID":"OK480","Type":"W","PitTraps":3,"Contig":0,"Length":395,"Orient":136,"SlopeOr":158,"_layer":"GlobalKites - Open Kites"}},{"type":"Feature","geometry":{"type":"Point","coordinates":[42.49523503500005,20.85048165900005]},"properties":{"ID":"OK481","Type":"C","PitTraps":7,"Contig":1,"Length":298,"Orient":59,"SlopeOr":8,"_layer":"GlobalKites - Open Kites"}},{"type":"Feature","geometry":{"type":"Point","coordinates":[42.40436198100005,20.91996312800005]},"properties":{"ID":"OK482","Type":"C","PitTraps":6,"Contig":1,"Length":252,"Orient":19,"SlopeOr":9,"_layer":"GlobalKites - Open Kites"}},{"type":"Feature","geometry":{"type":"Point","coordinates":[42.38434001900005,20.90921240100005]},"properties":{"ID":"OK483","Type":"C","PitTraps":5,"Contig":1,"Length":158,"Orient":50,"SlopeOr":72,"_layer":"GlobalKites - Open Kites"}},{"type":"Feature","geometry":{"type":"Point","coordinates":[42.376889809000055,20.90697403600005]},"properties":{"ID":"OK484","Type":"V","PitTraps":4,"Contig":0,"Length":142,"Orient":22,"SlopeOr":358,"_layer":"GlobalKites - Open Kites"}},{"type":"Feature","geometry":{"type":"Point","coordinates":[42.32614061900005,20.90340565800005]},"properties":{"ID":"OK485","Type":"C","PitTraps":10,"Contig":1,"Length":187,"Orient":36,"SlopeOr":9,"_layer":"GlobalKites - Open Kites"}},{"type":"Feature","geometry":{"type":"Point","coordinates":[42.35150995600005,20.89623246200005]},"properties":{"ID":"OK486","Type":"W","PitTraps":2,"Contig":0,"Length":207,"Orient":10,"SlopeOr":13,"_layer":"GlobalKites - Open Kites"}},{"type":"Feature","geometry":{"type":"Point","coordinates":[42.40969258900005,21.06322399100005]},"properties":{"ID":"OK487","Type":"C","PitTraps":6,"Contig":1,"Length":347,"Orient":182,"SlopeOr":165,"_layer":"GlobalKites - Open Kites"}},{"type":"Feature","geometry":{"type":"Point","coordinates":[42.41087136000005,21.06505154200005]},"properties":{"ID":"OK488","Type":"C","PitTraps":5,"Contig":0,"Length":477,"Orient":174,"SlopeOr":285,"_layer":"GlobalKites - Open Kites"}},{"type":"Feature","geometry":{"type":"Point","coordinates":[42.407913785000055,21.06269031900005]},"properties":{"ID":"OK489","Type":"C","PitTraps":7,"Contig":0,"Length":449,"Orient":147,"SlopeOr":61,"_layer":"GlobalKites - Open Kites"}},{"type":"Feature","geometry":{"type":"Point","coordinates":[42.404865038000054,21.06037523700005]},"properties":{"ID":"OK490","Type":"C","PitTraps":17,"Contig":1,"Length":425,"Orient":142,"SlopeOr":141,"_layer":"GlobalKites - Open Kites"}},{"type":"Feature","geometry":{"type":"Point","coordinates":[42.41389446200005,21.05685947400005]},"properties":{"ID":"OK491","Type":"C","PitTraps":6,"Contig":0,"Length":257,"Orient":359,"SlopeOr":270,"_layer":"GlobalKites - Open Kites"}},{"type":"Feature","geometry":{"type":"Point","coordinates":[42.41629102000005,21.05609056000005]},"properties":{"ID":"OK492","Type":"C","PitTraps":16,"Contig":1,"Length":499,"Orient":7,"SlopeOr":323,"_layer":"GlobalKites - Open Kites"}},{"type":"Feature","geometry":{"type":"Point","coordinates":[39.15507335600005,25.588266538000052]},"properties":{"ID":"OK493","Type":"W","PitTraps":2,"Contig":0,"Length":215,"Orient":118,"SlopeOr":88,"_layer":"GlobalKites - Open Kites"}},{"type":"Feature","geometry":{"type":"Point","coordinates":[42.48997614000005,21.07425455700005]},"properties":{"ID":"OK494","Type":"C","PitTraps":21,"Contig":1,"Length":155,"Orient":317,"SlopeOr":20,"_layer":"GlobalKites - Open Kites"}},{"type":"Feature","geometry":{"type":"Point","coordinates":[42.48445199100005,21.08123403300005]},"properties":{"ID":"OK495","Type":"C","PitTraps":5,"Contig":0,"Length":207,"Orient":174,"SlopeOr":180,"_layer":"GlobalKites - Open Kites"}},{"type":"Feature","geometry":{"type":"Point","coordinates":[42.491587755000054,21.08701457000005]},"properties":{"ID":"OK496","Type":"C","PitTraps":11,"Contig":1,"Length":210,"Orient":136,"SlopeOr":153,"_layer":"GlobalKites - Open Kites"}},{"type":"Feature","geometry":{"type":"Point","coordinates":[42.49299637800005,21.08664159300005]},"properties":{"ID":"OK497","Type":"C","PitTraps":15,"Contig":1,"Length":216,"Orient":77,"SlopeOr":29,"_layer":"GlobalKites - Open Kites"}},{"type":"Feature","geometry":{"type":"Point","coordinates":[42.43880899700005,21.07156050600005]},"properties":{"ID":"OK498","Type":"V","PitTraps":3,"Contig":1,"Length":276,"Orient":231,"SlopeOr":188,"_layer":"GlobalKites - Open Kites"}},{"type":"Feature","geometry":{"type":"Point","coordinates":[42.431717797000054,21.07919932000005]},"properties":{"ID":"OK499","Type":"V","PitTraps":4,"Contig":0,"Length":333,"Orient":150,"SlopeOr":195,"_layer":"GlobalKites - Open Kites"}},{"type":"Feature","geometry":{"type":"Point","coordinates":[42.41034668700005,21.09896435000005]},"properties":{"ID":"OK500","Type":"V","PitTraps":2,"Contig":0,"Length":536,"Orient":129,"SlopeOr":233,"_layer":"GlobalKites - Open Kites"}},{"type":"Feature","geometry":{"type":"Point","coordinates":[40.05698524000005,25.324894065000052]},"properties":{"ID":"OK501","Type":"V","PitTraps":1,"Contig":0,"Length":130,"Orient":312,"SlopeOr":72,"_layer":"GlobalKites - Open Kites"}},{"type":"Feature","geometry":{"type":"Point","coordinates":[39.37053430600005,25.64168928500005]},"properties":{"ID":"OK502","Type":"V","PitTraps":2,"Contig":0,"Length":803,"Orient":117,"SlopeOr":45,"_layer":"GlobalKites - Open Kites"}},{"type":"Feature","geometry":{"type":"Point","coordinates":[42.40642397900005,21.81635670300005]},"properties":{"ID":"OK503","Type":"C","PitTraps":18,"Contig":1,"Length":696,"Orient":180,"SlopeOr":124,"_layer":"GlobalKites - Open Kites"}},{"type":"Feature","geometry":{"type":"Point","coordinates":[42.53596837300005,21.62097925000005]},"properties":{"ID":"OK504","Type":"W","PitTraps":6,"Contig":1,"Length":490,"Orient":120,"SlopeOr":126,"_layer":"GlobalKites - Open Kites"}},{"type":"Feature","geometry":{"type":"Point","coordinates":[42.615644851000056,21.40090422700005]},"properties":{"ID":"OK505","Type":"W","PitTraps":4,"Contig":0,"Length":205,"Orient":262,"SlopeOr":153,"_layer":"GlobalKites - Open Kites"}},{"type":"Feature","geometry":{"type":"Point","coordinates":[42.57017037700005,21.31995378700005]},"properties":{"ID":"OK506","Type":"C","PitTraps":33,"Contig":1,"Length":484,"Orient":147,"SlopeOr":172,"_layer":"GlobalKites - Open Kites"}},{"type":"Feature","geometry":{"type":"Point","coordinates":[42.423464620000054,21.06620742700005]},"properties":{"ID":"OK507","Type":"C","PitTraps":8,"Contig":0,"Length":523,"Orient":145,"SlopeOr":180,"_layer":"GlobalKites - Open Kites"}},{"type":"Feature","geometry":{"type":"Point","coordinates":[41.61336161300005,20.92707394300005]},"properties":{"ID":"OK508","Type":"C","PitTraps":4,"Contig":0,"Length":472,"Orient":182,"SlopeOr":198,"_layer":"GlobalKites - Open Kites"}},{"type":"Feature","geometry":{"type":"Point","coordinates":[42.07820503600005,20.72514566100005]},"properties":{"ID":"OK509","Type":"C","PitTraps":7,"Contig":1,"Length":269,"Orient":175,"SlopeOr":175,"_layer":"GlobalKites - Open Kites"}},{"type":"Feature","geometry":{"type":"Point","coordinates":[42.44449423100005,21.77272391600005]},"properties":{"ID":"OK510","Type":"C","PitTraps":15,"Contig":0,"Length":1035,"Orient":247,"SlopeOr":45,"_layer":"GlobalKites - Open Kites"}},{"type":"Feature","geometry":{"type":"Point","coordinates":[42.421488962000055,21.77441023300005]},"properties":{"ID":"OK511","Type":"C","PitTraps":5,"Contig":0,"Length":129,"Orient":182,"SlopeOr":124,"_layer":"GlobalKites - Open Kites"}},{"type":"Feature","geometry":{"type":"Point","coordinates":[42.41111465200005,21.80632887400005]},"properties":{"ID":"OK512","Type":"C","PitTraps":8,"Contig":1,"Length":876,"Orient":169,"SlopeOr":113,"_layer":"GlobalKites - Open Kites"}},{"type":"Feature","geometry":{"type":"Point","coordinates":[42.39681143400005,21.80843908600005]},"properties":{"ID":"OK513","Type":"C","PitTraps":10,"Contig":0,"Length":232,"Orient":147,"SlopeOr":315,"_layer":"GlobalKites - Open Kites"}},{"type":"Feature","geometry":{"type":"Point","coordinates":[42.39542530800005,21.82744898500005]},"properties":{"ID":"OK514","Type":"C","PitTraps":4,"Contig":0,"Length":99,"Orient":167,"SlopeOr":202,"_layer":"GlobalKites - Open Kites"}},{"type":"Feature","geometry":{"type":"Point","coordinates":[41.75879977500005,21.14222892300005]},"properties":{"ID":"OK515","Type":"C","PitTraps":5,"Contig":0,"Length":208,"Orient":335,"SlopeOr":337,"_layer":"GlobalKites - Open Kites"}},{"type":"Feature","geometry":{"type":"Point","coordinates":[41.76312978100005,21.14350182900005]},"properties":{"ID":"OK516","Type":"C","PitTraps":6,"Contig":0,"Length":167,"Orient":286,"SlopeOr":284,"_layer":"GlobalKites - Open Kites"}},{"type":"Feature","geometry":{"type":"Point","coordinates":[41.766688939000055,21.13413616400005]},"properties":{"ID":"OK517","Type":"V","PitTraps":3,"Contig":0,"Length":241,"Orient":4,"SlopeOr":113,"_layer":"GlobalKites - Open Kites"}},{"type":"Feature","geometry":{"type":"Point","coordinates":[41.768201346000055,21.13348849400005]},"properties":{"ID":"OK518","Type":"C","PitTraps":2,"Contig":0,"Length":238,"Orient":11,"SlopeOr":308,"_layer":"GlobalKites - Open Kites"}},{"type":"Feature","geometry":{"type":"Point","coordinates":[41.83910292200005,21.18168337000005]},"properties":{"ID":"OK519","Type":"W","PitTraps":2,"Contig":0,"Length":223,"Orient":192,"SlopeOr":218,"_layer":"GlobalKites - Open Kites"}},{"type":"Feature","geometry":{"type":"Point","coordinates":[41.840860463000055,21.17821642200005]},"properties":{"ID":"OK520","Type":"C","PitTraps":2,"Contig":0,"Length":232,"Orient":118,"SlopeOr":27,"_layer":"GlobalKites - Open Kites"}},{"type":"Feature","geometry":{"type":"Point","coordinates":[42.076475294000055,21.59888611100005]},"properties":{"ID":"OK521","Type":"C","PitTraps":7,"Contig":1,"Length":252,"Orient":34,"SlopeOr":52,"_layer":"GlobalKites - Open Kites"}},{"type":"Feature","geometry":{"type":"Point","coordinates":[41.92211798800005,20.78360869300005]},"properties":{"ID":"OK522","Type":"C","PitTraps":10,"Contig":1,"Length":389,"Orient":180,"SlopeOr":112,"_layer":"GlobalKites - Open Kites"}},{"type":"Feature","geometry":{"type":"Point","coordinates":[42.00284727100005,20.61333191300005]},"properties":{"ID":"OK523","Type":"C","PitTraps":8,"Contig":1,"Length":478,"Orient":262,"SlopeOr":225,"_layer":"GlobalKites - Open Kites"}},{"type":"Feature","geometry":{"type":"Point","coordinates":[42.07648199700005,20.66830246400005]},"properties":{"ID":"OK524","Type":"C","PitTraps":4,"Contig":0,"Length":206,"Orient":162,"SlopeOr":237,"_layer":"GlobalKites - Open Kites"}},{"type":"Feature","geometry":{"type":"Point","coordinates":[42.07985150000005,20.67046027900005]},"properties":{"ID":"OK525","Type":"C","PitTraps":26,"Contig":1,"Length":770,"Orient":199,"SlopeOr":188,"_layer":"GlobalKites - Open Kites"}},{"type":"Feature","geometry":{"type":"Point","coordinates":[42.07921811200005,20.66766032000005]},"properties":{"ID":"OK526","Type":"C","PitTraps":9,"Contig":0,"Length":240,"Orient":1,"SlopeOr":11,"_layer":"GlobalKites - Open Kites"}},{"type":"Feature","geometry":{"type":"Point","coordinates":[42.08078743800005,20.71488451400005]},"properties":{"ID":"OK527","Type":"C","PitTraps":11,"Contig":1,"Length":472,"Orient":206,"SlopeOr":305,"_layer":"GlobalKites - Open Kites"}},{"type":"Feature","geometry":{"type":"Point","coordinates":[42.16026621300005,20.73919789600005]},"properties":{"ID":"OK528","Type":"C","PitTraps":10,"Contig":1,"Length":505,"Orient":133,"SlopeOr":144,"_layer":"GlobalKites - Open Kites"}},{"type":"Feature","geometry":{"type":"Point","coordinates":[42.165377668000055,20.74081732200005]},"properties":{"ID":"OK529","Type":"C","PitTraps":11,"Contig":1,"Length":217,"Orient":153,"SlopeOr":225,"_layer":"GlobalKites - Open Kites"}},{"type":"Feature","geometry":{"type":"Point","coordinates":[42.13478326500005,20.73294095700005]},"properties":{"ID":"OK530","Type":"W","PitTraps":2,"Contig":0,"Length":185,"Orient":110,"SlopeOr":118,"_layer":"GlobalKites - Open Kites"}},{"type":"Feature","geometry":{"type":"Point","coordinates":[42.169956641000056,20.75930447100005]},"properties":{"ID":"OK531","Type":"C","PitTraps":8,"Contig":1,"Length":207,"Orient":50,"SlopeOr":25,"_layer":"GlobalKites - Open Kites"}},{"type":"Feature","geometry":{"type":"Point","coordinates":[42.169588571000055,20.75742594500005]},"properties":{"ID":"OK532","Type":"C","PitTraps":7,"Contig":1,"Length":92,"Orient":56,"SlopeOr":28,"_layer":"GlobalKites - Open Kites"}},{"type":"Feature","geometry":{"type":"Point","coordinates":[42.172689973000054,20.76415692000005]},"properties":{"ID":"OK533","Type":"C","PitTraps":9,"Contig":1,"Length":156,"Orient":135,"SlopeOr":232,"_layer":"GlobalKites - Open Kites"}},{"type":"Feature","geometry":{"type":"Point","coordinates":[42.17874749500005,20.81530102800005]},"properties":{"ID":"OK534","Type":"C","PitTraps":4,"Contig":0,"Length":341,"Orient":112,"SlopeOr":144,"_layer":"GlobalKites - Open Kites"}},{"type":"Feature","geometry":{"type":"Point","coordinates":[42.18149630100005,20.81694155900005]},"properties":{"ID":"OK535","Type":"C","PitTraps":10,"Contig":1,"Length":297,"Orient":159,"SlopeOr":175,"_layer":"GlobalKites - Open Kites"}},{"type":"Feature","geometry":{"type":"Point","coordinates":[42.19833477800005,20.81830474700005]},"properties":{"ID":"OK536","Type":"C","PitTraps":7,"Contig":0,"Length":97,"Orient":157,"SlopeOr":108,"_layer":"GlobalKites - Open Kites"}},{"type":"Feature","geometry":{"type":"Point","coordinates":[42.20708101100005,20.81300698900005]},"properties":{"ID":"OK537","Type":"C","PitTraps":7,"Contig":1,"Length":537,"Orient":194,"SlopeOr":239,"_layer":"GlobalKites - Open Kites"}},{"type":"Feature","geometry":{"type":"Point","coordinates":[42.20615467000005,20.81972004800005]},"properties":{"ID":"OK538","Type":"C","PitTraps":6,"Contig":0,"Length":207,"Orient":159,"SlopeOr":130,"_layer":"GlobalKites - Open Kites"}},{"type":"Feature","geometry":{"type":"Point","coordinates":[42.21005408600005,20.82389126800005]},"properties":{"ID":"OK539","Type":"C","PitTraps":7,"Contig":1,"Length":210,"Orient":130,"SlopeOr":252,"_layer":"GlobalKites - Open Kites"}},{"type":"Feature","geometry":{"type":"Point","coordinates":[42.189238157000055,20.82291713900005]},"properties":{"ID":"OK540","Type":"C","PitTraps":10,"Contig":1,"Length":303,"Orient":64,"SlopeOr":103,"_layer":"GlobalKites - Open Kites"}},{"type":"Feature","geometry":{"type":"Point","coordinates":[42.18934474000005,20.82453622200005]},"properties":{"ID":"OK541","Type":"C","PitTraps":10,"Contig":1,"Length":352,"Orient":153,"SlopeOr":260,"_layer":"GlobalKites - Open Kites"}},{"type":"Feature","geometry":{"type":"Point","coordinates":[42.396959509000055,20.88739070100005]},"properties":{"ID":"OK542","Type":"C","PitTraps":5,"Contig":0,"Length":116,"Orient":155,"SlopeOr":121,"_layer":"GlobalKites - Open Kites"}},{"type":"Feature","geometry":{"type":"Point","coordinates":[42.30754992800005,20.908187264000052]},"properties":{"ID":"OK543","Type":"C","PitTraps":8,"Contig":1,"Length":490,"Orient":169,"SlopeOr":128,"_layer":"GlobalKites - Open Kites"}},{"type":"Feature","geometry":{"type":"Point","coordinates":[42.31590223500005,20.91940811500005]},"properties":{"ID":"OK544","Type":"C","PitTraps":10,"Contig":1,"Length":260,"Orient":193,"SlopeOr":164,"_layer":"GlobalKites - Open Kites"}},{"type":"Feature","geometry":{"type":"Point","coordinates":[42.36140902300005,20.91447736300005]},"properties":{"ID":"OK545","Type":"C","PitTraps":5,"Contig":1,"Length":231,"Orient":213,"SlopeOr":240,"_layer":"GlobalKites - Open Kites"}},{"type":"Feature","geometry":{"type":"Point","coordinates":[42.368708440000056,20.91061946700005]},"properties":{"ID":"OK546","Type":"C","PitTraps":4,"Contig":0,"Length":71,"Orient":231,"SlopeOr":203,"_layer":"GlobalKites - Open Kites"}},{"type":"Feature","geometry":{"type":"Point","coordinates":[42.36673585500005,20.91130197700005]},"properties":{"ID":"OK547","Type":"C","PitTraps":11,"Contig":1,"Length":259,"Orient":166,"SlopeOr":178,"_layer":"GlobalKites - Open Kites"}},{"type":"Feature","geometry":{"type":"Point","coordinates":[42.371140661000055,20.90791908800005]},"properties":{"ID":"OK548","Type":"C","PitTraps":15,"Contig":1,"Length":352,"Orient":180,"SlopeOr":171,"_layer":"GlobalKites - Open Kites"}},{"type":"Feature","geometry":{"type":"Point","coordinates":[42.34819169800005,20.89861672200005]},"properties":{"ID":"OK549","Type":"W","PitTraps":5,"Contig":0,"Length":316,"Orient":57,"SlopeOr":72,"_layer":"GlobalKites - Open Kites"}},{"type":"Feature","geometry":{"type":"Point","coordinates":[42.35017866300005,20.90150490900005]},"properties":{"ID":"OK550","Type":"W","PitTraps":3,"Contig":0,"Length":160,"Orient":183,"SlopeOr":227,"_layer":"GlobalKites - Open Kites"}},{"type":"Feature","geometry":{"type":"Point","coordinates":[42.35329852200005,20.90039520500005]},"properties":{"ID":"OK551","Type":"V","PitTraps":1,"Contig":0,"Length":70,"Orient":157,"SlopeOr":172,"_layer":"GlobalKites - Open Kites"}},{"type":"Feature","geometry":{"type":"Point","coordinates":[42.390462465000056,20.85308831200005]},"properties":{"ID":"OK552","Type":"C","PitTraps":3,"Contig":0,"Length":239,"Orient":120,"SlopeOr":145,"_layer":"GlobalKites - Open Kites"}},{"type":"Feature","geometry":{"type":"Point","coordinates":[42.402126407000054,20.89474043500005]},"properties":{"ID":"OK553","Type":"V","PitTraps":3,"Contig":1,"Length":297,"Orient":116,"SlopeOr":150,"_layer":"GlobalKites - Open Kites"}},{"type":"Feature","geometry":{"type":"Point","coordinates":[42.39635870400005,20.92163148700005]},"properties":{"ID":"OK554","Type":"C","PitTraps":9,"Contig":1,"Length":297,"Orient":114,"SlopeOr":111,"_layer":"GlobalKites - Open Kites"}},{"type":"Feature","geometry":{"type":"Point","coordinates":[42.421339053000054,20.95957934400005]},"properties":{"ID":"OK555","Type":"C","PitTraps":6,"Contig":0,"Length":259,"Orient":185,"SlopeOr":198,"_layer":"GlobalKites - Open Kites"}},{"type":"Feature","geometry":{"type":"Point","coordinates":[42.419082941000056,20.96065711200005]},"properties":{"ID":"OK556","Type":"C","PitTraps":6,"Contig":0,"Length":332,"Orient":170,"SlopeOr":196,"_layer":"GlobalKites - Open Kites"}},{"type":"Feature","geometry":{"type":"Point","coordinates":[42.410853698000054,20.95921532900005]},"properties":{"ID":"OK557","Type":"V","PitTraps":1,"Contig":0,"Length":239,"Orient":90,"SlopeOr":135,"_layer":"GlobalKites - Open Kites"}},{"type":"Feature","geometry":{"type":"Point","coordinates":[42.408402587000054,20.95945233800005]},"properties":{"ID":"OK558","Type":"C","PitTraps":14,"Contig":1,"Length":299,"Orient":162,"SlopeOr":153,"_layer":"GlobalKites - Open Kites"}},{"type":"Feature","geometry":{"type":"Point","coordinates":[42.419687100000054,20.95831528800005]},"properties":{"ID":"OK559","Type":"V","PitTraps":4,"Contig":0,"Length":213,"Orient":25,"SlopeOr":62,"_layer":"GlobalKites - Open Kites"}},{"type":"Feature","geometry":{"type":"Point","coordinates":[42.426340118000056,21.06818860800005]},"properties":{"ID":"OK560","Type":"C","PitTraps":6,"Contig":1,"Length":362,"Orient":182,"SlopeOr":63,"_layer":"GlobalKites - Open Kites"}},{"type":"Feature","geometry":{"type":"Point","coordinates":[42.45169794600005,21.06733329800005]},"properties":{"ID":"OK561","Type":"C","PitTraps":5,"Contig":1,"Length":302,"Orient":157,"SlopeOr":236,"_layer":"GlobalKites - Open Kites"}},{"type":"Feature","geometry":{"type":"Point","coordinates":[42.477950242000055,21.06515784500005]},"properties":{"ID":"OK562","Type":"C","PitTraps":6,"Contig":1,"Length":179,"Orient":125,"SlopeOr":157,"_layer":"GlobalKites - Open Kites"}},{"type":"Feature","geometry":{"type":"Point","coordinates":[42.45944116300005,21.12190358500005]},"properties":{"ID":"OK563","Type":"C","PitTraps":13,"Contig":1,"Length":302,"Orient":108,"SlopeOr":132,"_layer":"GlobalKites - Open Kites"}},{"type":"Feature","geometry":{"type":"Point","coordinates":[40.41272341500005,23.10039638600005]},"properties":{"ID":"OK564","Type":"C","PitTraps":7,"Contig":1,"Length":668,"Orient":147,"SlopeOr":214,"_layer":"GlobalKites - Open Kites"}},{"type":"Feature","geometry":{"type":"Point","coordinates":[42.55980541400005,21.31860510500005]},"properties":{"ID":"OK565","Type":"C","PitTraps":8,"Contig":1,"Length":285,"Orient":192,"SlopeOr":315,"_layer":"GlobalKites - Open Kites"}},{"type":"Feature","geometry":{"type":"Point","coordinates":[42.56343795000005,21.32162135900005]},"properties":{"ID":"OK566","Type":"C","PitTraps":3,"Contig":1,"Length":102,"Orient":247,"SlopeOr":350,"_layer":"GlobalKites - Open Kites"}},{"type":"Feature","geometry":{"type":"Point","coordinates":[42.612639003000055,21.39789923400005]},"properties":{"ID":"OK567","Type":"C","PitTraps":6,"Contig":1,"Length":204,"Orient":345,"SlopeOr":180,"_layer":"GlobalKites - Open Kites"}},{"type":"Feature","geometry":{"type":"Point","coordinates":[42.47209661200005,21.53986876800005]},"properties":{"ID":"OK568","Type":"C","PitTraps":4,"Contig":0,"Length":106,"Orient":254,"SlopeOr":344,"_layer":"GlobalKites - Open Kites"}},{"type":"Feature","geometry":{"type":"Point","coordinates":[42.48663399800005,21.56215844200005]},"properties":{"ID":"OK569","Type":"C","PitTraps":5,"Contig":1,"Length":143,"Orient":183,"SlopeOr":132,"_layer":"GlobalKites - Open Kites"}},{"type":"Feature","geometry":{"type":"Point","coordinates":[40.35499865100005,23.10862775100005]},"properties":{"ID":"OK570","Type":"C","PitTraps":7,"Contig":1,"Length":295,"Orient":105,"SlopeOr":101,"_layer":"GlobalKites - Open Kites"}},{"type":"Feature","geometry":{"type":"Point","coordinates":[39.36309695200005,25.643929246000052]},"properties":{"ID":"OK571","Type":"C","PitTraps":1,"Contig":0,"Length":912,"Orient":118,"SlopeOr":90,"_layer":"GlobalKites - Open Kites"}},{"type":"Feature","geometry":{"type":"Point","coordinates":[39.459086852000056,25.63174622000005]},"properties":{"ID":"OK572","Type":"C","PitTraps":7,"Contig":0,"Length":704,"Orient":182,"SlopeOr":191,"_layer":"GlobalKites - Open Kites"}},{"type":"Feature","geometry":{"type":"Point","coordinates":[42.16389576900005,21.78879303000005]},"properties":{"ID":"OK573","Type":"C","PitTraps":6,"Contig":0,"Length":149,"Orient":321,"SlopeOr":326,"_layer":"GlobalKites - Open Kites"}},{"type":"Feature","geometry":{"type":"Point","coordinates":[40.296772657000055,23.47342160300005]},"properties":{"ID":"OK574","Type":"C","PitTraps":3,"Contig":0,"Length":859,"Orient":135,"SlopeOr":315,"_layer":"GlobalKites - Open Kites"}},{"type":"Feature","geometry":{"type":"Point","coordinates":[40.300578644000055,23.472279194000052]},"properties":{"ID":"OK575","Type":"C","PitTraps":3,"Contig":0,"Length":936,"Orient":141,"SlopeOr":191,"_layer":"GlobalKites - Open Kites"}},{"type":"Feature","geometry":{"type":"Point","coordinates":[40.15942660300005,24.554917934000052]},"properties":{"ID":"OK576","Type":"V","PitTraps":1,"Contig":0,"Length":115,"Orient":290,"SlopeOr":225,"_layer":"GlobalKites - Open Kites"}},{"type":"Feature","geometry":{"type":"Point","coordinates":[40.15691254200005,24.56242169800005]},"properties":{"ID":"OK577","Type":"C","PitTraps":32,"Contig":0,"Length":1929,"Orient":331,"SlopeOr":135,"_layer":"GlobalKites - Open Kites"}},{"type":"Feature","geometry":{"type":"Point","coordinates":[40.11811130600005,24.49656096600005]},"properties":{"ID":"OK578","Type":"C","PitTraps":3,"Contig":0,"Length":204,"Orient":53,"SlopeOr":135,"_layer":"GlobalKites - Open Kites"}},{"type":"Feature","geometry":{"type":"Point","coordinates":[40.55757669700005,24.99706870500005]},"properties":{"ID":"OK579","Type":"C","PitTraps":29,"Contig":1,"Length":239,"Orient":171,"SlopeOr":225,"_layer":"GlobalKites - Open Kites"}},{"type":"Feature","geometry":{"type":"Point","coordinates":[41.58144376700005,22.75014248500005]},"properties":{"ID":"OK580","Type":"C","PitTraps":28,"Contig":1,"Length":274,"Orient":177,"SlopeOr":167,"_layer":"GlobalKites - Open Kites"}},{"type":"Feature","geometry":{"type":"Point","coordinates":[41.705149375000055,20.77060238100005]},"properties":{"ID":"OK581","Type":"C","PitTraps":12,"Contig":1,"Length":304,"Orient":317,"SlopeOr":248,"_layer":"GlobalKites - Open Kites"}},{"type":"Feature","geometry":{"type":"Point","coordinates":[41.56627517900005,22.719034791000052]},"properties":{"ID":"OK582","Type":"C","PitTraps":9,"Contig":1,"Length":162,"Orient":64,"SlopeOr":318,"_layer":"GlobalKites - Open Kites"}},{"type":"Feature","geometry":{"type":"Point","coordinates":[41.654657316000055,22.85192008100005]},"properties":{"ID":"OK583","Type":"C","PitTraps":16,"Contig":1,"Length":302,"Orient":355,"SlopeOr":13,"_layer":"GlobalKites - Open Kites"}},{"type":"Feature","geometry":{"type":"Point","coordinates":[41.73525810800005,23.14524122900005]},"properties":{"ID":"OK584","Type":"C","PitTraps":27,"Contig":1,"Length":278,"Orient":165,"SlopeOr":162,"_layer":"GlobalKites - Open Kites"}},{"type":"Feature","geometry":{"type":"Point","coordinates":[41.718511447000054,23.14655178600005]},"properties":{"ID":"OK585","Type":"C","PitTraps":11,"Contig":0,"Length":207,"Orient":95,"SlopeOr":103,"_layer":"GlobalKites - Open Kites"}},{"type":"Feature","geometry":{"type":"Point","coordinates":[41.71953662900005,23.14493406200005]},"properties":{"ID":"OK586","Type":"V","PitTraps":1,"Contig":0,"Length":60,"Orient":18,"SlopeOr":88,"_layer":"GlobalKites - Open Kites"}},{"type":"Feature","geometry":{"type":"Point","coordinates":[41.71537436300005,23.14316768700005]},"properties":{"ID":"OK587","Type":"C","PitTraps":29,"Contig":1,"Length":649,"Orient":155,"SlopeOr":135,"_layer":"GlobalKites - Open Kites"}},{"type":"Feature","geometry":{"type":"Point","coordinates":[41.69190114700005,23.10403496000005]},"properties":{"ID":"OK588","Type":"W","PitTraps":3,"Contig":0,"Length":165,"Orient":269,"SlopeOr":246,"_layer":"GlobalKites - Open Kites"}},{"type":"Feature","geometry":{"type":"Point","coordinates":[41.70311074400005,23.26297245200005]},"properties":{"ID":"OK589","Type":"C","PitTraps":7,"Contig":1,"Length":343,"Orient":118,"SlopeOr":315,"_layer":"GlobalKites - Open Kites"}},{"type":"Feature","geometry":{"type":"Point","coordinates":[40.60457301300005,22.92686860400005]},"properties":{"ID":"OK590","Type":"C","PitTraps":5,"Contig":1,"Length":107,"Orient":216,"SlopeOr":214,"_layer":"GlobalKites - Open Kites"}},{"type":"Feature","geometry":{"type":"Point","coordinates":[40.603043080000056,22.92509881200005]},"properties":{"ID":"OK591","Type":"C","PitTraps":17,"Contig":1,"Length":182,"Orient":4,"SlopeOr":51,"_layer":"GlobalKites - Open Kites"}},{"type":"Feature","geometry":{"type":"Point","coordinates":[40.60600917600005,22.92252151200005]},"properties":{"ID":"OK592","Type":"C","PitTraps":7,"Contig":0,"Length":491,"Orient":55,"SlopeOr":76,"_layer":"GlobalKites - Open Kites"}},{"type":"Feature","geometry":{"type":"Point","coordinates":[40.61924567100005,22.94470022300005]},"properties":{"ID":"OK593","Type":"C","PitTraps":6,"Contig":0,"Length":98,"Orient":6,"SlopeOr":25,"_layer":"GlobalKites - Open Kites"}},{"type":"Feature","geometry":{"type":"Point","coordinates":[39.986456694000054,22.63938255500005]},"properties":{"ID":"OK594","Type":"C","PitTraps":12,"Contig":1,"Length":417,"Orient":209,"SlopeOr":267,"_layer":"GlobalKites - Open Kites"}},{"type":"Feature","geometry":{"type":"Point","coordinates":[40.261147230000056,23.866272046000052]},"properties":{"ID":"OK595","Type":"C","PitTraps":14,"Contig":1,"Length":276,"Orient":163,"SlopeOr":117,"_layer":"GlobalKites - Open Kites"}},{"type":"Feature","geometry":{"type":"Point","coordinates":[40.259547516000055,23.864808329000052]},"properties":{"ID":"OK596","Type":"C","PitTraps":4,"Contig":0,"Length":130,"Orient":90,"SlopeOr":114,"_layer":"GlobalKites - Open Kites"}},{"type":"Feature","geometry":{"type":"Point","coordinates":[40.24767996800005,23.86746666200005]},"properties":{"ID":"OK597","Type":"C","PitTraps":12,"Contig":1,"Length":221,"Orient":54,"SlopeOr":14,"_layer":"GlobalKites - Open Kites"}},{"type":"Feature","geometry":{"type":"Point","coordinates":[40.24929350800005,23.86223158600005]},"properties":{"ID":"OK598","Type":"C","PitTraps":4,"Contig":0,"Length":176,"Orient":272,"SlopeOr":23,"_layer":"GlobalKites - Open Kites"}},{"type":"Feature","geometry":{"type":"Point","coordinates":[40.25075875900005,23.86976645500005]},"properties":{"ID":"OK599","Type":"C","PitTraps":8,"Contig":0,"Length":243,"Orient":111,"SlopeOr":99,"_layer":"GlobalKites - Open Kites"}},{"type":"Feature","geometry":{"type":"Point","coordinates":[40.25041068800005,23.86855272900005]},"properties":{"ID":"OK600","Type":"C","PitTraps":4,"Contig":0,"Length":121,"Orient":151,"SlopeOr":113,"_layer":"GlobalKites - Open Kites"}},{"type":"Feature","geometry":{"type":"Point","coordinates":[40.252523104000055,23.87230005700005]},"properties":{"ID":"OK601","Type":"C","PitTraps":4,"Contig":0,"Length":350,"Orient":122,"SlopeOr":94,"_layer":"GlobalKites - Open Kites"}},{"type":"Feature","geometry":{"type":"Point","coordinates":[40.269301889000054,23.84935241200005]},"properties":{"ID":"OK602","Type":"C","PitTraps":12,"Contig":1,"Length":679,"Orient":110,"SlopeOr":297,"_layer":"GlobalKites - Open Kites"}},{"type":"Feature","geometry":{"type":"Point","coordinates":[40.26782870700005,23.84941272900005]},"properties":{"ID":"OK603","Type":"V","PitTraps":6,"Contig":1,"Length":278,"Orient":184,"SlopeOr":157,"_layer":"GlobalKites - Open Kites"}},{"type":"Feature","geometry":{"type":"Point","coordinates":[40.266223542000056,23.86167691100005]},"properties":{"ID":"OK604","Type":"C","PitTraps":9,"Contig":0,"Length":689,"Orient":319,"SlopeOr":320,"_layer":"GlobalKites - Open Kites"}},{"type":"Feature","geometry":{"type":"Point","coordinates":[40.27132215800005,23.86007137800005]},"properties":{"ID":"OK605","Type":"V","PitTraps":2,"Contig":0,"Length":193,"Orient":276,"SlopeOr":333,"_layer":"GlobalKites - Open Kites"}},{"type":"Feature","geometry":{"type":"Point","coordinates":[40.27324350700005,23.859870317000052]},"properties":{"ID":"OK606","Type":"W","PitTraps":3,"Contig":0,"Length":164,"Orient":204,"SlopeOr":186,"_layer":"GlobalKites - Open Kites"}},{"type":"Feature","geometry":{"type":"Point","coordinates":[40.272829744000056,23.85749527700005]},"properties":{"ID":"OK607","Type":"V","PitTraps":1,"Contig":0,"Length":130,"Orient":343,"SlopeOr":45,"_layer":"GlobalKites - Open Kites"}},{"type":"Feature","geometry":{"type":"Point","coordinates":[40.27290781100005,23.85640322200005]},"properties":{"ID":"OK608","Type":"C","PitTraps":2,"Contig":0,"Length":265,"Orient":339,"SlopeOr":58,"_layer":"GlobalKites - Open Kites"}},{"type":"Feature","geometry":{"type":"Point","coordinates":[40.27111162300005,23.85439686600005]},"properties":{"ID":"OK609","Type":"V","PitTraps":1,"Contig":0,"Length":147,"Orient":54,"SlopeOr":153,"_layer":"GlobalKites - Open Kites"}},{"type":"Feature","geometry":{"type":"Point","coordinates":[40.26972395300005,23.86261948200005]},"properties":{"ID":"OK610","Type":"C","PitTraps":7,"Contig":0,"Length":435,"Orient":58,"SlopeOr":16,"_layer":"GlobalKites - Open Kites"}},{"type":"Feature","geometry":{"type":"Point","coordinates":[40.266315512000055,23.86437158300005]},"properties":{"ID":"OK611","Type":"V","PitTraps":1,"Contig":0,"Length":117,"Orient":221,"SlopeOr":302,"_layer":"GlobalKites - Open Kites"}},{"type":"Feature","geometry":{"type":"Point","coordinates":[40.34373703300005,23.77147270000005]},"properties":{"ID":"OK612","Type":"C","PitTraps":6,"Contig":1,"Length":543,"Orient":297,"SlopeOr":15,"_layer":"GlobalKites - Open Kites"}},{"type":"Feature","geometry":{"type":"Point","coordinates":[40.31162248700005,23.772170341000052]},"properties":{"ID":"OK613","Type":"C","PitTraps":2,"Contig":0,"Length":316,"Orient":37,"SlopeOr":31,"_layer":"GlobalKites - Open Kites"}},{"type":"Feature","geometry":{"type":"Point","coordinates":[40.32015157800005,23.76690302600005]},"properties":{"ID":"OK614","Type":"C","PitTraps":3,"Contig":0,"Length":185,"Orient":330,"SlopeOr":340,"_layer":"GlobalKites - Open Kites"}},{"type":"Feature","geometry":{"type":"Point","coordinates":[40.318269064000056,23.76572239800005]},"properties":{"ID":"OK615","Type":"C","PitTraps":9,"Contig":0,"Length":375,"Orient":1,"SlopeOr":8,"_layer":"GlobalKites - Open Kites"}},{"type":"Feature","geometry":{"type":"Point","coordinates":[40.353706724000055,23.76832806200005]},"properties":{"ID":"OK616","Type":"V","PitTraps":1,"Contig":0,"Length":210,"Orient":322,"SlopeOr":40,"_layer":"GlobalKites - Open Kites"}},{"type":"Feature","geometry":{"type":"Point","coordinates":[39.39713355000005,25.58525484700005]},"properties":{"ID":"OK617","Type":"C","PitTraps":7,"Contig":0,"Length":441,"Orient":239,"SlopeOr":252,"_layer":"GlobalKites - Open Kites"}},{"type":"Feature","geometry":{"type":"Point","coordinates":[40.34578188900005,23.75767536400005]},"properties":{"ID":"OK618","Type":"C","PitTraps":15,"Contig":1,"Length":393,"Orient":340,"SlopeOr":13,"_layer":"GlobalKites - Open Kites"}},{"type":"Feature","geometry":{"type":"Point","coordinates":[40.34767648100005,23.75868783700005]},"properties":{"ID":"OK619","Type":"W","PitTraps":5,"Contig":0,"Length":241,"Orient":340,"SlopeOr":302,"_layer":"GlobalKites - Open Kites"}},{"type":"Feature","geometry":{"type":"Point","coordinates":[40.34610421200005,23.75998559800005]},"properties":{"ID":"OK620","Type":"C","PitTraps":5,"Contig":0,"Length":161,"Orient":97,"SlopeOr":76,"_layer":"GlobalKites - Open Kites"}},{"type":"Feature","geometry":{"type":"Point","coordinates":[40.34726113500005,23.760852199000052]},"properties":{"ID":"OK621","Type":"C","PitTraps":2,"Contig":0,"Length":187,"Orient":176,"SlopeOr":153,"_layer":"GlobalKites - Open Kites"}},{"type":"Feature","geometry":{"type":"Point","coordinates":[40.34577249400005,23.75615966400005]},"properties":{"ID":"OK622","Type":"C","PitTraps":10,"Contig":0,"Length":380,"Orient":65,"SlopeOr":354,"_layer":"GlobalKites - Open Kites"}},{"type":"Feature","geometry":{"type":"Point","coordinates":[40.359322684000055,23.70141440500005]},"properties":{"ID":"OK623","Type":"C","PitTraps":9,"Contig":1,"Length":230,"Orient":126,"SlopeOr":90,"_layer":"GlobalKites - Open Kites"}},{"type":"Feature","geometry":{"type":"Point","coordinates":[40.36073765700005,23.70405633000005]},"properties":{"ID":"OK624","Type":"C","PitTraps":11,"Contig":0,"Length":418,"Orient":100,"SlopeOr":85,"_layer":"GlobalKites - Open Kites"}},{"type":"Feature","geometry":{"type":"Point","coordinates":[40.336843556000055,23.678132527000052]},"properties":{"ID":"OK625","Type":"C","PitTraps":3,"Contig":0,"Length":141,"Orient":83,"SlopeOr":315,"_layer":"GlobalKites - Open Kites"}},{"type":"Feature","geometry":{"type":"Point","coordinates":[40.331768794000055,23.68064400900005]},"properties":{"ID":"OK626","Type":"C","PitTraps":3,"Contig":0,"Length":182,"Orient":142,"SlopeOr":74,"_layer":"GlobalKites - Open Kites"}},{"type":"Feature","geometry":{"type":"Point","coordinates":[40.34393423000005,23.68522017200005]},"properties":{"ID":"OK627","Type":"C","PitTraps":2,"Contig":0,"Length":363,"Orient":260,"SlopeOr":56,"_layer":"GlobalKites - Open Kites"}},{"type":"Feature","geometry":{"type":"Point","coordinates":[40.341165112000056,23.67987069400005]},"properties":{"ID":"OK628","Type":"C","PitTraps":6,"Contig":0,"Length":182,"Orient":20,"SlopeOr":3,"_layer":"GlobalKites - Open Kites"}},{"type":"Feature","geometry":{"type":"Point","coordinates":[40.25169139300005,23.629850789000052]},"properties":{"ID":"OK629","Type":"W","PitTraps":2,"Contig":0,"Length":194,"Orient":338,"SlopeOr":333,"_layer":"GlobalKites - Open Kites"}},{"type":"Feature","geometry":{"type":"Point","coordinates":[40.25267970400005,23.62993104600005]},"properties":{"ID":"OK630","Type":"V","PitTraps":1,"Contig":0,"Length":87,"Orient":4,"SlopeOr":59,"_layer":"GlobalKites - Open Kites"}},{"type":"Feature","geometry":{"type":"Point","coordinates":[40.248563295000054,23.63008717900005]},"properties":{"ID":"OK631","Type":"C","PitTraps":6,"Contig":0,"Length":138,"Orient":81,"SlopeOr":144,"_layer":"GlobalKites - Open Kites"}},{"type":"Feature","geometry":{"type":"Point","coordinates":[40.25680715600005,23.62695228600005]},"properties":{"ID":"OK632","Type":"W","PitTraps":2,"Contig":0,"Length":160,"Orient":4,"SlopeOr":234,"_layer":"GlobalKites - Open Kites"}},{"type":"Feature","geometry":{"type":"Point","coordinates":[40.27014339800005,23.84643206600005]},"properties":{"ID":"OK633","Type":"C","PitTraps":6,"Contig":0,"Length":212,"Orient":23,"SlopeOr":141,"_layer":"GlobalKites - Open Kites"}},{"type":"Feature","geometry":{"type":"Point","coordinates":[40.26121809400005,23.76322936600005]},"properties":{"ID":"OK634","Type":"C","PitTraps":7,"Contig":1,"Length":91,"Orient":171,"SlopeOr":177,"_layer":"GlobalKites - Open Kites"}},{"type":"Feature","geometry":{"type":"Point","coordinates":[40.35025051400005,23.76416915900005]},"properties":{"ID":"OK635","Type":"C","PitTraps":13,"Contig":1,"Length":566,"Orient":254,"SlopeOr":45,"_layer":"GlobalKites - Open Kites"}},{"type":"Feature","geometry":{"type":"Point","coordinates":[40.34797455700005,23.78971092700005]},"properties":{"ID":"OK636","Type":"V","PitTraps":1,"Contig":0,"Length":180,"Orient":268,"SlopeOr":0,"_layer":"GlobalKites - Open Kites"}},{"type":"Feature","geometry":{"type":"Point","coordinates":[41.660488707000056,23.07386325500005]},"properties":{"ID":"OK637","Type":"C","PitTraps":3,"Contig":0,"Length":248,"Orient":159,"SlopeOr":211,"_layer":"GlobalKites - Open Kites"}},{"type":"Feature","geometry":{"type":"Point","coordinates":[39.69865119000005,23.927017205000052]},"properties":{"ID":"OK638","Type":"C","PitTraps":10,"Contig":0,"Length":198,"Orient":233,"SlopeOr":180,"_layer":"GlobalKites - Open Kites"}},{"type":"Feature","geometry":{"type":"Point","coordinates":[39.69570229600005,23.93020705400005]},"properties":{"ID":"OK639","Type":"C","PitTraps":4,"Contig":1,"Length":124,"Orient":244,"SlopeOr":248,"_layer":"GlobalKites - Open Kites"}},{"type":"Feature","geometry":{"type":"Point","coordinates":[39.69740093600005,23.92852955800005]},"properties":{"ID":"OK640","Type":"C","PitTraps":4,"Contig":0,"Length":163,"Orient":239,"SlopeOr":248,"_layer":"GlobalKites - Open Kites"}},{"type":"Feature","geometry":{"type":"Point","coordinates":[39.70106352900005,23.92452525800005]},"properties":{"ID":"OK641","Type":"C","PitTraps":4,"Contig":1,"Length":92,"Orient":243,"SlopeOr":-1,"_layer":"GlobalKites - Open Kites"}},{"type":"Feature","geometry":{"type":"Point","coordinates":[39.84185239200005,23.42007792300005]},"properties":{"ID":"OK642","Type":"C","PitTraps":2,"Contig":0,"Length":282,"Orient":281,"SlopeOr":278,"_layer":"GlobalKites - Open Kites"}},{"type":"Feature","geometry":{"type":"Point","coordinates":[39.84412300900005,23.41870578300005]},"properties":{"ID":"OK643","Type":"C","PitTraps":5,"Contig":0,"Length":271,"Orient":244,"SlopeOr":193,"_layer":"GlobalKites - Open Kites"}},{"type":"Feature","geometry":{"type":"Point","coordinates":[39.842960725000054,23.422562893000052]},"properties":{"ID":"OK644","Type":"W","PitTraps":2,"Contig":0,"Length":190,"Orient":282,"SlopeOr":289,"_layer":"GlobalKites - Open Kites"}},{"type":"Feature","geometry":{"type":"Point","coordinates":[39.84943109500005,23.39874214900005]},"properties":{"ID":"OK645","Type":"C","PitTraps":10,"Contig":1,"Length":803,"Orient":356,"SlopeOr":90,"_layer":"GlobalKites - Open Kites"}},{"type":"Feature","geometry":{"type":"Point","coordinates":[39.84596771300005,23.39824640600005]},"properties":{"ID":"OK646","Type":"C","PitTraps":2,"Contig":0,"Length":278,"Orient":277,"SlopeOr":135,"_layer":"GlobalKites - Open Kites"}},{"type":"Feature","geometry":{"type":"Point","coordinates":[41.58114801100005,23.39255895200005]},"properties":{"ID":"OK647","Type":"C","PitTraps":15,"Contig":1,"Length":587,"Orient":111,"SlopeOr":18,"_layer":"GlobalKites - Open Kites"}},{"type":"Feature","geometry":{"type":"Point","coordinates":[41.58491597700005,23.39239049100005]},"properties":{"ID":"OK648","Type":"V","PitTraps":1,"Contig":0,"Length":208,"Orient":31,"SlopeOr":162,"_layer":"GlobalKites - Open Kites"}},{"type":"Feature","geometry":{"type":"Point","coordinates":[41.136289100000056,23.11776299200005]},"properties":{"ID":"OK649","Type":"C","PitTraps":6,"Contig":1,"Length":369,"Orient":127,"SlopeOr":239,"_layer":"GlobalKites - Open Kites"}},{"type":"Feature","geometry":{"type":"Point","coordinates":[41.094465891000056,23.11559292300005]},"properties":{"ID":"OK650","Type":"V","PitTraps":2,"Contig":0,"Length":179,"Orient":175,"SlopeOr":225,"_layer":"GlobalKites - Open Kites"}},{"type":"Feature","geometry":{"type":"Point","coordinates":[41.132100951000055,23.11980809200005]},"properties":{"ID":"OK651","Type":"C","PitTraps":10,"Contig":1,"Length":140,"Orient":149,"SlopeOr":149,"_layer":"GlobalKites - Open Kites"}},{"type":"Feature","geometry":{"type":"Point","coordinates":[42.43135701100005,21.82200927000005]},"properties":{"ID":"OK652","Type":"C","PitTraps":5,"Contig":0,"Length":140,"Orient":261,"SlopeOr":329,"_layer":"GlobalKites - Open Kites"}},{"type":"Feature","geometry":{"type":"Point","coordinates":[42.42104239100005,21.816173252000052]},"properties":{"ID":"OK653","Type":"C","PitTraps":5,"Contig":0,"Length":243,"Orient":355,"SlopeOr":334,"_layer":"GlobalKites - Open Kites"}},{"type":"Feature","geometry":{"type":"Point","coordinates":[42.42842172600005,21.79079262600005]},"properties":{"ID":"OK654","Type":"C","PitTraps":9,"Contig":0,"Length":741,"Orient":268,"SlopeOr":333,"_layer":"GlobalKites - Open Kites"}},{"type":"Feature","geometry":{"type":"Point","coordinates":[42.43280479700005,21.77140910500005]},"properties":{"ID":"OK655","Type":"V","PitTraps":2,"Contig":0,"Length":167,"Orient":9,"SlopeOr":60,"_layer":"GlobalKites - Open Kites"}},{"type":"Feature","geometry":{"type":"Point","coordinates":[42.43829116900005,21.770651617000052]},"properties":{"ID":"OK656","Type":"C","PitTraps":5,"Contig":0,"Length":402,"Orient":349,"SlopeOr":252,"_layer":"GlobalKites - Open Kites"}},{"type":"Feature","geometry":{"type":"Point","coordinates":[42.440937596000055,21.773463634000052]},"properties":{"ID":"OK657","Type":"C","PitTraps":8,"Contig":0,"Length":389,"Orient":343,"SlopeOr":63,"_layer":"GlobalKites - Open Kites"}},{"type":"Feature","geometry":{"type":"Point","coordinates":[42.54154309700005,21.37774902400005]},"properties":{"ID":"OK658","Type":"C","PitTraps":5,"Contig":0,"Length":454,"Orient":214,"SlopeOr":160,"_layer":"GlobalKites - Open Kites"}},{"type":"Feature","geometry":{"type":"Point","coordinates":[42.525364077000056,21.38064202200005]},"properties":{"ID":"OK659","Type":"C","PitTraps":8,"Contig":1,"Length":313,"Orient":182,"SlopeOr":270,"_layer":"GlobalKites - Open Kites"}},{"type":"Feature","geometry":{"type":"Point","coordinates":[42.56703572500005,21.31362608300005]},"properties":{"ID":"OK660","Type":"C","PitTraps":9,"Contig":1,"Length":248,"Orient":254,"SlopeOr":234,"_layer":"GlobalKites - Open Kites"}},{"type":"Feature","geometry":{"type":"Point","coordinates":[42.528719036000055,21.12351520900005]},"properties":{"ID":"OK661","Type":"C","PitTraps":6,"Contig":0,"Length":206,"Orient":231,"SlopeOr":72,"_layer":"GlobalKites - Open Kites"}},{"type":"Feature","geometry":{"type":"Point","coordinates":[42.40977692300005,21.07121105400005]},"properties":{"ID":"OK662","Type":"C","PitTraps":10,"Contig":1,"Length":532,"Orient":133,"SlopeOr":243,"_layer":"GlobalKites - Open Kites"}},{"type":"Feature","geometry":{"type":"Point","coordinates":[42.447514035000054,21.05789887700005]},"properties":{"ID":"OK663","Type":"C","PitTraps":14,"Contig":1,"Length":230,"Orient":205,"SlopeOr":294,"_layer":"GlobalKites - Open Kites"}},{"type":"Feature","geometry":{"type":"Point","coordinates":[42.476699317000055,21.01775160900005]},"properties":{"ID":"OK664","Type":"C","PitTraps":9,"Contig":1,"Length":289,"Orient":349,"SlopeOr":294,"_layer":"GlobalKites - Open Kites"}},{"type":"Feature","geometry":{"type":"Point","coordinates":[42.441684079000055,20.99200696800005]},"properties":{"ID":"OK665","Type":"C","PitTraps":9,"Contig":1,"Length":245,"Orient":313,"SlopeOr":239,"_layer":"GlobalKites - Open Kites"}},{"type":"Feature","geometry":{"type":"Point","coordinates":[42.32560693900005,20.91579985700005]},"properties":{"ID":"OK666","Type":"C","PitTraps":6,"Contig":1,"Length":235,"Orient":62,"SlopeOr":67,"_layer":"GlobalKites - Open Kites"}},{"type":"Feature","geometry":{"type":"Point","coordinates":[42.318695500000054,20.845052252000052]},"properties":{"ID":"OK667","Type":"C","PitTraps":5,"Contig":0,"Length":129,"Orient":25,"SlopeOr":41,"_layer":"GlobalKites - Open Kites"}},{"type":"Feature","geometry":{"type":"Point","coordinates":[42.25707220600005,20.80377790700005]},"properties":{"ID":"OK668","Type":"C","PitTraps":10,"Contig":1,"Length":328,"Orient":355,"SlopeOr":36,"_layer":"GlobalKites - Open Kites"}},{"type":"Feature","geometry":{"type":"Point","coordinates":[42.15998275500005,20.75550465100005]},"properties":{"ID":"OK669","Type":"V","PitTraps":9,"Contig":1,"Length":317,"Orient":177,"SlopeOr":315,"_layer":"GlobalKites - Open Kites"}},{"type":"Feature","geometry":{"type":"Point","coordinates":[42.160308523000054,20.74161748900005]},"properties":{"ID":"OK670","Type":"C","PitTraps":17,"Contig":1,"Length":184,"Orient":97,"SlopeOr":18,"_layer":"GlobalKites - Open Kites"}},{"type":"Feature","geometry":{"type":"Point","coordinates":[42.01154192900005,20.62446022600005]},"properties":{"ID":"OK671","Type":"C","PitTraps":13,"Contig":1,"Length":460,"Orient":178,"SlopeOr":172,"_layer":"GlobalKites - Open Kites"}},{"type":"Feature","geometry":{"type":"Point","coordinates":[42.012835333000055,20.62975929600005]},"properties":{"ID":"OK672","Type":"C","PitTraps":10,"Contig":1,"Length":450,"Orient":153,"SlopeOr":147,"_layer":"GlobalKites - Open Kites"}},{"type":"Feature","geometry":{"type":"Point","coordinates":[42.01633921100005,20.63200107300005]},"properties":{"ID":"OK673","Type":"C","PitTraps":12,"Contig":0,"Length":492,"Orient":91,"SlopeOr":82,"_layer":"GlobalKites - Open Kites"}},{"type":"Feature","geometry":{"type":"Point","coordinates":[41.85269504600005,21.17051519600005]},"properties":{"ID":"OK674","Type":"V","PitTraps":1,"Contig":0,"Length":110,"Orient":60,"SlopeOr":54,"_layer":"GlobalKites - Open Kites"}},{"type":"Feature","geometry":{"type":"Point","coordinates":[41.85412174700005,21.17095243200005]},"properties":{"ID":"OK675","Type":"V","PitTraps":1,"Contig":0,"Length":96,"Orient":280,"SlopeOr":290,"_layer":"GlobalKites - Open Kites"}},{"type":"Feature","geometry":{"type":"Point","coordinates":[41.833777246000054,21.27420567200005]},"properties":{"ID":"OK676","Type":"V","PitTraps":2,"Contig":0,"Length":330,"Orient":140,"SlopeOr":270,"_layer":"GlobalKites - Open Kites"}},{"type":"Feature","geometry":{"type":"Point","coordinates":[41.86731875500005,21.38676125100005]},"properties":{"ID":"OK677","Type":"C","PitTraps":17,"Contig":1,"Length":478,"Orient":180,"SlopeOr":203,"_layer":"GlobalKites - Open Kites"}},{"type":"Feature","geometry":{"type":"Point","coordinates":[41.86554014800005,21.38767890900005]},"properties":{"ID":"OK678","Type":"C","PitTraps":8,"Contig":1,"Length":271,"Orient":160,"SlopeOr":103,"_layer":"GlobalKites - Open Kites"}},{"type":"Feature","geometry":{"type":"Point","coordinates":[41.863911689000055,21.388481042000052]},"properties":{"ID":"OK679","Type":"V","PitTraps":3,"Contig":1,"Length":227,"Orient":176,"SlopeOr":230,"_layer":"GlobalKites - Open Kites"}},{"type":"Feature","geometry":{"type":"Point","coordinates":[41.878517378000055,21.37354259600005]},"properties":{"ID":"OK680","Type":"W","PitTraps":3,"Contig":0,"Length":256,"Orient":10,"SlopeOr":315,"_layer":"GlobalKites - Open Kites"}},{"type":"Feature","geometry":{"type":"Point","coordinates":[41.868955330000055,21.38887089900005]},"properties":{"ID":"OK681","Type":"V","PitTraps":2,"Contig":0,"Length":100,"Orient":135,"SlopeOr":349,"_layer":"GlobalKites - Open Kites"}},{"type":"Feature","geometry":{"type":"Point","coordinates":[41.903187016000054,21.43699560600005]},"properties":{"ID":"OK682","Type":"V","PitTraps":1,"Contig":0,"Length":64,"Orient":164,"SlopeOr":342,"_layer":"GlobalKites - Open Kites"}},{"type":"Feature","geometry":{"type":"Point","coordinates":[41.91130192200005,21.45245759100005]},"properties":{"ID":"OK683","Type":"V","PitTraps":5,"Contig":1,"Length":220,"Orient":314,"SlopeOr":171,"_layer":"GlobalKites - Open Kites"}},{"type":"Feature","geometry":{"type":"Point","coordinates":[41.91855474300005,21.46640134700005]},"properties":{"ID":"OK684","Type":"V","PitTraps":7,"Contig":1,"Length":267,"Orient":293,"SlopeOr":108,"_layer":"GlobalKites - Open Kites"}},{"type":"Feature","geometry":{"type":"Point","coordinates":[41.922325025000056,21.47125826000005]},"properties":{"ID":"OK685","Type":"W","PitTraps":3,"Contig":0,"Length":145,"Orient":256,"SlopeOr":27,"_layer":"GlobalKites - Open Kites"}},{"type":"Feature","geometry":{"type":"Point","coordinates":[41.922918497000055,21.47304656800005]},"properties":{"ID":"OK686","Type":"C","PitTraps":8,"Contig":1,"Length":192,"Orient":189,"SlopeOr":264,"_layer":"GlobalKites - Open Kites"}},{"type":"Feature","geometry":{"type":"Point","coordinates":[41.92273608200005,21.47534506200005]},"properties":{"ID":"OK687","Type":"V","PitTraps":4,"Contig":1,"Length":155,"Orient":247,"SlopeOr":208,"_layer":"GlobalKites - Open Kites"}},{"type":"Feature","geometry":{"type":"Point","coordinates":[41.922393498000055,21.468328545000052]},"properties":{"ID":"OK688","Type":"C","PitTraps":5,"Contig":1,"Length":268,"Orient":296,"SlopeOr":285,"_layer":"GlobalKites - Open Kites"}},{"type":"Feature","geometry":{"type":"Point","coordinates":[39.398450700000055,25.58119064700005]},"properties":{"ID":"OK689","Type":"C","PitTraps":5,"Contig":0,"Length":449,"Orient":108,"SlopeOr":113,"_layer":"GlobalKites - Open Kites"}},{"type":"Feature","geometry":{"type":"Point","coordinates":[41.90393813200005,21.45831682000005]},"properties":{"ID":"OK690","Type":"V","PitTraps":3,"Contig":1,"Length":172,"Orient":160,"SlopeOr":113,"_layer":"GlobalKites - Open Kites"}},{"type":"Feature","geometry":{"type":"Point","coordinates":[42.15901321700005,21.78009179200005]},"properties":{"ID":"OK691","Type":"W","PitTraps":2,"Contig":0,"Length":302,"Orient":256,"SlopeOr":217,"_layer":"GlobalKites - Open Kites"}},{"type":"Feature","geometry":{"type":"Point","coordinates":[40.19690034600005,24.06696474700005]},"properties":{"ID":"OK692","Type":"V","PitTraps":4,"Contig":0,"Length":348,"Orient":140,"SlopeOr":342,"_layer":"GlobalKites - Open Kites"}},{"type":"Feature","geometry":{"type":"Point","coordinates":[39.40895009100005,25.58566199000005]},"properties":{"ID":"OK693","Type":"W","PitTraps":2,"Contig":0,"Length":129,"Orient":250,"SlopeOr":262,"_layer":"GlobalKites - Open Kites"}},{"type":"Feature","geometry":{"type":"Point","coordinates":[40.20829977200005,24.062438071000052]},"properties":{"ID":"OK694","Type":"W","PitTraps":3,"Contig":0,"Length":284,"Orient":194,"SlopeOr":101,"_layer":"GlobalKites - Open Kites"}},{"type":"Feature","geometry":{"type":"Point","coordinates":[40.19835719400005,24.06210157900005]},"properties":{"ID":"OK695","Type":"C","PitTraps":7,"Contig":1,"Length":309,"Orient":98,"SlopeOr":72,"_layer":"GlobalKites - Open Kites"}},{"type":"Feature","geometry":{"type":"Point","coordinates":[40.194801336000054,24.06312854800005]},"properties":{"ID":"OK696","Type":"C","PitTraps":7,"Contig":0,"Length":505,"Orient":124,"SlopeOr":135,"_layer":"GlobalKites - Open Kites"}},{"type":"Feature","geometry":{"type":"Point","coordinates":[40.19023227100005,24.059435152000052]},"properties":{"ID":"OK697","Type":"C","PitTraps":7,"Contig":1,"Length":316,"Orient":123,"SlopeOr":104,"_layer":"GlobalKites - Open Kites"}},{"type":"Feature","geometry":{"type":"Point","coordinates":[40.19825081700005,24.06471473600005]},"properties":{"ID":"OK698","Type":"C","PitTraps":5,"Contig":0,"Length":301,"Orient":270,"SlopeOr":288,"_layer":"GlobalKites - Open Kites"}},{"type":"Feature","geometry":{"type":"Point","coordinates":[41.866504848000055,21.38445519700005]},"properties":{"ID":"OK699","Type":"C","PitTraps":7,"Contig":0,"Length":415,"Orient":24,"SlopeOr":0,"_layer":"GlobalKites - Open Kites"}},{"type":"Feature","geometry":{"type":"Point","coordinates":[41.976653623000054,21.45035940400005]},"properties":{"ID":"OK700","Type":"V","PitTraps":1,"Contig":0,"Length":157,"Orient":2,"SlopeOr":356,"_layer":"GlobalKites - Open Kites"}},{"type":"Feature","geometry":{"type":"Point","coordinates":[42.01249567400005,21.57632927300005]},"properties":{"ID":"OK701","Type":"C","PitTraps":30,"Contig":1,"Length":332,"Orient":270,"SlopeOr":124,"_layer":"GlobalKites - Open Kites"}},{"type":"Feature","geometry":{"type":"Point","coordinates":[42.40935764000005,21.78562875000005]},"properties":{"ID":"OK702","Type":"C","PitTraps":5,"Contig":0,"Length":390,"Orient":88,"SlopeOr":95,"_layer":"GlobalKites - Open Kites"}},{"type":"Feature","geometry":{"type":"Point","coordinates":[42.399561905000056,21.79245232700005]},"properties":{"ID":"OK703","Type":"V","PitTraps":2,"Contig":0,"Length":156,"Orient":67,"SlopeOr":162,"_layer":"GlobalKites - Open Kites"}},{"type":"Feature","geometry":{"type":"Point","coordinates":[38.85574611900005,25.76554823300005]},"properties":{"ID":"OK704","Type":"W","PitTraps":5,"Contig":1,"Length":116,"Orient":149,"SlopeOr":182,"_layer":"GlobalKites - Open Kites"}},{"type":"Feature","geometry":{"type":"Point","coordinates":[40.56116376600005,25.022957565000052]},"properties":{"ID":"OK705","Type":"C","PitTraps":2,"Contig":0,"Length":128,"Orient":224,"SlopeOr":315,"_layer":"GlobalKites - Open Kites"}},{"type":"Feature","geometry":{"type":"Point","coordinates":[40.40192784500005,25.30450288400005]},"properties":{"ID":"OK706","Type":"W","PitTraps":3,"Contig":0,"Length":142,"Orient":45,"SlopeOr":29,"_layer":"GlobalKites - Open Kites"}},{"type":"Feature","geometry":{"type":"Point","coordinates":[42.420736135000055,21.06443233000005]},"properties":{"ID":"OK707","Type":"C","PitTraps":3,"Contig":0,"Length":135,"Orient":153,"SlopeOr":135,"_layer":"GlobalKites - Open Kites"}},{"type":"Feature","geometry":{"type":"Point","coordinates":[42.496032930000055,20.85445326900005]},"properties":{"ID":"OK708","Type":"C","PitTraps":10,"Contig":1,"Length":358,"Orient":259,"SlopeOr":8,"_layer":"GlobalKites - Open Kites"}},{"type":"Feature","geometry":{"type":"Point","coordinates":[42.292227823000054,20.74082692100005]},"properties":{"ID":"OK709","Type":"C","PitTraps":9,"Contig":1,"Length":491,"Orient":11,"SlopeOr":45,"_layer":"GlobalKites - Open Kites"}},{"type":"Feature","geometry":{"type":"Point","coordinates":[42.407194874000055,21.06229591100005]},"properties":{"ID":"OK710","Type":"C","PitTraps":15,"Contig":1,"Length":263,"Orient":171,"SlopeOr":128,"_layer":"GlobalKites - Open Kites"}},{"type":"Feature","geometry":{"type":"Point","coordinates":[42.49717540700005,21.08714367100005]},"properties":{"ID":"OK711","Type":"C","PitTraps":11,"Contig":1,"Length":114,"Orient":200,"SlopeOr":166,"_layer":"GlobalKites - Open Kites"}},{"type":"Feature","geometry":{"type":"Point","coordinates":[40.342734099000054,23.77077277900005]},"properties":{"ID":"OK712","Type":"C","PitTraps":5,"Contig":0,"Length":244,"Orient":67,"SlopeOr":34,"_layer":"GlobalKites - Open Kites"}},{"type":"Feature","geometry":{"type":"Point","coordinates":[40.347946439000054,23.75988135000005]},"properties":{"ID":"OK713","Type":"C","PitTraps":7,"Contig":1,"Length":334,"Orient":355,"SlopeOr":7,"_layer":"GlobalKites - Open Kites"}},{"type":"Feature","geometry":{"type":"Point","coordinates":[40.359787393000055,23.70106732500005]},"properties":{"ID":"OK714","Type":"C","PitTraps":6,"Contig":0,"Length":156,"Orient":295,"SlopeOr":290,"_layer":"GlobalKites - Open Kites"}},{"type":"Feature","geometry":{"type":"Point","coordinates":[40.35201123700005,23.76400490100005]},"properties":{"ID":"OK715","Type":"C","PitTraps":2,"Contig":0,"Length":194,"Orient":30,"SlopeOr":342,"_layer":"GlobalKites - Open Kites"}},{"type":"Feature","geometry":{"type":"Point","coordinates":[39.69986772000005,23.925895061000052]},"properties":{"ID":"OK716","Type":"C","PitTraps":3,"Contig":1,"Length":159,"Orient":216,"SlopeOr":66,"_layer":"GlobalKites - Open Kites"}},{"type":"Feature","geometry":{"type":"Point","coordinates":[42.449286361000055,21.05633777800005]},"properties":{"ID":"OK717","Type":"C","PitTraps":5,"Contig":0,"Length":242,"Orient":222,"SlopeOr":155,"_layer":"GlobalKites - Open Kites"}},{"type":"Feature","geometry":{"type":"Point","coordinates":[41.95933094200005,21.28943763500005]},"properties":{"ID":"OK718","Type":"C","PitTraps":2,"Contig":0,"Length":177,"Orient":306,"SlopeOr":90,"_layer":"GlobalKites - Open Kites"}},{"type":"Feature","geometry":{"type":"Point","coordinates":[41.82851397700005,20.99747280100005]},"properties":{"ID":"OK719","Type":"V","PitTraps":1,"Contig":0,"Length":133,"Orient":220,"SlopeOr":225,"_layer":"GlobalKites - Open Kites"}},{"type":"Feature","geometry":{"type":"Point","coordinates":[41.977508363000055,21.58635432100005]},"properties":{"ID":"OK720","Type":"C","PitTraps":5,"Contig":0,"Length":195,"Orient":196,"SlopeOr":45,"_layer":"GlobalKites - Open Kites"}},{"type":"Feature","geometry":{"type":"Point","coordinates":[41.90686452900005,20.56419738600005]},"properties":{"ID":"OK721","Type":"W","PitTraps":2,"Contig":0,"Length":266,"Orient":171,"SlopeOr":281,"_layer":"GlobalKites - Open Kites"}},{"type":"Feature","geometry":{"type":"Point","coordinates":[40.139938748000056,23.78361503400005]},"properties":{"ID":"OK722","Type":"V","PitTraps":1,"Contig":0,"Length":94,"Orient":241,"SlopeOr":45,"_layer":"GlobalKites - Open Kites"}},{"type":"Feature","geometry":{"type":"Point","coordinates":[39.48996274000005,25.48163660100005]},"properties":{"ID":"OK723","Type":"V","PitTraps":1,"Contig":0,"Length":160,"Orient":345,"SlopeOr":24,"_layer":"GlobalKites - Open Kites"}},{"type":"Feature","geometry":{"type":"Point","coordinates":[39.51370416200005,25.24158546100005]},"properties":{"ID":"OK724","Type":"C","PitTraps":8,"Contig":1,"Length":385,"Orient":249,"SlopeOr":15,"_layer":"GlobalKites - Open Kites"}},{"type":"Feature","geometry":{"type":"Point","coordinates":[39.60647383800005,25.253812632000052]},"properties":{"ID":"OK725","Type":"C","PitTraps":6,"Contig":0,"Length":101,"Orient":165,"SlopeOr":270,"_layer":"GlobalKites - Open Kites"}},{"type":"Feature","geometry":{"type":"Point","coordinates":[39.584802288000056,25.24827754500005]},"properties":{"ID":"OK726","Type":"C","PitTraps":13,"Contig":0,"Length":454,"Orient":83,"SlopeOr":101,"_layer":"GlobalKites - Open Kites"}},{"type":"Feature","geometry":{"type":"Point","coordinates":[40.11932839500005,24.49439758400005]},"properties":{"ID":"OK727","Type":"V","PitTraps":1,"Contig":0,"Length":73,"Orient":232,"SlopeOr":225,"_layer":"GlobalKites - Open Kites"}},{"type":"Feature","geometry":{"type":"Point","coordinates":[40.26010579500005,23.86620052500005]},"properties":{"ID":"OK728","Type":"C","PitTraps":9,"Contig":1,"Length":345,"Orient":159,"SlopeOr":147,"_layer":"GlobalKites - Open Kites"}},{"type":"Feature","geometry":{"type":"Point","coordinates":[40.42298172000005,25.65358982100005]},"properties":{"ID":"OK729","Type":"C","PitTraps":4,"Contig":1,"Length":252,"Orient":350,"SlopeOr":45,"_layer":"GlobalKites - Open Kites"}},{"type":"Feature","geometry":{"type":"Point","coordinates":[41.96550839700005,21.59622400500005]},"properties":{"ID":"OK730","Type":"C","PitTraps":4,"Contig":1,"Length":231,"Orient":188,"SlopeOr":0,"_layer":"GlobalKites - Open Kites"}},{"type":"Feature","geometry":{"type":"Point","coordinates":[41.60254848900005,23.12946704500005]},"properties":{"ID":"OK731","Type":"C","PitTraps":19,"Contig":1,"Length":670,"Orient":313,"SlopeOr":349,"_layer":"GlobalKites - Open Kites"}},{"type":"Feature","geometry":{"type":"Point","coordinates":[41.64296275800005,23.14158102800005]},"properties":{"ID":"OK732","Type":"C","PitTraps":2,"Contig":0,"Length":155,"Orient":340,"SlopeOr":63,"_layer":"GlobalKites - Open Kites"}},{"type":"Feature","geometry":{"type":"Point","coordinates":[40.678498305000055,25.436340010000052]},"properties":{"ID":"OK733","Type":"C","PitTraps":13,"Contig":1,"Length":765,"Orient":289,"SlopeOr":344,"_layer":"GlobalKites - Open Kites"}},{"type":"Feature","geometry":{"type":"Point","coordinates":[41.99777973900005,21.49775120900005]},"properties":{"ID":"OK734","Type":"V","PitTraps":4,"Contig":1,"Length":140,"Orient":304,"SlopeOr":259,"_layer":"GlobalKites - Open Kites"}},{"type":"Feature","geometry":{"type":"Point","coordinates":[40.366655947000055,25.662241307000052]},"properties":{"ID":"OK735","Type":"V","PitTraps":3,"Contig":1,"Length":111,"Orient":89,"SlopeOr":180,"_layer":"GlobalKites - Open Kites"}},{"type":"Feature","geometry":{"type":"Point","coordinates":[40.34185213900005,26.13977169200005]},"properties":{"ID":"OK736","Type":"C","PitTraps":7,"Contig":0,"Length":253,"Orient":128,"SlopeOr":195,"_layer":"GlobalKites - Open Kites"}},{"type":"Feature","geometry":{"type":"Point","coordinates":[40.387181342000055,26.13783230000005]},"properties":{"ID":"OK737","Type":"C","PitTraps":7,"Contig":1,"Length":396,"Orient":183,"SlopeOr":117,"_layer":"GlobalKites - Open Kites"}},{"type":"Feature","geometry":{"type":"Point","coordinates":[40.347881896000054,26.12696759700005]},"properties":{"ID":"OK738","Type":"C","PitTraps":3,"Contig":0,"Length":316,"Orient":181,"SlopeOr":72,"_layer":"GlobalKites - Open Kites"}},{"type":"Feature","geometry":{"type":"Point","coordinates":[40.35726498700005,26.12632124200005]},"properties":{"ID":"OK739","Type":"W","PitTraps":3,"Contig":0,"Length":229,"Orient":102,"SlopeOr":113,"_layer":"GlobalKites - Open Kites"}},{"type":"Feature","geometry":{"type":"Point","coordinates":[40.35420278000005,26.048360986000052]},"properties":{"ID":"OK740","Type":"V","PitTraps":4,"Contig":1,"Length":185,"Orient":7,"SlopeOr":354,"_layer":"GlobalKites - Open Kites"}},{"type":"Feature","geometry":{"type":"Point","coordinates":[39.42494930200005,25.62937147500005]},"properties":{"ID":"OK741","Type":"V","PitTraps":1,"Contig":0,"Length":95,"Orient":100,"SlopeOr":315,"_layer":"GlobalKites - Open Kites"}},{"type":"Feature","geometry":{"type":"Point","coordinates":[39.42585466300005,25.628867676000052]},"properties":{"ID":"OK742","Type":"C","PitTraps":14,"Contig":1,"Length":134,"Orient":317,"SlopeOr":11,"_layer":"GlobalKites - Open Kites"}},{"type":"Feature","geometry":{"type":"Point","coordinates":[40.465115645000054,25.65803797800005]},"properties":{"ID":"OK743","Type":"V","PitTraps":1,"Contig":0,"Length":65,"Orient":343,"SlopeOr":14,"_layer":"GlobalKites - Open Kites"}},{"type":"Feature","geometry":{"type":"Point","coordinates":[40.517866186000056,25.79004540500005]},"properties":{"ID":"OK744","Type":"V","PitTraps":4,"Contig":1,"Length":221,"Orient":10,"SlopeOr":135,"_layer":"GlobalKites - Open Kites"}},{"type":"Feature","geometry":{"type":"Point","coordinates":[40.52110183200005,25.80135174600005]},"properties":{"ID":"OK745","Type":"V","PitTraps":3,"Contig":1,"Length":146,"Orient":10,"SlopeOr":82,"_layer":"GlobalKites - Open Kites"}},{"type":"Feature","geometry":{"type":"Point","coordinates":[40.453804039000055,25.73804403000005]},"properties":{"ID":"OK746","Type":"V","PitTraps":3,"Contig":1,"Length":47,"Orient":222,"SlopeOr":196,"_layer":"GlobalKites - Open Kites"}},{"type":"Feature","geometry":{"type":"Point","coordinates":[40.460469458000055,25.75786623400005]},"properties":{"ID":"OK747","Type":"C","PitTraps":7,"Contig":1,"Length":172,"Orient":174,"SlopeOr":76,"_layer":"GlobalKites - Open Kites"}},{"type":"Feature","geometry":{"type":"Point","coordinates":[40.32210952500005,23.638953060000052]},"properties":{"ID":"OK748","Type":"C","PitTraps":11,"Contig":1,"Length":392,"Orient":174,"SlopeOr":194,"_layer":"GlobalKites - Open Kites"}},{"type":"Feature","geometry":{"type":"Point","coordinates":[39.92880670000005,23.82739632200005]},"properties":{"ID":"OK749","Type":"C","PitTraps":3,"Contig":0,"Length":147,"Orient":82,"SlopeOr":339,"_layer":"GlobalKites - Open Kites"}},{"type":"Feature","geometry":{"type":"Point","coordinates":[38.94745278500005,25.62879820900005]},"properties":{"ID":"OK750","Type":"C","PitTraps":4,"Contig":0,"Length":447,"Orient":80,"SlopeOr":18,"_layer":"GlobalKites - Open Kites"}},{"type":"Feature","geometry":{"type":"Point","coordinates":[40.257063968000054,23.79063728800005]},"properties":{"ID":"OK751","Type":"C","PitTraps":3,"Contig":0,"Length":169,"Orient":2,"SlopeOr":11,"_layer":"GlobalKites - Open Kites"}},{"type":"Feature","geometry":{"type":"Point","coordinates":[40.52300000000005,25.805784000000052]},"properties":{"ID":"OK752","Type":"C","PitTraps":7,"Contig":1,"Length":76,"Orient":161,"SlopeOr":189,"_layer":"GlobalKites - Open Kites"}},{"type":"Feature","geometry":{"type":"Point","coordinates":[42.34100000000005,20.83648500000005]},"properties":{"ID":"OK753","Type":"W","PitTraps":2,"Contig":0,"Length":299,"Orient":164,"SlopeOr":337,"_layer":"GlobalKites - Open Kites"}},{"type":"Feature","geometry":{"type":"Point","coordinates":[39.20259018200005,25.73135254200005]},"properties":{"ID":"OK754","Type":"V","PitTraps":1,"Contig":0,"Length":71,"Orient":47,"SlopeOr":73,"_layer":"GlobalKites - Open Kites"}},{"type":"Feature","geometry":{"type":"Point","coordinates":[39.15158164200005,25.70275864900005]},"properties":{"ID":"OK755","Type":"C","PitTraps":9,"Contig":1,"Length":439,"Orient":44,"SlopeOr":187,"_layer":"GlobalKites - Open Kites"}},{"type":"Feature","geometry":{"type":"Point","coordinates":[40.507245000000054,25.98200000000005]},"properties":{"ID":"OK756","Type":"C","PitTraps":12,"Contig":1,"Length":194,"Orient":215,"SlopeOr":143,"_layer":"GlobalKites - Open Kites"}},{"type":"Feature","geometry":{"type":"Point","coordinates":[39.37480989400005,25.88403454000005]},"properties":{"ID":"OK757","Type":"W","PitTraps":3,"Contig":0,"Length":172,"Orient":65,"SlopeOr":95,"_layer":"GlobalKites - Open Kites"}},{"type":"Feature","geometry":{"type":"Point","coordinates":[39.382573709000056,25.879695477000052]},"properties":{"ID":"OK758","Type":"V","PitTraps":1,"Contig":0,"Length":145,"Orient":99,"SlopeOr":112,"_layer":"GlobalKites - Open Kites"}},{"type":"Feature","geometry":{"type":"Point","coordinates":[40.431028000000055,26.30867400000005]},"properties":{"ID":"OK759","Type":"C","PitTraps":6,"Contig":1,"Length":277,"Orient":200,"SlopeOr":152,"_layer":"GlobalKites - Open Kites"}},{"type":"Feature","geometry":{"type":"Point","coordinates":[40.40609400000005,26.29779200000005]},"properties":{"ID":"OK760","Type":"V","PitTraps":1,"Contig":1,"Length":116,"Orient":216,"SlopeOr":135,"_layer":"GlobalKites - Open Kites"}},{"type":"Feature","geometry":{"type":"Point","coordinates":[40.39399182500005,25.68417377200005]},"properties":{"ID":"OK761","Type":"C","PitTraps":10,"Contig":1,"Length":871,"Orient":62,"SlopeOr":45,"_layer":"GlobalKites - Open Kites"}},{"type":"Feature","geometry":{"type":"Point","coordinates":[40.37600677500005,25.94687781700005]},"properties":{"ID":"OK762","Type":"C","PitTraps":1,"Contig":0,"Length":109,"Orient":44,"SlopeOr":27,"_layer":"GlobalKites - Open Kites"}},{"type":"Feature","geometry":{"type":"Point","coordinates":[40.39306799700005,25.947215463000052]},"properties":{"ID":"OK763","Type":"C","PitTraps":4,"Contig":1,"Length":665,"Orient":138,"SlopeOr":203,"_layer":"GlobalKites - Open Kites"}},{"type":"Feature","geometry":{"type":"Point","coordinates":[39.22345814300005,25.76029552600005]},"properties":{"ID":"OK764","Type":"V","PitTraps":1,"Contig":0,"Length":101,"Orient":183,"SlopeOr":283,"_layer":"GlobalKites - Open Kites"}},{"type":"Feature","geometry":{"type":"Point","coordinates":[40.38012749800005,25.942959049000052]},"properties":{"ID":"OK765","Type":"V","PitTraps":1,"Contig":0,"Length":120,"Orient":81,"SlopeOr":93,"_layer":"GlobalKites - Open Kites"}},{"type":"Feature","geometry":{"type":"Point","coordinates":[39.41180395300005,25.99739316400005]},"properties":{"ID":"OK766","Type":"C","PitTraps":4,"Contig":0,"Length":300,"Orient":322,"SlopeOr":333,"_layer":"GlobalKites - Open Kites"}},{"type":"Feature","geometry":{"type":"Point","coordinates":[40.52135370800005,25.77035528200005]},"properties":{"ID":"OK767","Type":"C","PitTraps":17,"Contig":1,"Length":250,"Orient":236,"SlopeOr":246,"_layer":"GlobalKites - Open Kites"}},{"type":"Feature","geometry":{"type":"Point","coordinates":[41.61893149600005,22.77460467900005]},"properties":{"ID":"OK768","Type":"C","PitTraps":10,"Contig":1,"Length":197,"Orient":53,"SlopeOr":90,"_layer":"GlobalKites - Open Kites"}},{"type":"Feature","geometry":{"type":"Point","coordinates":[41.61894375100005,22.77565939500005]},"properties":{"ID":"OK769","Type":"C","PitTraps":3,"Contig":0,"Length":198,"Orient":159,"SlopeOr":214,"_layer":"GlobalKites - Open Kites"}},{"type":"Feature","geometry":{"type":"Point","coordinates":[41.60709014700005,22.77685195100005]},"properties":{"ID":"OK770","Type":"W","PitTraps":2,"Contig":0,"Length":170,"Orient":11,"SlopeOr":315,"_layer":"GlobalKites - Open Kites"}},{"type":"Feature","geometry":{"type":"Point","coordinates":[41.57020993100005,22.72923681000005]},"properties":{"ID":"OK771","Type":"W","PitTraps":3,"Contig":0,"Length":142,"Orient":150,"SlopeOr":180,"_layer":"GlobalKites - Open Kites"}},{"type":"Feature","geometry":{"type":"Point","coordinates":[41.56282306400005,22.69948384000005]},"properties":{"ID":"OK772","Type":"C","PitTraps":14,"Contig":1,"Length":179,"Orient":147,"SlopeOr":122,"_layer":"GlobalKites - Open Kites"}},{"type":"Feature","geometry":{"type":"Point","coordinates":[41.37730775200005,22.62233251500005]},"properties":{"ID":"OK773","Type":"V","PitTraps":3,"Contig":1,"Length":64,"Orient":56,"SlopeOr":236,"_layer":"GlobalKites - Open Kites"}},{"type":"Feature","geometry":{"type":"Point","coordinates":[41.37941036800005,22.62302722300005]},"properties":{"ID":"OK774","Type":"V","PitTraps":4,"Contig":1,"Length":138,"Orient":22,"SlopeOr":110,"_layer":"GlobalKites - Open Kites"}},{"type":"Feature","geometry":{"type":"Point","coordinates":[40.315061318000055,23.81727424600005]},"properties":{"ID":"OK775","Type":"V","PitTraps":2,"Contig":0,"Length":161,"Orient":137,"SlopeOr":135,"_layer":"GlobalKites - Open Kites"}},{"type":"Feature","geometry":{"type":"Point","coordinates":[39.617210097000054,25.430300854000052]},"properties":{"ID":"OK776","Type":"C","PitTraps":9,"Contig":1,"Length":173,"Orient":104,"SlopeOr":342,"_layer":"GlobalKites - Open Kites"}},{"type":"Feature","geometry":{"type":"Point","coordinates":[39.611073956000055,25.428191910000052]},"properties":{"ID":"OK777","Type":"V","PitTraps":7,"Contig":1,"Length":210,"Orient":7,"SlopeOr":53,"_layer":"GlobalKites - Open Kites"}},{"type":"Feature","geometry":{"type":"Point","coordinates":[39.57769468800005,25.36313316900005]},"properties":{"ID":"OK778","Type":"W","PitTraps":2,"Contig":1,"Length":87,"Orient":186,"SlopeOr":236,"_layer":"GlobalKites - Open Kites"}},{"type":"Feature","geometry":{"type":"Point","coordinates":[39.56127907100005,25.37466776100005]},"properties":{"ID":"OK779","Type":"C","PitTraps":15,"Contig":1,"Length":308,"Orient":195,"SlopeOr":130,"_layer":"GlobalKites - Open Kites"}},{"type":"Feature","geometry":{"type":"Point","coordinates":[39.58538682500005,25.35957622400005]},"properties":{"ID":"OK780","Type":"C","PitTraps":5,"Contig":1,"Length":114,"Orient":203,"SlopeOr":135,"_layer":"GlobalKites - Open Kites"}},{"type":"Feature","geometry":{"type":"Point","coordinates":[39.529317467000055,25.39788863800005]},"properties":{"ID":"OK781","Type":"V","PitTraps":1,"Contig":0,"Length":72,"Orient":265,"SlopeOr":192,"_layer":"GlobalKites - Open Kites"}},{"type":"Feature","geometry":{"type":"Point","coordinates":[39.52778480100005,25.39869419500005]},"properties":{"ID":"OK782","Type":"C","PitTraps":5,"Contig":0,"Length":161,"Orient":235,"SlopeOr":237,"_layer":"GlobalKites - Open Kites"}},{"type":"Feature","geometry":{"type":"Point","coordinates":[39.50056606100005,26.10815701200005]},"properties":{"ID":"OK783","Type":"V","PitTraps":1,"Contig":0,"Length":74,"Orient":75,"SlopeOr":75,"_layer":"GlobalKites - Open Kites"}},{"type":"Feature","geometry":{"type":"Point","coordinates":[39.81510766400005,25.128900264000052]},"properties":{"ID":"OK784","Type":"W","PitTraps":3,"Contig":0,"Length":160,"Orient":232,"SlopeOr":191,"_layer":"GlobalKites - Open Kites"}},{"type":"Feature","geometry":{"type":"Point","coordinates":[39.47709816900005,26.07744622600005]},"properties":{"ID":"OK785","Type":"C","PitTraps":4,"Contig":0,"Length":162,"Orient":302,"SlopeOr":309,"_layer":"GlobalKites - Open Kites"}},{"type":"Feature","geometry":{"type":"Point","coordinates":[40.59127074500005,22.89008514700005]},"properties":{"ID":"OK786","Type":"V","PitTraps":3,"Contig":1,"Length":229,"Orient":287,"SlopeOr":270,"_layer":"GlobalKites - Open Kites"}},{"type":"Feature","geometry":{"type":"Point","coordinates":[39.47864652900005,26.078856606000052]},"properties":{"ID":"OK787","Type":"C","PitTraps":4,"Contig":0,"Length":133,"Orient":147,"SlopeOr":172,"_layer":"GlobalKites - Open Kites"}},{"type":"Feature","geometry":{"type":"Point","coordinates":[40.198007702000055,23.52657911600005]},"properties":{"ID":"OK788","Type":"V","PitTraps":2,"Contig":0,"Length":207,"Orient":234,"SlopeOr":82,"_layer":"GlobalKites - Open Kites"}},{"type":"Feature","geometry":{"type":"Point","coordinates":[39.986673931000055,24.06131197800005]},"properties":{"ID":"OK789","Type":"V","PitTraps":2,"Contig":0,"Length":84,"Orient":283,"SlopeOr":115,"_layer":"GlobalKites - Open Kites"}},{"type":"Feature","geometry":{"type":"Point","coordinates":[40.28679000000005,23.483026000000052]},"properties":{"ID":"OK790","Type":"C","PitTraps":2,"Contig":0,"Length":332,"Orient":53,"SlopeOr":175,"_layer":"GlobalKites - Open Kites"}},{"type":"Feature","geometry":{"type":"Point","coordinates":[40.303625100000055,23.48303818900005]},"properties":{"ID":"OK791","Type":"V","PitTraps":1,"Contig":0,"Length":82,"Orient":223,"SlopeOr":101,"_layer":"GlobalKites - Open Kites"}},{"type":"Feature","geometry":{"type":"Point","coordinates":[39.811305819000054,23.54503802800005]},"properties":{"ID":"OK792","Type":"V","PitTraps":6,"Contig":1,"Length":267,"Orient":112,"SlopeOr":45,"_layer":"GlobalKites - Open Kites"}},{"type":"Feature","geometry":{"type":"Point","coordinates":[39.80836699700005,23.53949342600005]},"properties":{"ID":"OK793","Type":"V","PitTraps":4,"Contig":1,"Length":292,"Orient":235,"SlopeOr":243,"_layer":"GlobalKites - Open Kites"}},{"type":"Feature","geometry":{"type":"Point","coordinates":[40.22958993900005,23.93878080900005]},"properties":{"ID":"OK794","Type":"C","PitTraps":3,"Contig":0,"Length":180,"Orient":90,"SlopeOr":101,"_layer":"GlobalKites - Open Kites"}},{"type":"Feature","geometry":{"type":"Point","coordinates":[40.05044378800005,23.91020403000005]},"properties":{"ID":"OK795","Type":"V","PitTraps":3,"Contig":1,"Length":170,"Orient":90,"SlopeOr":45,"_layer":"GlobalKites - Open Kites"}},{"type":"Feature","geometry":{"type":"Point","coordinates":[40.360345200000054,23.844985869000052]},"properties":{"ID":"OK796","Type":"C","PitTraps":10,"Contig":1,"Length":276,"Orient":193,"SlopeOr":270,"_layer":"GlobalKites - Open Kites"}},{"type":"Feature","geometry":{"type":"Point","coordinates":[40.24428837800005,23.78800896100005]},"properties":{"ID":"OK797","Type":"C","PitTraps":2,"Contig":0,"Length":101,"Orient":107,"SlopeOr":69,"_layer":"GlobalKites - Open Kites"}},{"type":"Feature","geometry":{"type":"Point","coordinates":[40.24135771700005,23.785493297000052]},"properties":{"ID":"OK798","Type":"C","PitTraps":6,"Contig":0,"Length":171,"Orient":118,"SlopeOr":98,"_layer":"GlobalKites - Open Kites"}},{"type":"Feature","geometry":{"type":"Point","coordinates":[40.242131744000055,23.72084920000005]},"properties":{"ID":"OK799","Type":"C","PitTraps":4,"Contig":1,"Length":64,"Orient":133,"SlopeOr":83,"_layer":"GlobalKites - Open Kites"}},{"type":"Feature","geometry":{"type":"Point","coordinates":[40.24600178800005,23.721992409000052]},"properties":{"ID":"OK800","Type":"C","PitTraps":3,"Contig":0,"Length":148,"Orient":25,"SlopeOr":53,"_layer":"GlobalKites - Open Kites"}},{"type":"Feature","geometry":{"type":"Point","coordinates":[40.24354931700005,23.70217565500005]},"properties":{"ID":"OK801","Type":"V","PitTraps":1,"Contig":0,"Length":163,"Orient":342,"SlopeOr":347,"_layer":"GlobalKites - Open Kites"}},{"type":"Feature","geometry":{"type":"Point","coordinates":[40.33994445700005,23.69357757800005]},"properties":{"ID":"OK802","Type":"C","PitTraps":13,"Contig":1,"Length":561,"Orient":145,"SlopeOr":141,"_layer":"GlobalKites - Open Kites"}},{"type":"Feature","geometry":{"type":"Point","coordinates":[39.70631096300005,25.12538893700005]},"properties":{"ID":"OK803","Type":"C","PitTraps":2,"Contig":1,"Length":60,"Orient":205,"SlopeOr":207,"_layer":"GlobalKites - Open Kites"}},{"type":"Feature","geometry":{"type":"Point","coordinates":[39.928514103000055,23.82887066900005]},"properties":{"ID":"OK804","Type":"V","PitTraps":2,"Contig":0,"Length":193,"Orient":154,"SlopeOr":247,"_layer":"GlobalKites - Open Kites"}},{"type":"Feature","geometry":{"type":"Point","coordinates":[39.83228119900005,23.34255546700005]},"properties":{"ID":"OK805","Type":"C","PitTraps":6,"Contig":1,"Length":215,"Orient":149,"SlopeOr":180,"_layer":"GlobalKites - Open Kites"}},{"type":"Feature","geometry":{"type":"Point","coordinates":[39.83958576800005,23.44413951300005]},"properties":{"ID":"OK806","Type":"V","PitTraps":1,"Contig":0,"Length":175,"Orient":104,"SlopeOr":180,"_layer":"GlobalKites - Open Kites"}},{"type":"Feature","geometry":{"type":"Point","coordinates":[39.873428727000054,23.33011849500005]},"properties":{"ID":"OK807","Type":"V","PitTraps":1,"Contig":0,"Length":158,"Orient":270,"SlopeOr":59,"_layer":"GlobalKites - Open Kites"}},{"type":"Feature","geometry":{"type":"Point","coordinates":[39.82347511900005,23.32464847500005]},"properties":{"ID":"OK808","Type":"V","PitTraps":1,"Contig":0,"Length":134,"Orient":138,"SlopeOr":225,"_layer":"GlobalKites - Open Kites"}},{"type":"Feature","geometry":{"type":"Point","coordinates":[39.77689583400005,23.12931987000005]},"properties":{"ID":"OK809","Type":"V","PitTraps":3,"Contig":1,"Length":117,"Orient":310,"SlopeOr":325,"_layer":"GlobalKites - Open Kites"}},{"type":"Feature","geometry":{"type":"Point","coordinates":[39.706683461000054,23.11835517700005]},"properties":{"ID":"OK810","Type":"V","PitTraps":1,"Contig":0,"Length":71,"Orient":279,"SlopeOr":73,"_layer":"GlobalKites - Open Kites"}},{"type":"Feature","geometry":{"type":"Point","coordinates":[40.32043900000005,23.63642500000005]},"properties":{"ID":"OK811","Type":"C","PitTraps":7,"Contig":1,"Length":236,"Orient":4,"SlopeOr":354,"_layer":"GlobalKites - Open Kites"}},{"type":"Feature","geometry":{"type":"Point","coordinates":[40.31691000000005,23.63739700000005]},"properties":{"ID":"OK812","Type":"V","PitTraps":1,"Contig":0,"Length":137,"Orient":115,"SlopeOr":150,"_layer":"GlobalKites - Open Kites"}},{"type":"Feature","geometry":{"type":"Point","coordinates":[40.31777900000005,23.63620800000005]},"properties":{"ID":"OK813","Type":"C","PitTraps":4,"Contig":1,"Length":255,"Orient":53,"SlopeOr":72,"_layer":"GlobalKites - Open Kites"}},{"type":"Feature","geometry":{"type":"Point","coordinates":[42.20381829600005,20.74589060400005]},"properties":{"ID":"OK814","Type":"C","PitTraps":6,"Contig":0,"Length":305,"Orient":257,"SlopeOr":252,"_layer":"GlobalKites - Open Kites"}},{"type":"Feature","geometry":{"type":"Point","coordinates":[39.38403768600005,25.41380433700005]},"properties":{"ID":"OK815","Type":"C","PitTraps":3,"Contig":0,"Length":132,"Orient":173,"SlopeOr":247,"_layer":"GlobalKites - Open Kites"}},{"type":"Feature","geometry":{"type":"Point","coordinates":[39.37000421900005,25.44505224700005]},"properties":{"ID":"OK816","Type":"C","PitTraps":4,"Contig":0,"Length":193,"Orient":99,"SlopeOr":108,"_layer":"GlobalKites - Open Kites"}},{"type":"Feature","geometry":{"type":"Point","coordinates":[40.174856852000055,24.94142751800005]},"properties":{"ID":"OK817","Type":"C","PitTraps":9,"Contig":0,"Length":458,"Orient":193,"SlopeOr":45,"_layer":"GlobalKites - Open Kites"}},{"type":"Feature","geometry":{"type":"Point","coordinates":[42.397000000000055,20.87082200000005]},"properties":{"ID":"OK818","Type":"C","PitTraps":16,"Contig":1,"Length":269,"Orient":144,"SlopeOr":137,"_layer":"GlobalKites - Open Kites"}},{"type":"Feature","geometry":{"type":"Point","coordinates":[39.323486036000055,25.73200481700005]},"properties":{"ID":"OK819","Type":"C","PitTraps":18,"Contig":1,"Length":509,"Orient":210,"SlopeOr":229,"_layer":"GlobalKites - Open Kites"}},{"type":"Feature","geometry":{"type":"Point","coordinates":[39.34187985500005,25.75343229100005]},"properties":{"ID":"OK820","Type":"V","PitTraps":1,"Contig":0,"Length":152,"Orient":123,"SlopeOr":186,"_layer":"GlobalKites - Open Kites"}},{"type":"Feature","geometry":{"type":"Point","coordinates":[39.32179808000005,25.734153856000052]},"properties":{"ID":"OK821","Type":"W","PitTraps":2,"Contig":0,"Length":134,"Orient":90,"SlopeOr":139,"_layer":"GlobalKites - Open Kites"}},{"type":"Feature","geometry":{"type":"Point","coordinates":[39.321770050000055,25.73742648000005]},"properties":{"ID":"OK822","Type":"V","PitTraps":1,"Contig":0,"Length":240,"Orient":275,"SlopeOr":191,"_layer":"GlobalKites - Open Kites"}},{"type":"Feature","geometry":{"type":"Point","coordinates":[39.28345278700005,25.71718363300005]},"properties":{"ID":"OK823","Type":"V","PitTraps":1,"Contig":0,"Length":51,"Orient":160,"SlopeOr":265,"_layer":"GlobalKites - Open Kites"}},{"type":"Feature","geometry":{"type":"Point","coordinates":[39.28300000000005,25.71481700000005]},"properties":{"ID":"OK824","Type":"C","PitTraps":4,"Contig":0,"Length":199,"Orient":15,"SlopeOr":350,"_layer":"GlobalKites - Open Kites"}},{"type":"Feature","geometry":{"type":"Point","coordinates":[39.313849100000056,25.75104567700005]},"properties":{"ID":"OK825","Type":"C","PitTraps":11,"Contig":0,"Length":356,"Orient":159,"SlopeOr":135,"_layer":"GlobalKites - Open Kites"}},{"type":"Feature","geometry":{"type":"Point","coordinates":[39.32295606500005,25.73114431300005]},"properties":{"ID":"OK826","Type":"C","PitTraps":13,"Contig":0,"Length":406,"Orient":45,"SlopeOr":28,"_layer":"GlobalKites - Open Kites"}},{"type":"Feature","geometry":{"type":"Point","coordinates":[39.42400000000005,25.62774800000005]},"properties":{"ID":"OK827","Type":"C","PitTraps":7,"Contig":0,"Length":156,"Orient":42,"SlopeOr":278,"_layer":"GlobalKites - Open Kites"}},{"type":"Feature","geometry":{"type":"Point","coordinates":[39.32091698800005,25.73776605400005]},"properties":{"ID":"OK828","Type":"C","PitTraps":4,"Contig":0,"Length":159,"Orient":254,"SlopeOr":243,"_layer":"GlobalKites - Open Kites"}},{"type":"Feature","geometry":{"type":"Point","coordinates":[39.32993964600005,25.75699180100005]},"properties":{"ID":"OK829","Type":"V","PitTraps":1,"Contig":0,"Length":83,"Orient":340,"SlopeOr":307,"_layer":"GlobalKites - Open Kites"}},{"type":"Feature","geometry":{"type":"Point","coordinates":[39.29878430600005,25.73091611400005]},"properties":{"ID":"OK830","Type":"C","PitTraps":4,"Contig":1,"Length":124,"Orient":70,"SlopeOr":186,"_layer":"GlobalKites - Open Kites"}},{"type":"Feature","geometry":{"type":"Point","coordinates":[39.292603029000055,25.72041780300005]},"properties":{"ID":"OK831","Type":"C","PitTraps":3,"Contig":0,"Length":95,"Orient":260,"SlopeOr":265,"_layer":"GlobalKites - Open Kites"}},{"type":"Feature","geometry":{"type":"Point","coordinates":[39.292216591000056,25.741050231000052]},"properties":{"ID":"OK832","Type":"V","PitTraps":1,"Contig":0,"Length":116,"Orient":165,"SlopeOr":162,"_layer":"GlobalKites - Open Kites"}},{"type":"Feature","geometry":{"type":"Point","coordinates":[39.29734306800005,25.73067676500005]},"properties":{"ID":"OK833","Type":"V","PitTraps":1,"Contig":0,"Length":59,"Orient":50,"SlopeOr":200,"_layer":"GlobalKites - Open Kites"}},{"type":"Feature","geometry":{"type":"Point","coordinates":[39.30561624900005,25.73041443900005]},"properties":{"ID":"OK834","Type":"C","PitTraps":3,"Contig":1,"Length":348,"Orient":325,"SlopeOr":174,"_layer":"GlobalKites - Open Kites"}},{"type":"Feature","geometry":{"type":"Point","coordinates":[39.303739580000055,25.72579167300005]},"properties":{"ID":"OK835","Type":"C","PitTraps":4,"Contig":1,"Length":152,"Orient":335,"SlopeOr":270,"_layer":"GlobalKites - Open Kites"}},{"type":"Feature","geometry":{"type":"Point","coordinates":[39.31451103800005,25.73844307900005]},"properties":{"ID":"OK836","Type":"V","PitTraps":1,"Contig":0,"Length":87,"Orient":160,"SlopeOr":113,"_layer":"GlobalKites - Open Kites"}},{"type":"Feature","geometry":{"type":"Point","coordinates":[39.30165762800005,25.71762016600005]},"properties":{"ID":"OK837","Type":"C","PitTraps":4,"Contig":0,"Length":314,"Orient":295,"SlopeOr":34,"_layer":"GlobalKites - Open Kites"}},{"type":"Feature","geometry":{"type":"Point","coordinates":[39.34098936000005,25.751018561000052]},"properties":{"ID":"OK838","Type":"C","PitTraps":3,"Contig":0,"Length":217,"Orient":125,"SlopeOr":337,"_layer":"GlobalKites - Open Kites"}},{"type":"Feature","geometry":{"type":"Point","coordinates":[39.32037707700005,25.73705898200005]},"properties":{"ID":"OK839","Type":"C","PitTraps":7,"Contig":1,"Length":237,"Orient":230,"SlopeOr":198,"_layer":"GlobalKites - Open Kites"}},{"type":"Feature","geometry":{"type":"Point","coordinates":[39.322551223000055,25.73552907100005]},"properties":{"ID":"OK840","Type":"C","PitTraps":8,"Contig":1,"Length":217,"Orient":251,"SlopeOr":254,"_layer":"GlobalKites - Open Kites"}},{"type":"Feature","geometry":{"type":"Point","coordinates":[39.32270083000005,25.73394787300005]},"properties":{"ID":"OK841","Type":"W","PitTraps":3,"Contig":1,"Length":162,"Orient":280,"SlopeOr":334,"_layer":"GlobalKites - Open Kites"}},{"type":"Feature","geometry":{"type":"Point","coordinates":[39.32398459200005,25.72934529800005]},"properties":{"ID":"OK842","Type":"V","PitTraps":1,"Contig":0,"Length":111,"Orient":150,"SlopeOr":106,"_layer":"GlobalKites - Open Kites"}},{"type":"Feature","geometry":{"type":"Point","coordinates":[39.32370796200005,25.73060479300005]},"properties":{"ID":"OK843","Type":"C","PitTraps":5,"Contig":0,"Length":140,"Orient":45,"SlopeOr":45,"_layer":"GlobalKites - Open Kites"}},{"type":"Feature","geometry":{"type":"Point","coordinates":[39.30520232400005,25.73359416700005]},"properties":{"ID":"OK844","Type":"V","PitTraps":1,"Contig":0,"Length":83,"Orient":355,"SlopeOr":336,"_layer":"GlobalKites - Open Kites"}},{"type":"Feature","geometry":{"type":"Point","coordinates":[39.30637137400005,25.72717815900005]},"properties":{"ID":"OK845","Type":"V","PitTraps":1,"Contig":0,"Length":58,"Orient":160,"SlopeOr":243,"_layer":"GlobalKites - Open Kites"}},{"type":"Feature","geometry":{"type":"Point","coordinates":[39.28339441500005,25.716579424000052]},"properties":{"ID":"OK846","Type":"W","PitTraps":2,"Contig":0,"Length":53,"Orient":345,"SlopeOr":204,"_layer":"GlobalKites - Open Kites"}},{"type":"Feature","geometry":{"type":"Point","coordinates":[39.284282207000054,25.71769771900005]},"properties":{"ID":"OK847","Type":"V","PitTraps":1,"Contig":0,"Length":40,"Orient":100,"SlopeOr":329,"_layer":"GlobalKites - Open Kites"}},{"type":"Feature","geometry":{"type":"Point","coordinates":[39.346264039000054,25.75578621400005]},"properties":{"ID":"OK848","Type":"V","PitTraps":1,"Contig":0,"Length":81,"Orient":90,"SlopeOr":207,"_layer":"GlobalKites - Open Kites"}},{"type":"Feature","geometry":{"type":"Point","coordinates":[39.426197480000056,25.62914860000005]},"properties":{"ID":"OK849","Type":"V","PitTraps":2,"Contig":1,"Length":21,"Orient":180,"SlopeOr":308,"_layer":"GlobalKites - Open Kites"}},{"type":"Feature","geometry":{"type":"Point","coordinates":[39.425689680000055,25.63045072900005]},"properties":{"ID":"OK850","Type":"W","PitTraps":2,"Contig":0,"Length":294,"Orient":170,"SlopeOr":96,"_layer":"GlobalKites - Open Kites"}},{"type":"Feature","geometry":{"type":"Point","coordinates":[39.431958984000055,25.63295524300005]},"properties":{"ID":"OK851","Type":"V","PitTraps":1,"Contig":0,"Length":145,"Orient":77,"SlopeOr":333,"_layer":"GlobalKites - Open Kites"}},{"type":"Feature","geometry":{"type":"Point","coordinates":[39.43242085500005,25.63452695500005]},"properties":{"ID":"OK852","Type":"C","PitTraps":11,"Contig":1,"Length":406,"Orient":140,"SlopeOr":247,"_layer":"GlobalKites - Open Kites"}},{"type":"Feature","geometry":{"type":"Point","coordinates":[39.43873509600005,25.63735818900005]},"properties":{"ID":"OK853","Type":"C","PitTraps":56,"Contig":1,"Length":1749,"Orient":175,"SlopeOr":243,"_layer":"GlobalKites - Open Kites"}},{"type":"Feature","geometry":{"type":"Point","coordinates":[39.44545931900005,25.636973750000053]},"properties":{"ID":"OK854","Type":"C","PitTraps":9,"Contig":1,"Length":628,"Orient":165,"SlopeOr":135,"_layer":"GlobalKites - Open Kites"}},{"type":"Feature","geometry":{"type":"Point","coordinates":[39.43625131400005,25.63012930100005]},"properties":{"ID":"OK855","Type":"C","PitTraps":2,"Contig":0,"Length":479,"Orient":31,"SlopeOr":135,"_layer":"GlobalKites - Open Kites"}},{"type":"Feature","geometry":{"type":"Point","coordinates":[39.43665456400005,25.63230707700005]},"properties":{"ID":"OK856","Type":"V","PitTraps":1,"Contig":0,"Length":207,"Orient":286,"SlopeOr":201,"_layer":"GlobalKites - Open Kites"}},{"type":"Feature","geometry":{"type":"Point","coordinates":[39.44033886700005,25.63367699500005]},"properties":{"ID":"OK857","Type":"C","PitTraps":2,"Contig":1,"Length":252,"Orient":324,"SlopeOr":198,"_layer":"GlobalKites - Open Kites"}},{"type":"Feature","geometry":{"type":"Point","coordinates":[39.44202652300005,25.63605874000005]},"properties":{"ID":"OK858","Type":"C","PitTraps":2,"Contig":0,"Length":481,"Orient":135,"SlopeOr":45,"_layer":"GlobalKites - Open Kites"}},{"type":"Feature","geometry":{"type":"Point","coordinates":[39.33166552400005,25.72408928900005]},"properties":{"ID":"OK859","Type":"C","PitTraps":2,"Contig":0,"Length":95,"Orient":170,"SlopeOr":135,"_layer":"GlobalKites - Open Kites"}},{"type":"Feature","geometry":{"type":"Point","coordinates":[39.243040015000055,25.70794063500005]},"properties":{"ID":"OK860","Type":"C","PitTraps":5,"Contig":0,"Length":350,"Orient":227,"SlopeOr":18,"_layer":"GlobalKites - Open Kites"}},{"type":"Feature","geometry":{"type":"Point","coordinates":[39.31959482600005,25.74726712200005]},"properties":{"ID":"OK861","Type":"V","PitTraps":1,"Contig":0,"Length":87,"Orient":265,"SlopeOr":127,"_layer":"GlobalKites - Open Kites"}},{"type":"Feature","geometry":{"type":"Point","coordinates":[39.360704979000054,25.47470645800005]},"properties":{"ID":"OK862","Type":"C","PitTraps":8,"Contig":1,"Length":134,"Orient":80,"SlopeOr":148,"_layer":"GlobalKites - Open Kites"}}]}