{"type":"FeatureCollection","name":"GlobalKites - Sample 610","features":[{"type":"Feature","geometry":{"type":"Point","coordinates":[39.36538599966434,25.90177200037766]},"properties":{"ID":"AB101","Elev":787,"ANb":2,"AML":563,"ES":4.09018710227,"ESb":0,"ESbP":0,"EPI":2,"EtW":82,"EtF":1,"EtFA":0,"CS":1,"CA":0,"CP":11,"CIP":1,"CC":6,"_layer":"GlobalKites - Sample 610"}},{"type":"Feature","geometry":{"type":"Point","coordinates":[39.240709999567,25.861509999886778]},"properties":{"ID":"AB103","Elev":724,"ANb":2,"AML":270,"ES":3.43089008331,"ESb":0,"ESbP":0,"EPI":2,"EtW":100,"EtF":4,"EtFA":0,"CS":0,"CA":0,"CP":14,"CIP":2,"CC":11,"_layer":"GlobalKites - Sample 610"}},{"type":"Feature","geometry":{"type":"Point","coordinates":[39.374043999631056,25.95878700002021]},"properties":{"ID":"AB111","Elev":790,"ANb":2,"AML":541,"ES":0.58493500948,"ESb":0,"ESbP":0,"EPI":2,"EtW":20,"EtF":1,"EtFA":0,"CS":0,"CA":1,"CP":3,"CIP":0,"CC":0,"_layer":"GlobalKites - Sample 610"}},{"type":"Feature","geometry":{"type":"Point","coordinates":[38.051442000448105,31.668376000052547]},"properties":{"ID":"AB121","Elev":740,"ANb":4,"AML":1202,"ES":1.03126001358,"ESb":1,"ESbP":0,"EPI":2,"EtW":27,"EtF":0,"EtFA":0,"CS":1,"CA":1,"CP":3,"CIP":4,"CC":0,"_layer":"GlobalKites - Sample 610"}},{"type":"Feature","geometry":{"type":"Point","coordinates":[38.06686300022744,31.616505000205734]},"properties":{"ID":"AB123","Elev":741,"ANb":2,"AML":1936,"ES":0.553457021713,"ESb":0,"ESbP":0,"EPI":1,"EtW":15,"EtF":0,"EtFA":0,"CS":0,"CA":2,"CP":2,"CIP":1,"CC":0,"_layer":"GlobalKites - Sample 610"}},{"type":"Feature","geometry":{"type":"Point","coordinates":[38.31727099965707,31.58700799971956]},"properties":{"ID":"AB124","Elev":729,"ANb":5,"AML":2385,"ES":1.21800994873,"ESb":2,"ESbP":0,"EPI":2,"EtW":22,"EtF":0,"EtFA":0,"CS":1,"CA":1,"CP":2,"CIP":7,"CC":0,"_layer":"GlobalKites - Sample 610"}},{"type":"Feature","geometry":{"type":"Point","coordinates":[40.49363599980171,26.09342700005618]},"properties":{"ID":"AB129","Elev":1038,"ANb":2,"AML":196,"ES":1.31154000759,"ESb":0,"ESbP":0,"EPI":2,"EtW":62,"EtF":0,"EtFA":0,"CS":0,"CA":2,"CP":3,"CIP":0,"CC":0,"_layer":"GlobalKites - Sample 610"}},{"type":"Feature","geometry":{"type":"Point","coordinates":[40.530722000420155,26.124519000351768]},"properties":{"ID":"AB133","Elev":1017,"ANb":2,"AML":206,"ES":0.388904005289,"ESb":0,"ESbP":0,"EPI":2,"EtW":21,"EtF":0,"EtFA":0,"CS":0,"CA":0,"CP":4,"CIP":0,"CC":0,"_layer":"GlobalKites - Sample 610"}},{"type":"Feature","geometry":{"type":"Point","coordinates":[39.712596999851826,29.910469999590987]},"properties":{"ID":"AB135","Elev":765,"ANb":3,"AML":2742,"ES":0.926689,"ESb":0,"ESbP":0,"EPI":2,"EtW":19,"EtF":0,"EtFA":0,"CS":0,"CA":0,"CP":6,"CIP":0,"CC":0,"_layer":"GlobalKites - Sample 610"}},{"type":"Feature","geometry":{"type":"Point","coordinates":[39.03239499962967,30.76728700019504]},"properties":{"ID":"AB139","Elev":841,"ANb":3,"AML":1434,"ES":0.50195902586,"ESb":0,"ESbP":0,"EPI":2,"EtW":15,"EtF":0,"EtFA":0,"CS":1,"CA":1,"CP":3,"CIP":6,"CC":0,"_layer":"GlobalKites - Sample 610"}},{"type":"Feature","geometry":{"type":"Point","coordinates":[38.944904000219594,30.56882999980479]},"properties":{"ID":"AB145","Elev":727,"ANb":3,"AML":1804,"ES":0.716406126907,"ESb":0,"ESbP":0,"EPI":0,"EtW":27,"EtF":0,"EtFA":0,"CS":0,"CA":0,"CP":5,"CIP":2,"CC":0,"_layer":"GlobalKites - Sample 610"}},{"type":"Feature","geometry":{"type":"Point","coordinates":[38.15456400032849,30.95189300036185]},"properties":{"ID":"AB148","Elev":584,"ANb":3,"AML":1721,"ES":1.16623592792,"ESb":0,"ESbP":0,"EPI":1,"EtW":21,"EtF":0,"EtFA":0,"CS":0,"CA":0,"CP":2,"CIP":6,"CC":0,"_layer":"GlobalKites - Sample 610"}},{"type":"Feature","geometry":{"type":"Point","coordinates":[38.09759500010932,31.172827000365942]},"properties":{"ID":"AB154","Elev":805,"ANb":2,"AML":1853,"ES":1.18815004826,"ESb":1,"ESbP":0,"EPI":1,"EtW":21,"EtF":0,"EtFA":0,"CS":0,"CA":1,"CP":6,"CIP":7,"CC":0,"_layer":"GlobalKites - Sample 610"}},{"type":"Feature","geometry":{"type":"Point","coordinates":[38.08938600016393,31.215104000249596]},"properties":{"ID":"AB156","Elev":885,"ANb":3,"AML":436,"ES":1.016299963,"ESb":0,"ESbP":0,"EPI":2,"EtW":26,"EtF":0,"EtFA":0,"CS":1,"CA":1,"CP":3,"CIP":7,"CC":0,"_layer":"GlobalKites - Sample 610"}},{"type":"Feature","geometry":{"type":"Point","coordinates":[38.252917999766055,31.138702999643897]},"properties":{"ID":"AB161","Elev":837,"ANb":2,"AML":2003,"ES":1.63054001331,"ESb":0,"ESbP":0,"EPI":2,"EtW":20,"EtF":0,"EtFA":0,"CS":1,"CA":2,"CP":4,"CIP":6,"CC":2,"_layer":"GlobalKites - Sample 610"}},{"type":"Feature","geometry":{"type":"Point","coordinates":[38.60385600005452,31.393027999842502]},"properties":{"ID":"AB163","Elev":829,"ANb":3,"AML":2643,"ES":0.913829028606,"ESb":1,"ESbP":1,"EPI":1,"EtW":27,"EtF":0,"EtFA":0,"CS":0,"CA":1,"CP":5,"CIP":0,"CC":0,"_layer":"GlobalKites - Sample 610"}},{"type":"Feature","geometry":{"type":"Point","coordinates":[38.59918038786475,31.391927288114005]},"properties":{"ID":"AB164","Elev":815,"ANb":2,"AML":3366,"ES":0.550584971905,"ESb":0,"ESbP":0,"EPI":1,"EtW":20,"EtF":0,"EtFA":0,"CS":0,"CA":1,"CP":2,"CIP":4,"CC":0,"_layer":"GlobalKites - Sample 610"}},{"type":"Feature","geometry":{"type":"Point","coordinates":[39.08087000025046,30.588755000443086]},"properties":{"ID":"AB166","Elev":809,"ANb":2,"AML":2619,"ES":0.608518004417,"ESb":0,"ESbP":0,"EPI":1,"EtW":19,"EtF":0,"EtFA":0,"CS":3,"CA":2,"CP":1,"CIP":5,"CC":0,"_layer":"GlobalKites - Sample 610"}},{"type":"Feature","geometry":{"type":"Point","coordinates":[38.73011999963842,30.701997000261542]},"properties":{"ID":"AB167","Elev":658,"ANb":3,"AML":394,"ES":1.81203649909,"ESb":0,"ESbP":0,"EPI":2,"EtW":27,"EtF":0,"EtFA":0,"CS":0,"CA":0,"CP":2,"CIP":12,"CC":4,"_layer":"GlobalKites - Sample 610"}},{"type":"Feature","geometry":{"type":"Point","coordinates":[39.32279236467605,25.729007161351603]},"properties":{"ID":"AB17","Elev":754,"ANb":2,"AML":100,"ES":0.75751799345,"ESb":0,"ESbP":0,"EPI":2,"EtW":21,"EtF":1,"EtFA":0,"CS":0,"CA":0,"CP":6,"CIP":2,"CC":0,"_layer":"GlobalKites - Sample 610"}},{"type":"Feature","geometry":{"type":"Point","coordinates":[39.501957999762055,26.120620999559662]},"properties":{"ID":"AB173","Elev":902,"ANb":2,"AML":116,"ES":0.348611797006,"ESb":0,"ESbP":0,"EPI":2,"EtW":25,"EtF":1,"EtFA":0,"CS":0,"CA":0,"CP":7,"CIP":0,"CC":2,"_layer":"GlobalKites - Sample 610"}},{"type":"Feature","geometry":{"type":"Point","coordinates":[39.255491000409506,25.816909999896723]},"properties":{"ID":"AB174","Elev":714,"ANb":3,"AML":226,"ES":0.51681922988,"ESb":0,"ESbP":0,"EPI":2,"EtW":24,"EtF":1,"EtFA":0,"CS":0,"CA":0,"CP":8,"CIP":2,"CC":5,"_layer":"GlobalKites - Sample 610"}},{"type":"Feature","geometry":{"type":"Point","coordinates":[37.43803600036131,31.493795999985593]},"properties":{"ID":"AB176","Elev":598,"ANb":2,"AML":444,"ES":1.0355900526,"ESb":0,"ESbP":0,"EPI":1,"EtW":28,"EtF":0,"EtFA":0,"CS":0,"CA":0,"CP":2,"CIP":6,"CC":0,"_layer":"GlobalKites - Sample 610"}},{"type":"Feature","geometry":{"type":"Point","coordinates":[38.049587000339955,31.39577499971665]},"properties":{"ID":"AB178","Elev":820,"ANb":2,"AML":2765,"ES":1.20609107381,"ESb":0,"ESbP":0,"EPI":2,"EtW":20,"EtF":0,"EtFA":0,"CS":0,"CA":2,"CP":3,"CIP":6,"CC":2,"_layer":"GlobalKites - Sample 610"}},{"type":"Feature","geometry":{"type":"Point","coordinates":[39.230050999953846,25.709299999895222]},"properties":{"ID":"AB191","Elev":721,"ANb":1,"AML":287,"ES":0.409934014082,"ESb":0,"ESbP":0,"EPI":2,"EtW":19,"EtF":1,"EtFA":0,"CS":0,"CA":1,"CP":4,"CIP":0,"CC":0,"_layer":"GlobalKites - Sample 610"}},{"type":"Feature","geometry":{"type":"Point","coordinates":[39.3421890001224,25.75109500003441]},"properties":{"ID":"AB203","Elev":762,"ANb":4,"AML":466,"ES":0.756778001785,"ESb":2,"ESbP":1,"EPI":2,"EtW":10,"EtF":2,"EtFA":0,"CS":0,"CA":0,"CP":6,"CIP":3,"CC":4,"_layer":"GlobalKites - Sample 610"}},{"type":"Feature","geometry":{"type":"Point","coordinates":[39.35221500022226,25.75122000040284]},"properties":{"ID":"AB206","Elev":768,"ANb":3,"AML":485,"ES":1.67947995663,"ESb":0,"ESbP":0,"EPI":2,"EtW":46,"EtF":2,"EtFA":0,"CS":0,"CA":1,"CP":7,"CIP":0,"CC":4,"_layer":"GlobalKites - Sample 610"}},{"type":"Feature","geometry":{"type":"Point","coordinates":[39.30883299974329,25.781995999615845]},"properties":{"ID":"AB210","Elev":758,"ANb":3,"AML":600,"ES":0.755828022957,"ESb":0,"ESbP":0,"EPI":2,"EtW":18,"EtF":1,"EtFA":0,"CS":0,"CA":1,"CP":6,"CIP":1,"CC":4,"_layer":"GlobalKites - Sample 610"}},{"type":"Feature","geometry":{"type":"Point","coordinates":[39.24753000020951,25.794805000350664]},"properties":{"ID":"AB223","Elev":740,"ANb":2,"AML":222,"ES":0.238297000527,"ESb":0,"ESbP":0,"EPI":2,"EtW":25,"EtF":1,"EtFA":0,"CS":0,"CA":0,"CP":4,"CIP":0,"CC":0,"_layer":"GlobalKites - Sample 610"}},{"type":"Feature","geometry":{"type":"Point","coordinates":[39.29049895016658,25.588431948775565]},"properties":{"ID":"AB237","Elev":749,"ANb":2,"AML":68,"ES":0.212059006095,"ESb":0,"ESbP":0,"EPI":2,"EtW":16,"EtF":1,"EtFA":0,"CS":0,"CA":0,"CP":6,"CIP":0,"CC":5,"_layer":"GlobalKites - Sample 610"}},{"type":"Feature","geometry":{"type":"Point","coordinates":[39.29678903878329,25.583712468555746]},"properties":{"ID":"AB239","Elev":753,"ANb":2,"AML":110,"ES":0.300790995359,"ESb":0,"ESbP":0,"EPI":2,"EtW":11,"EtF":1,"EtFA":0,"CS":0,"CA":0,"CP":7,"CIP":1,"CC":6,"_layer":"GlobalKites - Sample 610"}},{"type":"Feature","geometry":{"type":"Point","coordinates":[39.31150903231617,25.577581516773762]},"properties":{"ID":"AB243","Elev":756,"ANb":2,"AML":72,"ES":0.521375000477,"ESb":0,"ESbP":0,"EPI":2,"EtW":19,"EtF":1,"EtFA":0,"CS":0,"CA":0,"CP":7,"CIP":0,"CC":6,"_layer":"GlobalKites - Sample 610"}},{"type":"Feature","geometry":{"type":"Point","coordinates":[39.302623280839896,25.618021128872158]},"properties":{"ID":"AB245","Elev":751,"ANb":2,"AML":127,"ES":0.575461983681,"ESb":0,"ESbP":0,"EPI":2,"EtW":20,"EtF":1,"EtFA":0,"CS":1,"CA":3,"CP":3,"CIP":0,"CC":4,"_layer":"GlobalKites - Sample 610"}},{"type":"Feature","geometry":{"type":"Point","coordinates":[39.40016952000752,25.529941200326277]},"properties":{"ID":"AB262","Elev":798,"ANb":2,"AML":296,"ES":1.09341001511,"ESb":2,"ESbP":0,"EPI":2,"EtW":16,"EtF":1,"EtFA":0,"CS":0,"CA":0,"CP":9,"CIP":1,"CC":5,"_layer":"GlobalKites - Sample 610"}},{"type":"Feature","geometry":{"type":"Point","coordinates":[39.317111284358475,25.750589663782137]},"properties":{"ID":"AB27","Elev":756,"ANb":2,"AML":96,"ES":3.67428994179,"ESb":0,"ESbP":0,"EPI":2,"EtW":26,"EtF":3,"EtFA":0,"CS":0,"CA":0,"CP":9,"CIP":0,"CC":6,"_layer":"GlobalKites - Sample 610"}},{"type":"Feature","geometry":{"type":"Point","coordinates":[39.159882864103054,25.75401405730304]},"properties":{"ID":"AB274","Elev":712,"ANb":1,"AML":44,"ES":0.567144989967,"ESb":0,"ESbP":0,"EPI":1,"EtW":48,"EtF":0,"EtFA":0,"CS":0,"CA":0,"CP":5,"CIP":0,"CC":4,"_layer":"GlobalKites - Sample 610"}},{"type":"Feature","geometry":{"type":"Point","coordinates":[39.14197620114095,25.783141531756428]},"properties":{"ID":"AB277","Elev":676,"ANb":2,"AML":248,"ES":0.791236969643,"ESb":0,"ESbP":0,"EPI":2,"EtW":15,"EtF":1,"EtFA":0,"CS":0,"CA":0,"CP":23,"CIP":1,"CC":18,"_layer":"GlobalKites - Sample 610"}},{"type":"Feature","geometry":{"type":"Point","coordinates":[39.14369177665435,25.59417743584015]},"properties":{"ID":"AB282","Elev":788,"ANb":2,"AML":194,"ES":0.469561010599,"ESb":0,"ESbP":0,"EPI":2,"EtW":30,"EtF":1,"EtFA":1,"CS":0,"CA":0,"CP":8,"CIP":3,"CC":0,"_layer":"GlobalKites - Sample 610"}},{"type":"Feature","geometry":{"type":"Point","coordinates":[39.410331572244445,25.538705323891747]},"properties":{"ID":"AB285","Elev":797,"ANb":1,"AML":180,"ES":0.653991997242,"ESb":0,"ESbP":0,"EPI":2,"EtW":24,"EtF":1,"EtFA":0,"CS":0,"CA":0,"CP":8,"CIP":1,"CC":8,"_layer":"GlobalKites - Sample 610"}},{"type":"Feature","geometry":{"type":"Point","coordinates":[39.41474409226623,25.55078652218043]},"properties":{"ID":"AB290","Elev":792,"ANb":2,"AML":252,"ES":0.359178990126,"ESb":0,"ESbP":0,"EPI":2,"EtW":22,"EtF":1,"EtFA":0,"CS":0,"CA":0,"CP":6,"CIP":0,"CC":0,"_layer":"GlobalKites - Sample 610"}},{"type":"Feature","geometry":{"type":"Point","coordinates":[39.41675489542223,25.56017296041398]},"properties":{"ID":"AB293","Elev":791,"ANb":2,"AML":195,"ES":1.05770804984,"ESb":0,"ESbP":0,"EPI":2,"EtW":32,"EtF":1,"EtFA":0,"CS":0,"CA":0,"CP":8,"CIP":1,"CC":4,"_layer":"GlobalKites - Sample 610"}},{"type":"Feature","geometry":{"type":"Point","coordinates":[39.42264073428265,25.567827567888116]},"properties":{"ID":"AB298","Elev":795,"ANb":2,"AML":199,"ES":0.735975888872,"ESb":0,"ESbP":0,"EPI":2,"EtW":21,"EtF":1,"EtFA":0,"CS":0,"CA":0,"CP":7,"CIP":0,"CC":2,"_layer":"GlobalKites - Sample 610"}},{"type":"Feature","geometry":{"type":"Point","coordinates":[39.41144859407751,25.591428371122618]},"properties":{"ID":"AB303","Elev":793,"ANb":2,"AML":227,"ES":0.745400011539,"ESb":0,"ESbP":0,"EPI":2,"EtW":30,"EtF":1,"EtFA":0,"CS":0,"CA":0,"CP":6,"CIP":0,"CC":2,"_layer":"GlobalKites - Sample 610"}},{"type":"Feature","geometry":{"type":"Point","coordinates":[39.409725877947096,25.597173306902732]},"properties":{"ID":"AB305","Elev":785,"ANb":2,"AML":552,"ES":0.764195978642,"ESb":0,"ESbP":0,"EPI":2,"EtW":26,"EtF":1,"EtFA":0,"CS":1,"CA":0,"CP":7,"CIP":0,"CC":6,"_layer":"GlobalKites - Sample 610"}},{"type":"Feature","geometry":{"type":"Point","coordinates":[39.416167792809574,25.614137646735173]},"properties":{"ID":"AB309","Elev":791,"ANb":3,"AML":676,"ES":4.14552021027,"ESb":0,"ESbP":0,"EPI":2,"EtW":57,"EtF":3,"EtFA":0,"CS":0,"CA":0,"CP":14,"CIP":2,"CC":9,"_layer":"GlobalKites - Sample 610"}},{"type":"Feature","geometry":{"type":"Point","coordinates":[39.41776582873018,25.61879033610529]},"properties":{"ID":"AB310","Elev":791,"ANb":2,"AML":352,"ES":0.467932403497,"ESb":0,"ESbP":0,"EPI":2,"EtW":16,"EtF":1,"EtFA":0,"CS":0,"CA":0,"CP":6,"CIP":0,"CC":0,"_layer":"GlobalKites - Sample 610"}},{"type":"Feature","geometry":{"type":"Point","coordinates":[40.44280835562125,25.912846047007633]},"properties":{"ID":"AB314","Elev":1069,"ANb":2,"AML":494,"ES":0.635978996754,"ESb":0,"ESbP":0,"EPI":0,"EtW":21,"EtF":0,"EtFA":0,"CS":0,"CA":0,"CP":3,"CIP":0,"CC":0,"_layer":"GlobalKites - Sample 610"}},{"type":"Feature","geometry":{"type":"Point","coordinates":[40.690072362050046,26.015447469825062]},"properties":{"ID":"AB317","Elev":989,"ANb":2,"AML":240,"ES":0.364327013493,"ESb":0,"ESbP":0,"EPI":2,"EtW":20,"EtF":1,"EtFA":1,"CS":0,"CA":0,"CP":4,"CIP":2,"CC":0,"_layer":"GlobalKites - Sample 610"}},{"type":"Feature","geometry":{"type":"Point","coordinates":[38.32373973410159,31.184174340173797]},"properties":{"ID":"AB325","Elev":785,"ANb":3,"AML":652,"ES":1.01914529672,"ESb":0,"ESbP":0,"EPI":0,"EtW":19,"EtF":0,"EtFA":0,"CS":0,"CA":0,"CP":3,"CIP":10,"CC":0,"_layer":"GlobalKites - Sample 610"}},{"type":"Feature","geometry":{"type":"Point","coordinates":[38.34286419692529,31.035982455326234]},"properties":{"ID":"AB326","Elev":751,"ANb":2,"AML":224,"ES":0.718391001225,"ESb":0,"ESbP":0,"EPI":1,"EtW":20,"EtF":0,"EtFA":0,"CS":0,"CA":2,"CP":3,"CIP":0,"CC":0,"_layer":"GlobalKites - Sample 610"}},{"type":"Feature","geometry":{"type":"Point","coordinates":[38.399947712317214,31.194524021566508]},"properties":{"ID":"AB329","Elev":774,"ANb":5,"AML":2629,"ES":0.959697008133,"ESb":0,"ESbP":0,"EPI":2,"EtW":20,"EtF":0,"EtFA":0,"CS":2,"CA":1,"CP":4,"CIP":2,"CC":2,"_layer":"GlobalKites - Sample 610"}},{"type":"Feature","geometry":{"type":"Point","coordinates":[38.71005709425964,30.974930048283284]},"properties":{"ID":"AB333","Elev":747,"ANb":2,"AML":1742,"ES":1.38777005672,"ESb":0,"ESbP":0,"EPI":2,"EtW":20,"EtF":0,"EtFA":0,"CS":3,"CA":4,"CP":7,"CIP":3,"CC":3,"_layer":"GlobalKites - Sample 610"}},{"type":"Feature","geometry":{"type":"Point","coordinates":[38.442029892066046,31.332278110346692]},"properties":{"ID":"AB336","Elev":757,"ANb":4,"AML":5356,"ES":0.901745590596,"ESb":0,"ESbP":0,"EPI":2,"EtW":20,"EtF":0,"EtFA":0,"CS":1,"CA":2,"CP":5,"CIP":5,"CC":0,"_layer":"GlobalKites - Sample 610"}},{"type":"Feature","geometry":{"type":"Point","coordinates":[38.385162658230286,31.402082011775576]},"properties":{"ID":"AB343","Elev":746,"ANb":3,"AML":766,"ES":1.14245998859,"ESb":0,"ESbP":0,"EPI":2,"EtW":14,"EtF":0,"EtFA":0,"CS":0,"CA":4,"CP":3,"CIP":0,"CC":0,"_layer":"GlobalKites - Sample 610"}},{"type":"Feature","geometry":{"type":"Point","coordinates":[38.41324407815188,31.464830027583844]},"properties":{"ID":"AB349","Elev":739,"ANb":5,"AML":850,"ES":1.02939585743,"ESb":0,"ESbP":0,"EPI":0,"EtW":16,"EtF":0,"EtFA":0,"CS":0,"CA":0,"CP":4,"CIP":6,"CC":0,"_layer":"GlobalKites - Sample 610"}},{"type":"Feature","geometry":{"type":"Point","coordinates":[37.555058943415645,29.72774372819066]},"properties":{"ID":"AB363","Elev":1011,"ANb":2,"AML":190,"ES":3.48661839504,"ESb":0,"ESbP":0,"EPI":1,"EtW":22,"EtF":0,"EtFA":0,"CS":0,"CA":1,"CP":3,"CIP":2,"CC":0,"_layer":"GlobalKites - Sample 610"}},{"type":"Feature","geometry":{"type":"Point","coordinates":[39.17036018537442,25.752471630061848]},"properties":{"ID":"AB365","Elev":700,"ANb":3,"AML":312,"ES":0.742851018906,"ESb":1,"ESbP":0,"EPI":2,"EtW":19,"EtF":1,"EtFA":0,"CS":0,"CA":0,"CP":10,"CIP":0,"CC":8,"_layer":"GlobalKites - Sample 610"}},{"type":"Feature","geometry":{"type":"Point","coordinates":[39.17036464511244,25.727950375209787]},"properties":{"ID":"AB367","Elev":740,"ANb":2,"AML":381,"ES":1.08782994747,"ESb":0,"ESbP":0,"EPI":2,"EtW":25,"EtF":1,"EtFA":0,"CS":0,"CA":0,"CP":20,"CIP":1,"CC":18,"_layer":"GlobalKites - Sample 610"}},{"type":"Feature","geometry":{"type":"Point","coordinates":[39.186477260417405,25.718711325967092]},"properties":{"ID":"AB370","Elev":721,"ANb":2,"AML":741,"ES":0.255261987448,"ESb":0,"ESbP":0,"EPI":2,"EtW":17,"EtF":1,"EtFA":0,"CS":0,"CA":0,"CP":5,"CIP":1,"CC":2,"_layer":"GlobalKites - Sample 610"}},{"type":"Feature","geometry":{"type":"Point","coordinates":[39.17715390962542,25.722763726864684]},"properties":{"ID":"AB371","Elev":739,"ANb":2,"AML":468,"ES":0.734821975231,"ESb":0,"ESbP":0,"EPI":2,"EtW":24,"EtF":1,"EtFA":0,"CS":0,"CA":0,"CP":12,"CIP":0,"CC":7,"_layer":"GlobalKites - Sample 610"}},{"type":"Feature","geometry":{"type":"Point","coordinates":[39.23282771972367,25.754431647602644]},"properties":{"ID":"AB377","Elev":714,"ANb":3,"AML":368,"ES":0.356299012899,"ESb":0,"ESbP":0,"EPI":2,"EtW":17,"EtF":1,"EtFA":0,"CS":0,"CA":0,"CP":7,"CIP":0,"CC":4,"_layer":"GlobalKites - Sample 610"}},{"type":"Feature","geometry":{"type":"Point","coordinates":[39.35587710074776,25.46163718460855]},"properties":{"ID":"AB392","Elev":794,"ANb":2,"AML":91,"ES":0.247427001595,"ESb":0,"ESbP":0,"EPI":2,"EtW":9,"EtF":1,"EtFA":0,"CS":0,"CA":0,"CP":6,"CIP":0,"CC":0,"_layer":"GlobalKites - Sample 610"}},{"type":"Feature","geometry":{"type":"Point","coordinates":[39.378414470051894,25.50866959262777]},"properties":{"ID":"AB399","Elev":791,"ANb":2,"AML":450,"ES":1.02202999592,"ESb":0,"ESbP":0,"EPI":2,"EtW":20,"EtF":1,"EtFA":0,"CS":1,"CA":0,"CP":15,"CIP":4,"CC":11,"_layer":"GlobalKites - Sample 610"}},{"type":"Feature","geometry":{"type":"Point","coordinates":[39.369735194823534,25.62256299838384]},"properties":{"ID":"AB404","Elev":768,"ANb":2,"AML":452,"ES":1.56976997852,"ESb":0,"ESbP":0,"EPI":2,"EtW":61,"EtF":1,"EtFA":0,"CS":0,"CA":0,"CP":15,"CIP":1,"CC":14,"_layer":"GlobalKites - Sample 610"}},{"type":"Feature","geometry":{"type":"Point","coordinates":[39.30146099972552,25.76902999973487]},"properties":{"ID":"AB41","Elev":748,"ANb":2,"AML":208,"ES":2.511,"ESb":0,"ESbP":0,"EPI":2,"EtW":30,"EtF":6,"EtFA":0,"CS":0,"CA":0,"CP":25,"CIP":0,"CC":6,"_layer":"GlobalKites - Sample 610"}},{"type":"Feature","geometry":{"type":"Point","coordinates":[39.30416700490355,25.83277384293865]},"properties":{"ID":"AB410","Elev":749,"ANb":2,"AML":552,"ES":0.503895998001,"ESb":0,"ESbP":0,"EPI":2,"EtW":26,"EtF":1,"EtFA":0,"CS":0,"CA":0,"CP":3,"CIP":1,"CC":0,"_layer":"GlobalKites - Sample 610"}},{"type":"Feature","geometry":{"type":"Point","coordinates":[39.32933867194231,25.84774214108711]},"properties":{"ID":"AB412","Elev":757,"ANb":2,"AML":147,"ES":0.904767990112,"ESb":0,"ESbP":0,"EPI":2,"EtW":38,"EtF":1,"EtFA":0,"CS":0,"CA":0,"CP":2,"CIP":2,"CC":0,"_layer":"GlobalKites - Sample 610"}},{"type":"Feature","geometry":{"type":"Point","coordinates":[37.57179017987306,31.309094417173753]},"properties":{"ID":"AB413","Elev":580,"ANb":3,"AML":636,"ES":0.88990481391,"ESb":1,"ESbP":1,"EPI":0,"EtW":29,"EtF":0,"EtFA":0,"CS":0,"CA":2,"CP":1,"CIP":2,"CC":0,"_layer":"GlobalKites - Sample 610"}},{"type":"Feature","geometry":{"type":"Point","coordinates":[37.877243092594824,31.66678033204687]},"properties":{"ID":"AB419","Elev":979,"ANb":2,"AML":511,"ES":0.665279984474,"ESb":0,"ESbP":0,"EPI":0,"EtW":37,"EtF":0,"EtFA":0,"CS":0,"CA":0,"CP":4,"CIP":8,"CC":0,"_layer":"GlobalKites - Sample 610"}},{"type":"Feature","geometry":{"type":"Point","coordinates":[38.96450800044403,30.979000000349913]},"properties":{"ID":"AB431","Elev":842,"ANb":2,"AML":1118,"ES":0.534616078496,"ESb":0,"ESbP":0,"EPI":0,"EtW":19,"EtF":0,"EtFA":0,"CS":0,"CA":2,"CP":5,"CIP":2,"CC":0,"_layer":"GlobalKites - Sample 610"}},{"type":"Feature","geometry":{"type":"Point","coordinates":[37.62351164314799,31.465025129206538]},"properties":{"ID":"AB433","Elev":665,"ANb":4,"AML":2311,"ES":0.745044530888,"ESb":0,"ESbP":0,"EPI":2,"EtW":20,"EtF":0,"EtFA":0,"CS":0,"CA":1,"CP":4,"CIP":4,"CC":0,"_layer":"GlobalKites - Sample 610"}},{"type":"Feature","geometry":{"type":"Point","coordinates":[37.529341833059334,31.555974098326146]},"properties":{"ID":"AB438","Elev":681,"ANb":4,"AML":1553,"ES":0.945385193987,"ESb":0,"ESbP":0,"EPI":2,"EtW":10,"EtF":1,"EtFA":0,"CS":0,"CA":0,"CP":7,"CIP":3,"CC":4,"_layer":"GlobalKites - Sample 610"}},{"type":"Feature","geometry":{"type":"Point","coordinates":[37.80688180395225,31.68517850508408]},"properties":{"ID":"AB441","Elev":919,"ANb":3,"AML":2728,"ES":1.05721123599,"ESb":0,"ESbP":0,"EPI":0,"EtW":22,"EtF":0,"EtFA":0,"CS":0,"CA":0,"CP":4,"CIP":5,"CC":0,"_layer":"GlobalKites - Sample 610"}},{"type":"Feature","geometry":{"type":"Point","coordinates":[40.386453370227,26.05136220060524]},"properties":{"ID":"AB455","Elev":1105,"ANb":2,"AML":80,"ES":0.405607998371,"ESb":0,"ESbP":0,"EPI":2,"EtW":23,"EtF":1,"EtFA":0,"CS":0,"CA":0,"CP":4,"CIP":0,"CC":2,"_layer":"GlobalKites - Sample 610"}},{"type":"Feature","geometry":{"type":"Point","coordinates":[39.19911794583669,25.730065637319456]},"properties":{"ID":"AB461","Elev":716,"ANb":0,"AML":0,"ES":0.583060979843,"ESb":0,"ESbP":0,"EPI":2,"EtW":14,"EtF":4,"EtFA":0,"CS":2,"CA":1,"CP":2,"CIP":0,"CC":0,"_layer":"GlobalKites - Sample 610"}},{"type":"Feature","geometry":{"type":"Point","coordinates":[39.39832057233673,25.58950558191725]},"properties":{"ID":"AB478","Elev":783,"ANb":2,"AML":306,"ES":0.263155996799,"ESb":0,"ESbP":0,"EPI":2,"EtW":21,"EtF":1,"EtFA":0,"CS":0,"CA":0,"CP":3,"CIP":0,"CC":0,"_layer":"GlobalKites - Sample 610"}},{"type":"Feature","geometry":{"type":"Point","coordinates":[39.172114016249,25.76129410973556]},"properties":{"ID":"AB526","Elev":696,"ANb":2,"AML":468,"ES":0.4066374968,"ESb":0,"ESbP":0,"EPI":2,"EtW":24,"EtF":1,"EtFA":1,"CS":0,"CA":0,"CP":7,"CIP":0,"CC":4,"_layer":"GlobalKites - Sample 610"}},{"type":"Feature","geometry":{"type":"Point","coordinates":[39.185840294893865,25.81809978227932]},"properties":{"ID":"AB531","Elev":698,"ANb":2,"AML":345,"ES":1.58973002434,"ESb":0,"ESbP":0,"EPI":2,"EtW":42,"EtF":2,"EtFA":0,"CS":0,"CA":0,"CP":15,"CIP":2,"CC":7,"_layer":"GlobalKites - Sample 610"}},{"type":"Feature","geometry":{"type":"Point","coordinates":[38.18126067563986,31.035625704163067]},"properties":{"ID":"AB543","Elev":756,"ANb":4,"AML":1680,"ES":1.07866001129,"ESb":0,"ESbP":0,"EPI":2,"EtW":12,"EtF":0,"EtFA":0,"CS":1,"CA":1,"CP":4,"CIP":3,"CC":0,"_layer":"GlobalKites - Sample 610"}},{"type":"Feature","geometry":{"type":"Point","coordinates":[39.55314607693009,29.24519220375737]},"properties":{"ID":"AB558","Elev":1005,"ANb":3,"AML":707,"ES":0.528707027435,"ESb":0,"ESbP":0,"EPI":2,"EtW":13,"EtF":0,"EtFA":0,"CS":0,"CA":0,"CP":4,"CIP":0,"CC":0,"_layer":"GlobalKites - Sample 610"}},{"type":"Feature","geometry":{"type":"Point","coordinates":[38.77583014884249,29.362220032828418]},"properties":{"ID":"AB568","Elev":768,"ANb":2,"AML":269,"ES":0.58459097147,"ESb":0,"ESbP":0,"EPI":2,"EtW":11,"EtF":0,"EtFA":0,"CS":0,"CA":0,"CP":6,"CIP":0,"CC":0,"_layer":"GlobalKites - Sample 610"}},{"type":"Feature","geometry":{"type":"Point","coordinates":[39.314735000320184,25.791555999809702]},"properties":{"ID":"AB58","Elev":758,"ANb":2,"AML":314,"ES":0.347781002522,"ESb":0,"ESbP":0,"EPI":2,"EtW":8,"EtF":1,"EtFA":0,"CS":0,"CA":0,"CP":6,"CIP":0,"CC":2,"_layer":"GlobalKites - Sample 610"}},{"type":"Feature","geometry":{"type":"Point","coordinates":[39.37530624668608,25.487901695207256]},"properties":{"ID":"AB585","Elev":788,"ANb":0,"AML":0,"ES":0.308344990015,"ESb":0,"ESbP":0,"EPI":2,"EtW":7,"EtF":1,"EtFA":0,"CS":0,"CA":0,"CP":7,"CIP":0,"CC":3,"_layer":"GlobalKites - Sample 610"}},{"type":"Feature","geometry":{"type":"Point","coordinates":[39.39396585264217,25.397745267130517]},"properties":{"ID":"AB592","Elev":824,"ANb":2,"AML":33,"ES":0.191855780363,"ESb":0,"ESbP":0,"EPI":2,"EtW":19,"EtF":1,"EtFA":0,"CS":0,"CA":0,"CP":8,"CIP":0,"CC":6,"_layer":"GlobalKites - Sample 610"}},{"type":"Feature","geometry":{"type":"Point","coordinates":[39.202702091328604,25.84308618627864]},"properties":{"ID":"AB610","Elev":696,"ANb":2,"AML":191,"ES":0.434533619446,"ESb":0,"ESbP":0,"EPI":2,"EtW":30,"EtF":1,"EtFA":0,"CS":0,"CA":0,"CP":7,"CIP":1,"CC":6,"_layer":"GlobalKites - Sample 610"}},{"type":"Feature","geometry":{"type":"Point","coordinates":[37.80404754285996,31.471819918254766]},"properties":{"ID":"AB630","Elev":782,"ANb":5,"AML":2366,"ES":0.755815006122,"ESb":0,"ESbP":0,"EPI":2,"EtW":21,"EtF":0,"EtFA":0,"CS":0,"CA":0,"CP":6,"CIP":6,"CC":0,"_layer":"GlobalKites - Sample 610"}},{"type":"Feature","geometry":{"type":"Point","coordinates":[39.21450507804707,30.630838399672598]},"properties":{"ID":"AB645","Elev":852,"ANb":4,"AML":1462,"ES":0.987767306788,"ESb":0,"ESbP":0,"EPI":1,"EtW":19,"EtF":0,"EtFA":0,"CS":1,"CA":0,"CP":5,"CIP":4,"CC":0,"_layer":"GlobalKites - Sample 610"}},{"type":"Feature","geometry":{"type":"Point","coordinates":[39.23111699965,25.83432699999122]},"properties":{"ID":"AB65","Elev":715,"ANb":4,"AML":694,"ES":2.13367009163,"ESb":2,"ESbP":0,"EPI":2,"EtW":29,"EtF":2,"EtFA":0,"CS":0,"CA":0,"CP":16,"CIP":1,"CC":14,"_layer":"GlobalKites - Sample 610"}},{"type":"Feature","geometry":{"type":"Point","coordinates":[38.03207423503807,29.65492947301692]},"properties":{"ID":"AB687","Elev":740,"ANb":4,"AML":140,"ES":0.994626614462,"ESb":0,"ESbP":0,"EPI":2,"EtW":17,"EtF":1,"EtFA":0,"CS":0,"CA":0,"CP":8,"CIP":2,"CC":0,"_layer":"GlobalKites - Sample 610"}},{"type":"Feature","geometry":{"type":"Point","coordinates":[39.200440999652585,25.793018999827154]},"properties":{"ID":"AB69","Elev":699,"ANb":2,"AML":281,"ES":13.7000004618,"ESb":2,"ESbP":0,"EPI":2,"EtW":136,"EtF":1,"EtFA":0,"CS":0,"CA":0,"CP":19,"CIP":4,"CC":7,"_layer":"GlobalKites - Sample 610"}},{"type":"Feature","geometry":{"type":"Point","coordinates":[37.74513592967958,31.159918567887757]},"properties":{"ID":"AB690","Elev":552,"ANb":3,"AML":2036,"ES":0.802580250227,"ESb":0,"ESbP":0,"EPI":2,"EtW":19,"EtF":0,"EtFA":0,"CS":0,"CA":0,"CP":3,"CIP":5,"CC":0,"_layer":"GlobalKites - Sample 610"}},{"type":"Feature","geometry":{"type":"Point","coordinates":[37.86572357668189,29.958565709340178]},"properties":{"ID":"AB755","Elev":773,"ANb":2,"AML":514,"ES":0.501019934836,"ESb":0,"ESbP":0,"EPI":0,"EtW":12,"EtF":0,"EtFA":0,"CS":0,"CA":0,"CP":1,"CIP":4,"CC":0,"_layer":"GlobalKites - Sample 610"}},{"type":"Feature","geometry":{"type":"Point","coordinates":[39.30346300031738,25.720477000013716]},"properties":{"ID":"AB77","Elev":754,"ANb":2,"AML":332,"ES":0.542393028736,"ESb":0,"ESbP":0,"EPI":2,"EtW":8,"EtF":1,"EtFA":0,"CS":0,"CA":0,"CP":14,"CIP":0,"CC":14,"_layer":"GlobalKites - Sample 610"}},{"type":"Feature","geometry":{"type":"Point","coordinates":[39.32389088925328,25.723484822166995]},"properties":{"ID":"AB8","Elev":780,"ANb":2,"AML":464,"ES":12.226099968,"ESb":0,"ESbP":0,"EPI":2,"EtW":140,"EtF":4,"EtFA":0,"CS":0,"CA":0,"CP":24,"CIP":2,"CC":4,"_layer":"GlobalKites - Sample 610"}},{"type":"Feature","geometry":{"type":"Point","coordinates":[39.32803100013069,25.636784000381454]},"properties":{"ID":"AB81","Elev":766,"ANb":2,"AML":970,"ES":3.97006988525,"ESb":2,"ESbP":2,"EPI":2,"EtW":20,"EtF":4,"EtFA":0,"CS":0,"CA":0,"CP":15,"CIP":0,"CC":6,"_layer":"GlobalKites - Sample 610"}},{"type":"Feature","geometry":{"type":"Point","coordinates":[39.35003500041512,25.67592500043861]},"properties":{"ID":"AB85","Elev":776,"ANb":2,"AML":568,"ES":0.687319993973,"ESb":0,"ESbP":0,"EPI":2,"EtW":24,"EtF":1,"EtFA":0,"CS":0,"CA":0,"CP":6,"CIP":0,"CC":2,"_layer":"GlobalKites - Sample 610"}},{"type":"Feature","geometry":{"type":"Point","coordinates":[39.3215699998558,25.745113000264894]},"properties":{"ID":"AB9","Elev":744,"ANb":3,"AML":739,"ES":2.25261998177,"ESb":0,"ESbP":0,"EPI":2,"EtW":56,"EtF":3,"EtFA":0,"CS":0,"CA":0,"CP":26,"CIP":2,"CC":7,"_layer":"GlobalKites - Sample 610"}},{"type":"Feature","geometry":{"type":"Point","coordinates":[39.36844300034437,25.84027700008363]},"properties":{"ID":"AB99","Elev":775,"ANb":2,"AML":538,"ES":0.360489994287,"ESb":0,"ESbP":0,"EPI":2,"EtW":17,"EtF":1,"EtFA":1,"CS":0,"CA":0,"CP":3,"CIP":0,"CC":0,"_layer":"GlobalKites - Sample 610"}},{"type":"Feature","geometry":{"type":"Point","coordinates":[43.78312104969683,40.23142095501322]},"properties":{"ID":"AM10","Elev":1162,"ANb":2,"AML":510,"ES":2.09518003464,"ESb":1,"ESbP":1,"EPI":2,"EtW":18,"EtF":0,"EtFA":0,"CS":1,"CA":1,"CP":4,"CIP":3,"CC":0,"_layer":"GlobalKites - Sample 610"}},{"type":"Feature","geometry":{"type":"Point","coordinates":[43.92165499997844,40.24999999970038]},"properties":{"ID":"AM104","Elev":1015,"ANb":2,"AML":562,"ES":4.35242986679,"ESb":0,"ESbP":0,"EPI":1,"EtW":101,"EtF":0,"EtFA":0,"CS":0,"CA":0,"CP":3,"CIP":0,"CC":0,"_layer":"GlobalKites - Sample 610"}},{"type":"Feature","geometry":{"type":"Point","coordinates":[43.63743499982553,40.3789999995505]},"properties":{"ID":"AM107","Elev":1388,"ANb":0,"AML":0,"ES":2.25130009651,"ESb":0,"ESbP":0,"EPI":2,"EtW":70,"EtF":1,"EtFA":0,"CS":0,"CA":0,"CP":3,"CIP":0,"CC":0,"_layer":"GlobalKites - Sample 610"}},{"type":"Feature","geometry":{"type":"Point","coordinates":[43.651716329245346,40.43047978081739]},"properties":{"ID":"AM111","Elev":1406,"ANb":0,"AML":0,"ES":1.11435997486,"ESb":0,"ESbP":0,"EPI":2,"EtW":27,"EtF":1,"EtFA":0,"CS":0,"CA":0,"CP":2,"CIP":0,"CC":0,"_layer":"GlobalKites - Sample 610"}},{"type":"Feature","geometry":{"type":"Point","coordinates":[44.197132686024815,40.19833059188346]},"properties":{"ID":"AM12","Elev":926,"ANb":2,"AML":424,"ES":1.610049963,"ESb":0,"ESbP":0,"EPI":2,"EtW":30,"EtF":1,"EtFA":0,"CS":0,"CA":0,"CP":4,"CIP":0,"CC":0,"_layer":"GlobalKites - Sample 610"}},{"type":"Feature","geometry":{"type":"Point","coordinates":[43.793653151371984,40.2355376988059]},"properties":{"ID":"AM15","Elev":1131,"ANb":2,"AML":470,"ES":1.5510699749,"ESb":1,"ESbP":1,"EPI":2,"EtW":20,"EtF":1,"EtFA":0,"CS":1,"CA":0,"CP":2,"CIP":1,"CC":0,"_layer":"GlobalKites - Sample 610"}},{"type":"Feature","geometry":{"type":"Point","coordinates":[43.744553124627146,40.43229363784127]},"properties":{"ID":"AM156","Elev":1558,"ANb":1,"AML":50,"ES":1.97628998756,"ESb":0,"ESbP":0,"EPI":2,"EtW":17,"EtF":1,"EtFA":0,"CS":1,"CA":0,"CP":2,"CIP":0,"CC":0,"_layer":"GlobalKites - Sample 610"}},{"type":"Feature","geometry":{"type":"Point","coordinates":[43.93901754612301,40.2531880756693]},"properties":{"ID":"AM161","Elev":1059,"ANb":2,"AML":502,"ES":1.62115001678,"ESb":0,"ESbP":0,"EPI":2,"EtW":37,"EtF":1,"EtFA":0,"CS":0,"CA":0,"CP":2,"CIP":0,"CC":0,"_layer":"GlobalKites - Sample 610"}},{"type":"Feature","geometry":{"type":"Point","coordinates":[43.84901779613455,40.13020834623836]},"properties":{"ID":"AM171","Elev":1024,"ANb":2,"AML":419,"ES":1.91949999332,"ESb":0,"ESbP":0,"EPI":2,"EtW":51,"EtF":1,"EtFA":0,"CS":0,"CA":1,"CP":2,"CIP":0,"CC":0,"_layer":"GlobalKites - Sample 610"}},{"type":"Feature","geometry":{"type":"Point","coordinates":[43.971671709282134,40.246573786850945]},"properties":{"ID":"AM173","Elev":1070,"ANb":3,"AML":564,"ES":4.4013800621,"ESb":0,"ESbP":0,"EPI":2,"EtW":34,"EtF":2,"EtFA":0,"CS":0,"CA":0,"CP":9,"CIP":0,"CC":0,"_layer":"GlobalKites - Sample 610"}},{"type":"Feature","geometry":{"type":"Point","coordinates":[43.77333610837485,40.15623280799787]},"properties":{"ID":"AM23","Elev":1119,"ANb":3,"AML":477,"ES":2.22732996941,"ESb":1,"ESbP":0,"EPI":2,"EtW":28,"EtF":1,"EtFA":0,"CS":0,"CA":0,"CP":2,"CIP":0,"CC":0,"_layer":"GlobalKites - Sample 610"}},{"type":"Feature","geometry":{"type":"Point","coordinates":[43.78663490058034,40.14268635509137]},"properties":{"ID":"AM28","Elev":1099,"ANb":2,"AML":112,"ES":1.56498003006,"ESb":0,"ESbP":0,"EPI":2,"EtW":25,"EtF":0,"EtFA":0,"CS":0,"CA":0,"CP":4,"CIP":0,"CC":0,"_layer":"GlobalKites - Sample 610"}},{"type":"Feature","geometry":{"type":"Point","coordinates":[43.8129324810493,40.28460228776555]},"properties":{"ID":"AM36","Elev":1134,"ANb":2,"AML":803,"ES":2.22756004333,"ESb":0,"ESbP":0,"EPI":2,"EtW":21,"EtF":1,"EtFA":0,"CS":0,"CA":1,"CP":1,"CIP":0,"CC":0,"_layer":"GlobalKites - Sample 610"}},{"type":"Feature","geometry":{"type":"Point","coordinates":[43.6914736445932,40.34341365441679]},"properties":{"ID":"AM4","Elev":1382,"ANb":5,"AML":522,"ES":1.40172994137,"ESb":0,"ESbP":0,"EPI":2,"EtW":12,"EtF":1,"EtFA":0,"CS":1,"CA":0,"CP":5,"CIP":0,"CC":0,"_layer":"GlobalKites - Sample 610"}},{"type":"Feature","geometry":{"type":"Point","coordinates":[43.66087777688807,40.38690458527856]},"properties":{"ID":"AM49","Elev":1430,"ANb":1,"AML":112,"ES":1.18125998974,"ESb":1,"ESbP":1,"EPI":2,"EtW":31,"EtF":0,"EtFA":0,"CS":1,"CA":0,"CP":2,"CIP":0,"CC":0,"_layer":"GlobalKites - Sample 610"}},{"type":"Feature","geometry":{"type":"Point","coordinates":[43.645652044206656,40.41180765719781]},"properties":{"ID":"AM50","Elev":1392,"ANb":0,"AML":0,"ES":2.07411003113,"ESb":0,"ESbP":0,"EPI":2,"EtW":34,"EtF":1,"EtFA":0,"CS":0,"CA":0,"CP":4,"CIP":1,"CC":0,"_layer":"GlobalKites - Sample 610"}},{"type":"Feature","geometry":{"type":"Point","coordinates":[43.98532452140972,40.19364620590784]},"properties":{"ID":"AM54","Elev":895,"ANb":2,"AML":1074,"ES":4.10580015182,"ESb":1,"ESbP":2,"EPI":2,"EtW":37,"EtF":1,"EtFA":0,"CS":1,"CA":0,"CP":2,"CIP":0,"CC":0,"_layer":"GlobalKites - Sample 610"}},{"type":"Feature","geometry":{"type":"Point","coordinates":[43.83832792999016,40.114356159309466]},"properties":{"ID":"AM81","Elev":1025,"ANb":2,"AML":564,"ES":3.00392007828,"ESb":1,"ESbP":0,"EPI":2,"EtW":34,"EtF":1,"EtFA":1,"CS":1,"CA":0,"CP":5,"CIP":0,"CC":0,"_layer":"GlobalKites - Sample 610"}},{"type":"Feature","geometry":{"type":"Point","coordinates":[43.88404200023831,40.17000000039985]},"properties":{"ID":"AM83","Elev":995,"ANb":2,"AML":280,"ES":2.91365003586,"ESb":0,"ESbP":0,"EPI":2,"EtW":43,"EtF":1,"EtFA":0,"CS":0,"CA":0,"CP":2,"CIP":0,"CC":0,"_layer":"GlobalKites - Sample 610"}},{"type":"Feature","geometry":{"type":"Point","coordinates":[43.89989700024654,40.21600000020004]},"properties":{"ID":"AM93","Elev":964,"ANb":2,"AML":394,"ES":1.54962003231,"ESb":0,"ESbP":0,"EPI":2,"EtW":25,"EtF":1,"EtFA":2,"CS":1,"CA":0,"CP":2,"CIP":1,"CC":0,"_layer":"GlobalKites - Sample 610"}},{"type":"Feature","geometry":{"type":"Point","coordinates":[43.76918818238886,40.22439053369635]},"properties":{"ID":"AM95","Elev":1130,"ANb":2,"AML":434,"ES":1.83545005322,"ESb":0,"ESbP":0,"EPI":2,"EtW":15,"EtF":0,"EtFA":0,"CS":1,"CA":2,"CP":0,"CIP":1,"CC":0,"_layer":"GlobalKites - Sample 610"}},{"type":"Feature","geometry":{"type":"Point","coordinates":[42.32016947514131,36.47943975783875]},"properties":{"ID":"IK15","Elev":537,"ANb":2,"AML":100,"ES":1.72643005848,"ESb":0,"ESbP":0,"EPI":2,"EtW":22,"EtF":1,"EtFA":1,"CS":2,"CA":1,"CP":2,"CIP":0,"CC":0,"_layer":"GlobalKites - Sample 610"}},{"type":"Feature","geometry":{"type":"Point","coordinates":[43.61186370914305,35.81525032154525]},"properties":{"ID":"IK23","Elev":393,"ANb":2,"AML":246,"ES":1.35685196649,"ESb":0,"ESbP":0,"EPI":0,"EtW":20,"EtF":0,"EtFA":0,"CS":5,"CA":1,"CP":0,"CIP":3,"CC":0,"_layer":"GlobalKites - Sample 610"}},{"type":"Feature","geometry":{"type":"Point","coordinates":[42.51889582608169,36.349156918257336]},"properties":{"ID":"IK27","Elev":446,"ANb":2,"AML":427,"ES":2.92639578143,"ESb":0,"ESbP":0,"EPI":2,"EtW":29,"EtF":0,"EtFA":0,"CS":6,"CA":3,"CP":1,"CIP":2,"CC":0,"_layer":"GlobalKites - Sample 610"}},{"type":"Feature","geometry":{"type":"Point","coordinates":[41.31171299995515,36.36534800031012]},"properties":{"ID":"IK3","Elev":530,"ANb":2,"AML":362,"ES":1.00336003304,"ESb":1,"ESbP":1,"EPI":1,"EtW":42,"EtF":0,"EtFA":0,"CS":1,"CA":0,"CP":3,"CIP":7,"CC":0,"_layer":"GlobalKites - Sample 610"}},{"type":"Feature","geometry":{"type":"Point","coordinates":[42.76064359162859,36.19911750576847]},"properties":{"ID":"IK39","Elev":393,"ANb":2,"AML":261,"ES":1.31928387424,"ESb":1,"ESbP":1,"EPI":0,"EtW":32,"EtF":0,"EtFA":0,"CS":5,"CA":4,"CP":0,"CIP":2,"CC":0,"_layer":"GlobalKites - Sample 610"}},{"type":"Feature","geometry":{"type":"Point","coordinates":[37.9282116299629,32.202418701961676]},"properties":{"ID":"JD1000","Elev":724,"ANb":2,"AML":112,"ES":0.986864984035,"ESb":0,"ESbP":0,"EPI":0,"EtW":45,"EtF":0,"EtFA":0,"CS":0,"CA":1,"CP":6,"CIP":2,"CC":0,"_layer":"GlobalKites - Sample 610"}},{"type":"Feature","geometry":{"type":"Point","coordinates":[36.978414236527954,30.214154192262356]},"properties":{"ID":"JD1091","Elev":973,"ANb":4,"AML":2895,"ES":0.915948513518,"ESb":0,"ESbP":0,"EPI":2,"EtW":17,"EtF":0,"EtFA":0,"CS":0,"CA":0,"CP":5,"CIP":5,"CC":0,"_layer":"GlobalKites - Sample 610"}},{"type":"Feature","geometry":{"type":"Point","coordinates":[37.04168799960166,32.215601999632725]},"properties":{"ID":"JD11","Elev":824,"ANb":2,"AML":414,"ES":0.47498100996,"ESb":0,"ESbP":0,"EPI":2,"EtW":14,"EtF":1,"EtFA":0,"CS":0,"CA":1,"CP":2,"CIP":1,"CC":0,"_layer":"GlobalKites - Sample 610"}},{"type":"Feature","geometry":{"type":"Point","coordinates":[37.59251758891577,32.733761354902754]},"properties":{"ID":"JD1114","Elev":710,"ANb":4,"AML":2273,"ES":1.00383767314,"ESb":0,"ESbP":0,"EPI":0,"EtW":36,"EtF":0,"EtFA":0,"CS":0,"CA":0,"CP":0,"CIP":13,"CC":0,"_layer":"GlobalKites - Sample 610"}},{"type":"Feature","geometry":{"type":"Point","coordinates":[36.83705400034199,31.892621999905543]},"properties":{"ID":"JD113","Elev":522,"ANb":4,"AML":178,"ES":0.2606959939,"ESb":0,"ESbP":0,"EPI":1,"EtW":6,"EtF":0,"EtFA":0,"CS":0,"CA":0,"CP":1,"CIP":1,"CC":0,"_layer":"GlobalKites - Sample 610"}},{"type":"Feature","geometry":{"type":"Point","coordinates":[36.797241999918526,31.87650100022114]},"properties":{"ID":"JD116","Elev":527,"ANb":3,"AML":606,"ES":0.635101020336,"ESb":1,"ESbP":0,"EPI":2,"EtW":6,"EtF":0,"EtFA":0,"CS":1,"CA":0,"CP":6,"CIP":8,"CC":0,"_layer":"GlobalKites - Sample 610"}},{"type":"Feature","geometry":{"type":"Point","coordinates":[37.99181099977801,32.36858400015166]},"properties":{"ID":"JD124","Elev":693,"ANb":3,"AML":2500,"ES":1.98199999332,"ESb":3,"ESbP":3,"EPI":2,"EtW":21,"EtF":0,"EtFA":0,"CS":2,"CA":1,"CP":5,"CIP":6,"CC":4,"_layer":"GlobalKites - Sample 610"}},{"type":"Feature","geometry":{"type":"Point","coordinates":[37.95060271374439,32.27617890723093]},"properties":{"ID":"JD127b","Elev":698,"ANb":8,"AML":1180,"ES":1.78585994244,"ESb":4,"ESbP":2,"EPI":2,"EtW":17,"EtF":0,"EtFA":0,"CS":1,"CA":0,"CP":6,"CIP":10,"CC":2,"_layer":"GlobalKites - Sample 610"}},{"type":"Feature","geometry":{"type":"Point","coordinates":[37.950284549792286,32.274608260163234]},"properties":{"ID":"JD128b","Elev":698,"ANb":2,"AML":259,"ES":1.21584999561,"ESb":1,"ESbP":1,"EPI":1,"EtW":18,"EtF":0,"EtFA":0,"CS":0,"CA":0,"CP":5,"CIP":5,"CC":0,"_layer":"GlobalKites - Sample 610"}},{"type":"Feature","geometry":{"type":"Point","coordinates":[37.84469548111173,32.140176608763625]},"properties":{"ID":"JD136","Elev":781,"ANb":6,"AML":2404,"ES":1.48465001583,"ESb":0,"ESbP":0,"EPI":2,"EtW":13,"EtF":0,"EtFA":0,"CS":8,"CA":0,"CP":4,"CIP":4,"CC":2,"_layer":"GlobalKites - Sample 610"}},{"type":"Feature","geometry":{"type":"Point","coordinates":[37.83361908275464,32.132328805330246]},"properties":{"ID":"JD137","Elev":772,"ANb":6,"AML":2247,"ES":2.16978001595,"ESb":0,"ESbP":0,"EPI":2,"EtW":17,"EtF":0,"EtFA":0,"CS":21,"CA":0,"CP":5,"CIP":1,"CC":18,"_layer":"GlobalKites - Sample 610"}},{"type":"Feature","geometry":{"type":"Point","coordinates":[37.83318384415924,32.06410284896748]},"properties":{"ID":"JD142","Elev":766,"ANb":2,"AML":1151,"ES":1.69287002087,"ESb":0,"ESbP":0,"EPI":2,"EtW":18,"EtF":0,"EtFA":0,"CS":3,"CA":0,"CP":3,"CIP":8,"CC":0,"_layer":"GlobalKites - Sample 610"}},{"type":"Feature","geometry":{"type":"Point","coordinates":[37.02999800010781,32.231148999826644]},"properties":{"ID":"JD15","Elev":858,"ANb":3,"AML":734,"ES":0.209536999464,"ESb":0,"ESbP":0,"EPI":2,"EtW":7,"EtF":0,"EtFA":0,"CS":0,"CA":0,"CP":7,"CIP":0,"CC":0,"_layer":"GlobalKites - Sample 610"}},{"type":"Feature","geometry":{"type":"Point","coordinates":[37.897886000438746,31.79699100013471]},"properties":{"ID":"JD156","Elev":791,"ANb":3,"AML":1796,"ES":1.66129994392,"ESb":0,"ESbP":0,"EPI":1,"EtW":24,"EtF":0,"EtFA":0,"CS":5,"CA":0,"CP":3,"CIP":7,"CC":2,"_layer":"GlobalKites - Sample 610"}},{"type":"Feature","geometry":{"type":"Point","coordinates":[37.8499589999081,31.93827499989152]},"properties":{"ID":"JD158","Elev":686,"ANb":3,"AML":1094,"ES":1.739504379,"ESb":0,"ESbP":0,"EPI":2,"EtW":16,"EtF":0,"EtFA":0,"CS":0,"CA":1,"CP":3,"CIP":7,"CC":0,"_layer":"GlobalKites - Sample 610"}},{"type":"Feature","geometry":{"type":"Point","coordinates":[38.01863500020528,31.780109999577007]},"properties":{"ID":"JD159","Elev":706,"ANb":4,"AML":1964,"ES":0.667576931714,"ESb":0,"ESbP":0,"EPI":2,"EtW":22,"EtF":0,"EtFA":0,"CS":2,"CA":0,"CP":3,"CIP":8,"CC":2,"_layer":"GlobalKites - Sample 610"}},{"type":"Feature","geometry":{"type":"Point","coordinates":[38.0238570000007,31.847812000123895]},"properties":{"ID":"JD161","Elev":687,"ANb":5,"AML":705,"ES":1.15055000782,"ESb":4,"ESbP":4,"EPI":1,"EtW":12,"EtF":0,"EtFA":0,"CS":1,"CA":0,"CP":4,"CIP":10,"CC":0,"_layer":"GlobalKites - Sample 610"}},{"type":"Feature","geometry":{"type":"Point","coordinates":[38.02170299959391,31.84183799982401]},"properties":{"ID":"JD162","Elev":671,"ANb":3,"AML":1562,"ES":1.75697994232,"ESb":0,"ESbP":0,"EPI":2,"EtW":18,"EtF":0,"EtFA":0,"CS":0,"CA":1,"CP":7,"CIP":11,"CC":0,"_layer":"GlobalKites - Sample 610"}},{"type":"Feature","geometry":{"type":"Point","coordinates":[37.02558399980194,32.24290399962007]},"properties":{"ID":"JD17","Elev":876,"ANb":3,"AML":478,"ES":0.39996701479,"ESb":0,"ESbP":0,"EPI":0,"EtW":10,"EtF":0,"EtFA":0,"CS":0,"CA":0,"CP":3,"CIP":0,"CC":0,"_layer":"GlobalKites - Sample 610"}},{"type":"Feature","geometry":{"type":"Point","coordinates":[37.990064000153666,32.06563399960953]},"properties":{"ID":"JD174","Elev":716,"ANb":5,"AML":2184,"ES":2.00658011436,"ESb":0,"ESbP":0,"EPI":2,"EtW":24,"EtF":0,"EtFA":0,"CS":1,"CA":0,"CP":4,"CIP":9,"CC":2,"_layer":"GlobalKites - Sample 610"}},{"type":"Feature","geometry":{"type":"Point","coordinates":[38.052640999982316,32.121034000319014]},"properties":{"ID":"JD176","Elev":705,"ANb":3,"AML":2700,"ES":1.29797005653,"ESb":0,"ESbP":0,"EPI":2,"EtW":15,"EtF":0,"EtFA":0,"CS":0,"CA":2,"CP":4,"CIP":0,"CC":0,"_layer":"GlobalKites - Sample 610"}},{"type":"Feature","geometry":{"type":"Point","coordinates":[38.042851971241646,32.137010261314686]},"properties":{"ID":"JD177","Elev":708,"ANb":3,"AML":2612,"ES":1.44053995609,"ESb":0,"ESbP":0,"EPI":1,"EtW":24,"EtF":0,"EtFA":0,"CS":0,"CA":2,"CP":2,"CIP":4,"CC":0,"_layer":"GlobalKites - Sample 610"}},{"type":"Feature","geometry":{"type":"Point","coordinates":[38.00677400002024,32.0011940002031]},"properties":{"ID":"JD180","Elev":725,"ANb":3,"AML":1010,"ES":3.19831991196,"ESb":0,"ESbP":0,"EPI":2,"EtW":23,"EtF":0,"EtFA":0,"CS":1,"CA":0,"CP":8,"CIP":1,"CC":0,"_layer":"GlobalKites - Sample 610"}},{"type":"Feature","geometry":{"type":"Point","coordinates":[37.9788320001968,32.50440499979106]},"properties":{"ID":"JD181","Elev":699,"ANb":3,"AML":1788,"ES":0.48729801178,"ESb":0,"ESbP":0,"EPI":1,"EtW":9,"EtF":0,"EtFA":0,"CS":0,"CA":1,"CP":3,"CIP":3,"CC":0,"_layer":"GlobalKites - Sample 610"}},{"type":"Feature","geometry":{"type":"Point","coordinates":[37.59301500034218,32.1523609997605]},"properties":{"ID":"JD185","Elev":876,"ANb":5,"AML":2713,"ES":1.50777995586,"ESb":0,"ESbP":0,"EPI":2,"EtW":13,"EtF":0,"EtFA":0,"CS":4,"CA":0,"CP":3,"CIP":1,"CC":2,"_layer":"GlobalKites - Sample 610"}},{"type":"Feature","geometry":{"type":"Point","coordinates":[37.218267000122125,32.15010800018422]},"properties":{"ID":"JD195","Elev":661,"ANb":3,"AML":617,"ES":0.798408985138,"ESb":0,"ESbP":0,"EPI":2,"EtW":15,"EtF":0,"EtFA":0,"CS":2,"CA":1,"CP":2,"CIP":0,"CC":0,"_layer":"GlobalKites - Sample 610"}},{"type":"Feature","geometry":{"type":"Point","coordinates":[37.00377200027776,32.26526700027199]},"properties":{"ID":"JD20","Elev":942,"ANb":3,"AML":710,"ES":0.530067980289,"ESb":0,"ESbP":0,"EPI":0,"EtW":10,"EtF":0,"EtFA":0,"CS":0,"CA":4,"CP":0,"CIP":0,"CC":0,"_layer":"GlobalKites - Sample 610"}},{"type":"Feature","geometry":{"type":"Point","coordinates":[37.17668700000519,32.10622099979946]},"properties":{"ID":"JD208","Elev":646,"ANb":3,"AML":878,"ES":1.11032998562,"ESb":0,"ESbP":0,"EPI":2,"EtW":12,"EtF":0,"EtFA":0,"CS":0,"CA":0,"CP":3,"CIP":1,"CC":0,"_layer":"GlobalKites - Sample 610"}},{"type":"Feature","geometry":{"type":"Point","coordinates":[37.114988000196206,32.08988400004671]},"properties":{"ID":"JD213","Elev":638,"ANb":8,"AML":1046,"ES":1.83799004555,"ESb":0,"ESbP":0,"EPI":2,"EtW":14,"EtF":0,"EtFA":0,"CS":0,"CA":2,"CP":10,"CIP":0,"CC":0,"_layer":"GlobalKites - Sample 610"}},{"type":"Feature","geometry":{"type":"Point","coordinates":[37.16960463744425,32.062530193713656]},"properties":{"ID":"JD219","Elev":633,"ANb":6,"AML":774,"ES":3.94288992882,"ESb":1,"ESbP":1,"EPI":2,"EtW":15,"EtF":1,"EtFA":0,"CS":0,"CA":1,"CP":3,"CIP":6,"CC":0,"_layer":"GlobalKites - Sample 610"}},{"type":"Feature","geometry":{"type":"Point","coordinates":[37.21888099875923,32.188180000406874]},"properties":{"ID":"JD221","Elev":668,"ANb":4,"AML":785,"ES":0.63162702322,"ESb":0,"ESbP":0,"EPI":1,"EtW":10,"EtF":0,"EtFA":0,"CS":4,"CA":1,"CP":2,"CIP":3,"CC":5,"_layer":"GlobalKites - Sample 610"}},{"type":"Feature","geometry":{"type":"Point","coordinates":[37.375475000371125,32.16033200042165]},"properties":{"ID":"JD229","Elev":697,"ANb":6,"AML":362,"ES":1.91066002846,"ESb":3,"ESbP":0,"EPI":2,"EtW":18,"EtF":0,"EtFA":0,"CS":0,"CA":2,"CP":10,"CIP":0,"CC":6,"_layer":"GlobalKites - Sample 610"}},{"type":"Feature","geometry":{"type":"Point","coordinates":[37.36634500022177,32.228003000438264]},"properties":{"ID":"JD231","Elev":748,"ANb":6,"AML":576,"ES":1.59512996674,"ESb":4,"ESbP":3,"EPI":2,"EtW":18,"EtF":0,"EtFA":0,"CS":2,"CA":3,"CP":8,"CIP":1,"CC":2,"_layer":"GlobalKites - Sample 610"}},{"type":"Feature","geometry":{"type":"Point","coordinates":[37.56202800039205,32.379012999950135]},"properties":{"ID":"JD239","Elev":927,"ANb":3,"AML":1340,"ES":1.0087300539,"ESb":0,"ESbP":0,"EPI":2,"EtW":12,"EtF":0,"EtFA":0,"CS":0,"CA":2,"CP":2,"CIP":0,"CC":0,"_layer":"GlobalKites - Sample 610"}},{"type":"Feature","geometry":{"type":"Point","coordinates":[37.57113000014954,32.424357000075645]},"properties":{"ID":"JD244","Elev":960,"ANb":3,"AML":2249,"ES":0.664637982845,"ESb":1,"ESbP":1,"EPI":2,"EtW":21,"EtF":0,"EtFA":0,"CS":2,"CA":1,"CP":4,"CIP":5,"CC":0,"_layer":"GlobalKites - Sample 610"}},{"type":"Feature","geometry":{"type":"Point","coordinates":[37.584552000374686,32.48322699982634]},"properties":{"ID":"JD248","Elev":899,"ANb":5,"AML":3366,"ES":2.21218798693,"ESb":0,"ESbP":0,"EPI":2,"EtW":22,"EtF":0,"EtFA":0,"CS":0,"CA":0,"CP":8,"CIP":1,"CC":4,"_layer":"GlobalKites - Sample 610"}},{"type":"Feature","geometry":{"type":"Point","coordinates":[37.42688399959707,32.298453000006134]},"properties":{"ID":"JD255","Elev":812,"ANb":4,"AML":1897,"ES":1.64656297354,"ESb":0,"ESbP":0,"EPI":2,"EtW":13,"EtF":0,"EtFA":0,"CS":0,"CA":0,"CP":5,"CIP":3,"CC":2,"_layer":"GlobalKites - Sample 610"}},{"type":"Feature","geometry":{"type":"Point","coordinates":[37.369144999842035,32.264304999975934]},"properties":{"ID":"JD258","Elev":769,"ANb":3,"AML":668,"ES":1.09804999828,"ESb":0,"ESbP":0,"EPI":2,"EtW":16,"EtF":0,"EtFA":0,"CS":0,"CA":2,"CP":3,"CIP":0,"CC":2,"_layer":"GlobalKites - Sample 610"}},{"type":"Feature","geometry":{"type":"Point","coordinates":[37.2884350001753,31.957733999724496]},"properties":{"ID":"JD264","Elev":604,"ANb":3,"AML":1052,"ES":0.725620985031,"ESb":1,"ESbP":0,"EPI":1,"EtW":12,"EtF":0,"EtFA":0,"CS":0,"CA":0,"CP":2,"CIP":8,"CC":0,"_layer":"GlobalKites - Sample 610"}},{"type":"Feature","geometry":{"type":"Point","coordinates":[37.19804800031511,31.89034300002959]},"properties":{"ID":"JD267","Elev":589,"ANb":3,"AML":1366,"ES":0.694040000439,"ESb":0,"ESbP":0,"EPI":2,"EtW":7,"EtF":0,"EtFA":0,"CS":6,"CA":2,"CP":2,"CIP":1,"CC":7,"_layer":"GlobalKites - Sample 610"}},{"type":"Feature","geometry":{"type":"Point","coordinates":[37.19270999966693,31.882918000265647]},"properties":{"ID":"JD268","Elev":597,"ANb":4,"AML":1067,"ES":2.17090988159,"ESb":1,"ESbP":0,"EPI":2,"EtW":15,"EtF":0,"EtFA":0,"CS":1,"CA":0,"CP":4,"CIP":7,"CC":0,"_layer":"GlobalKites - Sample 610"}},{"type":"Feature","geometry":{"type":"Point","coordinates":[37.075058999773205,32.06146699990228]},"properties":{"ID":"JD273","Elev":641,"ANb":7,"AML":2451,"ES":1.43285000324,"ESb":2,"ESbP":0,"EPI":1,"EtW":18,"EtF":1,"EtFA":1,"CS":1,"CA":2,"CP":4,"CIP":5,"CC":0,"_layer":"GlobalKites - Sample 610"}},{"type":"Feature","geometry":{"type":"Point","coordinates":[37.0122279999224,31.967977999984896]},"properties":{"ID":"JD281","Elev":611,"ANb":5,"AML":1409,"ES":2.04119992256,"ESb":0,"ESbP":0,"EPI":2,"EtW":13,"EtF":0,"EtFA":0,"CS":0,"CA":0,"CP":5,"CIP":5,"CC":0,"_layer":"GlobalKites - Sample 610"}},{"type":"Feature","geometry":{"type":"Point","coordinates":[37.14993500020029,32.120849999927714]},"properties":{"ID":"JD285","Elev":656,"ANb":4,"AML":554,"ES":0.450668007135,"ESb":0,"ESbP":0,"EPI":0,"EtW":10,"EtF":0,"EtFA":0,"CS":0,"CA":0,"CP":2,"CIP":2,"CC":0,"_layer":"GlobalKites - Sample 610"}},{"type":"Feature","geometry":{"type":"Point","coordinates":[37.225591999771154,32.41298199981958]},"properties":{"ID":"JD294","Elev":738,"ANb":2,"AML":380,"ES":0.456411987543,"ESb":0,"ESbP":0,"EPI":2,"EtW":9,"EtF":1,"EtFA":1,"CS":8,"CA":1,"CP":1,"CIP":3,"CC":5,"_layer":"GlobalKites - Sample 610"}},{"type":"Feature","geometry":{"type":"Point","coordinates":[37.30055699980585,32.452703999690016]},"properties":{"ID":"JD299","Elev":783,"ANb":2,"AML":746,"ES":1.08606004715,"ESb":0,"ESbP":0,"EPI":0,"EtW":42,"EtF":0,"EtFA":0,"CS":1,"CA":1,"CP":0,"CIP":11,"CC":2,"_layer":"GlobalKites - Sample 610"}},{"type":"Feature","geometry":{"type":"Point","coordinates":[37.36216399986887,32.50695899975818]},"properties":{"ID":"JD300","Elev":832,"ANb":7,"AML":1426,"ES":0.990837991238,"ESb":0,"ESbP":0,"EPI":1,"EtW":20,"EtF":0,"EtFA":0,"CS":0,"CA":1,"CP":4,"CIP":0,"CC":0,"_layer":"GlobalKites - Sample 610"}},{"type":"Feature","geometry":{"type":"Point","coordinates":[37.42734500017178,32.52905799992692]},"properties":{"ID":"JD305","Elev":886,"ANb":5,"AML":1440,"ES":1.24003994465,"ESb":0,"ESbP":0,"EPI":2,"EtW":19,"EtF":0,"EtFA":0,"CS":0,"CA":2,"CP":2,"CIP":7,"CC":0,"_layer":"GlobalKites - Sample 610"}},{"type":"Feature","geometry":{"type":"Point","coordinates":[37.465962000346224,31.98222100029909]},"properties":{"ID":"JD318","Elev":690,"ANb":2,"AML":1216,"ES":1.59123907169,"ESb":0,"ESbP":0,"EPI":2,"EtW":10,"EtF":0,"EtFA":0,"CS":0,"CA":0,"CP":5,"CIP":4,"CC":2,"_layer":"GlobalKites - Sample 610"}},{"type":"Feature","geometry":{"type":"Point","coordinates":[36.996369765052805,32.28991221497688]},"properties":{"ID":"JD32","Elev":981,"ANb":4,"AML":311,"ES":0.399170011282,"ESb":0,"ESbP":0,"EPI":0,"EtW":0,"EtF":0,"EtFA":0,"CS":0,"CA":2,"CP":2,"CIP":2,"CC":0,"_layer":"GlobalKites - Sample 610"}},{"type":"Feature","geometry":{"type":"Point","coordinates":[37.58579063123278,32.070418648302166]},"properties":{"ID":"JD324","Elev":817,"ANb":3,"AML":2392,"ES":1.06567001343,"ESb":0,"ESbP":0,"EPI":0,"EtW":22,"EtF":0,"EtFA":0,"CS":0,"CA":0,"CP":2,"CIP":7,"CC":0,"_layer":"GlobalKites - Sample 610"}},{"type":"Feature","geometry":{"type":"Point","coordinates":[37.60200700042287,32.12993199966223]},"properties":{"ID":"JD326","Elev":877,"ANb":4,"AML":1956,"ES":1.33617997169,"ESb":0,"ESbP":0,"EPI":2,"EtW":20,"EtF":0,"EtFA":0,"CS":0,"CA":0,"CP":5,"CIP":1,"CC":0,"_layer":"GlobalKites - Sample 610"}},{"type":"Feature","geometry":{"type":"Point","coordinates":[37.741093000441765,31.96344200034821]},"properties":{"ID":"JD333","Elev":771,"ANb":4,"AML":2188,"ES":1.19389709486,"ESb":0,"ESbP":0,"EPI":2,"EtW":23,"EtF":0,"EtFA":0,"CS":0,"CA":0,"CP":4,"CIP":5,"CC":0,"_layer":"GlobalKites - Sample 610"}},{"type":"Feature","geometry":{"type":"Point","coordinates":[37.692808999635815,31.86641800019072]},"properties":{"ID":"JD340","Elev":713,"ANb":4,"AML":3154,"ES":1.88829994202,"ESb":0,"ESbP":0,"EPI":2,"EtW":22,"EtF":0,"EtFA":0,"CS":1,"CA":0,"CP":2,"CIP":12,"CC":0,"_layer":"GlobalKites - Sample 610"}},{"type":"Feature","geometry":{"type":"Point","coordinates":[37.70610400029955,32.2231260003648]},"properties":{"ID":"JD342","Elev":856,"ANb":3,"AML":2246,"ES":1.18903005123,"ESb":0,"ESbP":0,"EPI":1,"EtW":30,"EtF":0,"EtFA":0,"CS":0,"CA":0,"CP":5,"CIP":4,"CC":0,"_layer":"GlobalKites - Sample 610"}},{"type":"Feature","geometry":{"type":"Point","coordinates":[36.87399000033844,31.950330000029624]},"properties":{"ID":"JD350","Elev":569,"ANb":5,"AML":1085,"ES":2.9142999649,"ESb":0,"ESbP":0,"EPI":2,"EtW":17,"EtF":0,"EtFA":0,"CS":1,"CA":0,"CP":3,"CIP":12,"CC":0,"_layer":"GlobalKites - Sample 610"}},{"type":"Feature","geometry":{"type":"Point","coordinates":[36.95295300038083,31.956678999636267]},"properties":{"ID":"JD358","Elev":593,"ANb":2,"AML":1504,"ES":1.63065004349,"ESb":0,"ESbP":0,"EPI":2,"EtW":23,"EtF":0,"EtFA":0,"CS":0,"CA":0,"CP":4,"CIP":6,"CC":0,"_layer":"GlobalKites - Sample 610"}},{"type":"Feature","geometry":{"type":"Point","coordinates":[37.3125069995985,32.55617799961516]},"properties":{"ID":"JD371","Elev":798,"ANb":2,"AML":1868,"ES":0.83026599884,"ESb":2,"ESbP":1,"EPI":1,"EtW":22,"EtF":0,"EtFA":0,"CS":0,"CA":1,"CP":4,"CIP":0,"CC":0,"_layer":"GlobalKites - Sample 610"}},{"type":"Feature","geometry":{"type":"Point","coordinates":[37.3125069995985,32.55617799961516]},"properties":{"ID":"JD371b","Elev":798,"ANb":2,"AML":2364,"ES":1.48857998848,"ESb":1,"ESbP":0,"EPI":0,"EtW":25,"EtF":0,"EtFA":0,"CS":0,"CA":0,"CP":1,"CIP":14,"CC":0,"_layer":"GlobalKites - Sample 610"}},{"type":"Feature","geometry":{"type":"Point","coordinates":[37.9625330003978,31.968335000260197]},"properties":{"ID":"JD376","Elev":718,"ANb":3,"AML":3939,"ES":2.30217003822,"ESb":0,"ESbP":0,"EPI":0,"EtW":19,"EtF":0,"EtFA":0,"CS":0,"CA":0,"CP":3,"CIP":7,"CC":0,"_layer":"GlobalKites - Sample 610"}},{"type":"Feature","geometry":{"type":"Point","coordinates":[37.93200399998477,31.86902599995011]},"properties":{"ID":"JD377","Elev":679,"ANb":3,"AML":1808,"ES":1.89605461363,"ESb":0,"ESbP":0,"EPI":2,"EtW":20,"EtF":0,"EtFA":0,"CS":0,"CA":0,"CP":6,"CIP":4,"CC":2,"_layer":"GlobalKites - Sample 610"}},{"type":"Feature","geometry":{"type":"Point","coordinates":[36.812679999582485,31.88707200027278]},"properties":{"ID":"JD379","Elev":523,"ANb":3,"AML":631,"ES":0.5489590168,"ESb":1,"ESbP":0,"EPI":0,"EtW":15,"EtF":0,"EtFA":0,"CS":0,"CA":1,"CP":3,"CIP":4,"CC":0,"_layer":"GlobalKites - Sample 610"}},{"type":"Feature","geometry":{"type":"Point","coordinates":[37.009486000278855,31.99779199980111]},"properties":{"ID":"JD395","Elev":624,"ANb":4,"AML":1604,"ES":1.60332000256,"ESb":0,"ESbP":0,"EPI":2,"EtW":16,"EtF":0,"EtFA":0,"CS":0,"CA":0,"CP":6,"CIP":2,"CC":0,"_layer":"GlobalKites - Sample 610"}},{"type":"Feature","geometry":{"type":"Point","coordinates":[36.94187300023896,32.07686999975084]},"properties":{"ID":"JD397","Elev":730,"ANb":4,"AML":2084,"ES":0.95054101944,"ESb":2,"ESbP":1,"EPI":2,"EtW":19,"EtF":0,"EtFA":0,"CS":1,"CA":2,"CP":2,"CIP":1,"CC":0,"_layer":"GlobalKites - Sample 610"}},{"type":"Feature","geometry":{"type":"Point","coordinates":[36.96871599974378,32.179154999703655]},"properties":{"ID":"JD398","Elev":840,"ANb":2,"AML":864,"ES":7.30001020432,"ESb":0,"ESbP":0,"EPI":0,"EtW":91,"EtF":1,"EtFA":1,"CS":0,"CA":1,"CP":3,"CIP":0,"CC":0,"_layer":"GlobalKites - Sample 610"}},{"type":"Feature","geometry":{"type":"Point","coordinates":[36.98717600027237,32.12494299981972]},"properties":{"ID":"JD400","Elev":766,"ANb":3,"AML":1318,"ES":1.48570001125,"ESb":0,"ESbP":0,"EPI":2,"EtW":12,"EtF":0,"EtFA":0,"CS":0,"CA":1,"CP":4,"CIP":1,"CC":0,"_layer":"GlobalKites - Sample 610"}},{"type":"Feature","geometry":{"type":"Point","coordinates":[36.98717600027237,32.12494299981972]},"properties":{"ID":"JD400b","Elev":766,"ANb":3,"AML":1318,"ES":2.3342499733,"ESb":0,"ESbP":0,"EPI":2,"EtW":12,"EtF":0,"EtFA":0,"CS":0,"CA":1,"CP":4,"CIP":5,"CC":0,"_layer":"GlobalKites - Sample 610"}},{"type":"Feature","geometry":{"type":"Point","coordinates":[37.22782800036208,32.2072050000109]},"properties":{"ID":"JD411","Elev":677,"ANb":3,"AML":190,"ES":0.795104980469,"ESb":0,"ESbP":0,"EPI":1,"EtW":16,"EtF":0,"EtFA":0,"CS":0,"CA":0,"CP":1,"CIP":8,"CC":0,"_layer":"GlobalKites - Sample 610"}},{"type":"Feature","geometry":{"type":"Point","coordinates":[37.225082999680865,32.238737999958914]},"properties":{"ID":"JD414","Elev":699,"ANb":2,"AML":969,"ES":0.829062998295,"ESb":0,"ESbP":0,"EPI":1,"EtW":8,"EtF":0,"EtFA":0,"CS":3,"CA":1,"CP":4,"CIP":0,"CC":2,"_layer":"GlobalKites - Sample 610"}},{"type":"Feature","geometry":{"type":"Point","coordinates":[37.24948099974853,32.33823900012993]},"properties":{"ID":"JD415","Elev":738,"ANb":6,"AML":1852,"ES":1.7176400423,"ESb":1,"ESbP":0,"EPI":0,"EtW":17,"EtF":0,"EtFA":0,"CS":3,"CA":0,"CP":7,"CIP":1,"CC":3,"_layer":"GlobalKites - Sample 610"}},{"type":"Feature","geometry":{"type":"Point","coordinates":[37.01697700038841,32.318791999950975]},"properties":{"ID":"JD43","Elev":977,"ANb":3,"AML":922,"ES":1.06744003296,"ESb":0,"ESbP":0,"EPI":0,"EtW":22,"EtF":0,"EtFA":0,"CS":0,"CA":0,"CP":0,"CIP":4,"CC":0,"_layer":"GlobalKites - Sample 610"}},{"type":"Feature","geometry":{"type":"Point","coordinates":[38.01726983293662,31.962689260601053]},"properties":{"ID":"JD433","Elev":729,"ANb":4,"AML":2036,"ES":2.19351005554,"ESb":0,"ESbP":0,"EPI":2,"EtW":14,"EtF":0,"EtFA":0,"CS":0,"CA":0,"CP":6,"CIP":7,"CC":0,"_layer":"GlobalKites - Sample 610"}},{"type":"Feature","geometry":{"type":"Point","coordinates":[36.720105049908284,32.140951393592104]},"properties":{"ID":"JD447","Elev":737,"ANb":6,"AML":446,"ES":0.43633800745,"ESb":4,"ESbP":1,"EPI":2,"EtW":9,"EtF":1,"EtFA":0,"CS":0,"CA":0,"CP":2,"CIP":6,"CC":0,"_layer":"GlobalKites - Sample 610"}},{"type":"Feature","geometry":{"type":"Point","coordinates":[36.680821625118085,32.08162920392476]},"properties":{"ID":"JD457","Elev":647,"ANb":6,"AML":2154,"ES":0.600668013096,"ESb":2,"ESbP":1,"EPI":0,"EtW":15,"EtF":0,"EtFA":0,"CS":2,"CA":0,"CP":0,"CIP":4,"CC":0,"_layer":"GlobalKites - Sample 610"}},{"type":"Feature","geometry":{"type":"Point","coordinates":[36.7667300974162,32.20274130137011]},"properties":{"ID":"JD463","Elev":917,"ANb":3,"AML":702,"ES":0.891714990139,"ESb":0,"ESbP":0,"EPI":1,"EtW":14,"EtF":0,"EtFA":0,"CS":1,"CA":2,"CP":0,"CIP":6,"CC":0,"_layer":"GlobalKites - Sample 610"}},{"type":"Feature","geometry":{"type":"Point","coordinates":[36.75012342605544,32.19183835615536]},"properties":{"ID":"JD473","Elev":871,"ANb":2,"AML":268,"ES":0.492374002934,"ESb":0,"ESbP":0,"EPI":0,"EtW":7,"EtF":0,"EtFA":0,"CS":0,"CA":0,"CP":0,"CIP":11,"CC":0,"_layer":"GlobalKites - Sample 610"}},{"type":"Feature","geometry":{"type":"Point","coordinates":[36.694919240131014,31.93958079571729]},"properties":{"ID":"JD481","Elev":564,"ANb":2,"AML":1244,"ES":1.07852995396,"ESb":0,"ESbP":0,"EPI":2,"EtW":17,"EtF":0,"EtFA":0,"CS":1,"CA":0,"CP":2,"CIP":11,"CC":2,"_layer":"GlobalKites - Sample 610"}},{"type":"Feature","geometry":{"type":"Point","coordinates":[36.694919240131014,31.93958079571729]},"properties":{"ID":"JD481b","Elev":564,"ANb":2,"AML":1744,"ES":1.12522995472,"ESb":0,"ESbP":0,"EPI":0,"EtW":40,"EtF":0,"EtFA":0,"CS":0,"CA":0,"CP":0,"CIP":10,"CC":0,"_layer":"GlobalKites - Sample 610"}},{"type":"Feature","geometry":{"type":"Point","coordinates":[36.839295029941866,31.935880046826867]},"properties":{"ID":"JD482","Elev":555,"ANb":3,"AML":446,"ES":0.448305010796,"ESb":0,"ESbP":0,"EPI":0,"EtW":8,"EtF":0,"EtFA":0,"CS":2,"CA":0,"CP":0,"CIP":1,"CC":0,"_layer":"GlobalKites - Sample 610"}},{"type":"Feature","geometry":{"type":"Point","coordinates":[36.83915041535954,32.231520066398105]},"properties":{"ID":"JD484","Elev":968,"ANb":3,"AML":356,"ES":0.603519022465,"ESb":0,"ESbP":0,"EPI":0,"EtW":12,"EtF":0,"EtFA":0,"CS":0,"CA":0,"CP":2,"CIP":2,"CC":0,"_layer":"GlobalKites - Sample 610"}},{"type":"Feature","geometry":{"type":"Point","coordinates":[36.56532602857351,32.19237093557041]},"properties":{"ID":"JD486","Elev":730,"ANb":2,"AML":466,"ES":1.30015003681,"ESb":0,"ESbP":0,"EPI":2,"EtW":20,"EtF":1,"EtFA":1,"CS":0,"CA":3,"CP":2,"CIP":0,"CC":0,"_layer":"GlobalKites - Sample 610"}},{"type":"Feature","geometry":{"type":"Point","coordinates":[37.132251507601154,32.334337840918806]},"properties":{"ID":"JD494","Elev":791,"ANb":2,"AML":819,"ES":0.300236999989,"ESb":0,"ESbP":0,"EPI":1,"EtW":8,"EtF":0,"EtFA":0,"CS":0,"CA":0,"CP":3,"CIP":0,"CC":0,"_layer":"GlobalKites - Sample 610"}},{"type":"Feature","geometry":{"type":"Point","coordinates":[37.13310109084284,32.33644272485202]},"properties":{"ID":"JD495","Elev":784,"ANb":2,"AML":668,"ES":0.222424998879,"ESb":0,"ESbP":0,"EPI":2,"EtW":8,"EtF":0,"EtFA":0,"CS":0,"CA":0,"CP":3,"CIP":0,"CC":0,"_layer":"GlobalKites - Sample 610"}},{"type":"Feature","geometry":{"type":"Point","coordinates":[37.17043620186939,32.345779836170664]},"properties":{"ID":"JD505","Elev":770,"ANb":3,"AML":258,"ES":0.328186988831,"ESb":0,"ESbP":0,"EPI":0,"EtW":7,"EtF":0,"EtFA":0,"CS":2,"CA":0,"CP":3,"CIP":0,"CC":0,"_layer":"GlobalKites - Sample 610"}},{"type":"Feature","geometry":{"type":"Point","coordinates":[36.9770960003803,32.37536699998725]},"properties":{"ID":"JD51","Elev":1115,"ANb":2,"AML":763,"ES":0.418644994497,"ESb":0,"ESbP":0,"EPI":1,"EtW":19,"EtF":0,"EtFA":0,"CS":3,"CA":0,"CP":0,"CIP":2,"CC":0,"_layer":"GlobalKites - Sample 610"}},{"type":"Feature","geometry":{"type":"Point","coordinates":[37.29745157962685,32.4158565010768]},"properties":{"ID":"JD518","Elev":770,"ANb":2,"AML":544,"ES":1.09300005436,"ESb":1,"ESbP":0,"EPI":0,"EtW":56,"EtF":0,"EtFA":0,"CS":19,"CA":1,"CP":0,"CIP":4,"CC":21,"_layer":"GlobalKites - Sample 610"}},{"type":"Feature","geometry":{"type":"Point","coordinates":[37.30002284387933,32.42285521589565]},"properties":{"ID":"JD519","Elev":782,"ANb":2,"AML":764,"ES":1.23175001144,"ESb":0,"ESbP":0,"EPI":2,"EtW":20,"EtF":0,"EtFA":0,"CS":6,"CA":0,"CP":2,"CIP":11,"CC":5,"_layer":"GlobalKites - Sample 610"}},{"type":"Feature","geometry":{"type":"Point","coordinates":[37.17145006516853,31.796649481688405]},"properties":{"ID":"JD527","Elev":606,"ANb":4,"AML":1778,"ES":1.3521399498,"ESb":0,"ESbP":0,"EPI":1,"EtW":11,"EtF":0,"EtFA":0,"CS":7,"CA":0,"CP":1,"CIP":3,"CC":0,"_layer":"GlobalKites - Sample 610"}},{"type":"Feature","geometry":{"type":"Point","coordinates":[37.56317713431747,31.797212695609574]},"properties":{"ID":"JD543","Elev":709,"ANb":3,"AML":752,"ES":1.12264001369,"ESb":1,"ESbP":1,"EPI":2,"EtW":18,"EtF":0,"EtFA":0,"CS":1,"CA":1,"CP":4,"CIP":2,"CC":0,"_layer":"GlobalKites - Sample 610"}},{"type":"Feature","geometry":{"type":"Point","coordinates":[37.593298489134156,31.867949026726365]},"properties":{"ID":"JD553","Elev":683,"ANb":6,"AML":672,"ES":1.50317724682,"ESb":0,"ESbP":0,"EPI":2,"EtW":22,"EtF":0,"EtFA":0,"CS":1,"CA":0,"CP":4,"CIP":3,"CC":0,"_layer":"GlobalKites - Sample 610"}},{"type":"Feature","geometry":{"type":"Point","coordinates":[37.02809999981531,32.35305599993461]},"properties":{"ID":"JD56","Elev":976,"ANb":2,"AML":381,"ES":1.05759000778,"ESb":0,"ESbP":0,"EPI":0,"EtW":18,"EtF":0,"EtFA":0,"CS":0,"CA":1,"CP":0,"CIP":0,"CC":0,"_layer":"GlobalKites - Sample 610"}},{"type":"Feature","geometry":{"type":"Point","coordinates":[37.459589135430406,31.738746793629787]},"properties":{"ID":"JD561","Elev":625,"ANb":3,"AML":1160,"ES":1.08978998661,"ESb":1,"ESbP":0,"EPI":2,"EtW":21,"EtF":0,"EtFA":0,"CS":0,"CA":1,"CP":6,"CIP":3,"CC":0,"_layer":"GlobalKites - Sample 610"}},{"type":"Feature","geometry":{"type":"Point","coordinates":[37.62657418095387,31.971282226993367]},"properties":{"ID":"JD576","Elev":751,"ANb":2,"AML":1824,"ES":1.45393002033,"ESb":1,"ESbP":0,"EPI":0,"EtW":24,"EtF":0,"EtFA":0,"CS":0,"CA":0,"CP":2,"CIP":9,"CC":0,"_layer":"GlobalKites - Sample 610"}},{"type":"Feature","geometry":{"type":"Point","coordinates":[37.65453152860732,32.00526580127587]},"properties":{"ID":"JD579","Elev":796,"ANb":7,"AML":1030,"ES":0.728462994099,"ESb":0,"ESbP":0,"EPI":2,"EtW":19,"EtF":0,"EtFA":0,"CS":0,"CA":0,"CP":2,"CIP":8,"CC":0,"_layer":"GlobalKites - Sample 610"}},{"type":"Feature","geometry":{"type":"Point","coordinates":[37.26391902614233,31.913453149343525]},"properties":{"ID":"JD586","Elev":610,"ANb":3,"AML":638,"ES":0.30300500989,"ESb":0,"ESbP":0,"EPI":0,"EtW":30,"EtF":0,"EtFA":0,"CS":0,"CA":0,"CP":1,"CIP":0,"CC":0,"_layer":"GlobalKites - Sample 610"}},{"type":"Feature","geometry":{"type":"Point","coordinates":[37.84874939376965,32.017767980308236]},"properties":{"ID":"JD597","Elev":745,"ANb":7,"AML":1965,"ES":1.93742847443,"ESb":0,"ESbP":0,"EPI":0,"EtW":18,"EtF":0,"EtFA":0,"CS":8,"CA":0,"CP":1,"CIP":4,"CC":0,"_layer":"GlobalKites - Sample 610"}},{"type":"Feature","geometry":{"type":"Point","coordinates":[37.84874939376965,32.017767980308236]},"properties":{"ID":"JD597b","Elev":745,"ANb":6,"AML":1832,"ES":2.04569005966,"ESb":0,"ESbP":0,"EPI":1,"EtW":44,"EtF":0,"EtFA":0,"CS":8,"CA":0,"CP":6,"CIP":5,"CC":0,"_layer":"GlobalKites - Sample 610"}},{"type":"Feature","geometry":{"type":"Point","coordinates":[37.83186962798112,32.08684248119573]},"properties":{"ID":"JD600","Elev":787,"ANb":2,"AML":730,"ES":0.698379993439,"ESb":0,"ESbP":0,"EPI":0,"EtW":32,"EtF":0,"EtFA":0,"CS":0,"CA":0,"CP":6,"CIP":12,"CC":0,"_layer":"GlobalKites - Sample 610"}},{"type":"Feature","geometry":{"type":"Point","coordinates":[37.94664624083151,32.25963672355613]},"properties":{"ID":"JD603b","Elev":708,"ANb":2,"AML":514,"ES":0.628187000751,"ESb":0,"ESbP":0,"EPI":0,"EtW":26,"EtF":0,"EtFA":0,"CS":0,"CA":2,"CP":4,"CIP":4,"CC":0,"_layer":"GlobalKites - Sample 610"}},{"type":"Feature","geometry":{"type":"Point","coordinates":[37.97485979004745,32.31946604632117]},"properties":{"ID":"JD608","Elev":705,"ANb":8,"AML":2140,"ES":1.02155005932,"ESb":1,"ESbP":0,"EPI":2,"EtW":15,"EtF":0,"EtFA":0,"CS":0,"CA":0,"CP":5,"CIP":6,"CC":0,"_layer":"GlobalKites - Sample 610"}},{"type":"Feature","geometry":{"type":"Point","coordinates":[37.90224624286998,32.17029343729246]},"properties":{"ID":"JD611b","Elev":728,"ANb":5,"AML":928,"ES":1.09296000004,"ESb":0,"ESbP":0,"EPI":0,"EtW":37,"EtF":0,"EtFA":0,"CS":1,"CA":0,"CP":0,"CIP":9,"CC":0,"_layer":"GlobalKites - Sample 610"}},{"type":"Feature","geometry":{"type":"Point","coordinates":[36.87531167009769,31.958872815728057]},"properties":{"ID":"JD615","Elev":575,"ANb":2,"AML":210,"ES":0.969955027103,"ESb":0,"ESbP":0,"EPI":2,"EtW":21,"EtF":0,"EtFA":0,"CS":0,"CA":0,"CP":2,"CIP":7,"CC":0,"_layer":"GlobalKites - Sample 610"}},{"type":"Feature","geometry":{"type":"Point","coordinates":[36.88022173824277,31.971183934691]},"properties":{"ID":"JD616","Elev":585,"ANb":4,"AML":1080,"ES":1.44824004173,"ESb":0,"ESbP":0,"EPI":2,"EtW":18,"EtF":1,"EtFA":1,"CS":0,"CA":0,"CP":6,"CIP":6,"CC":0,"_layer":"GlobalKites - Sample 610"}},{"type":"Feature","geometry":{"type":"Point","coordinates":[36.87714971528732,31.98100727256775]},"properties":{"ID":"JD617","Elev":591,"ANb":3,"AML":683,"ES":1.73475003242,"ESb":2,"ESbP":1,"EPI":2,"EtW":20,"EtF":0,"EtFA":0,"CS":1,"CA":1,"CP":4,"CIP":9,"CC":2,"_layer":"GlobalKites - Sample 610"}},{"type":"Feature","geometry":{"type":"Point","coordinates":[37.03907699970392,32.37479699978189]},"properties":{"ID":"JD62","Elev":993,"ANb":4,"AML":820,"ES":0.866153001785,"ESb":0,"ESbP":0,"EPI":0,"EtW":11,"EtF":0,"EtFA":0,"CS":1,"CA":0,"CP":0,"CIP":0,"CC":0,"_layer":"GlobalKites - Sample 610"}},{"type":"Feature","geometry":{"type":"Point","coordinates":[36.89568784891526,32.00505257022013]},"properties":{"ID":"JD622","Elev":613,"ANb":6,"AML":1820,"ES":1.72207999229,"ESb":1,"ESbP":1,"EPI":2,"EtW":17,"EtF":0,"EtFA":0,"CS":0,"CA":1,"CP":1,"CIP":4,"CC":0,"_layer":"GlobalKites - Sample 610"}},{"type":"Feature","geometry":{"type":"Point","coordinates":[37.212591757303926,32.50829243984441]},"properties":{"ID":"JD654","Elev":749,"ANb":2,"AML":476,"ES":1.43528997898,"ESb":0,"ESbP":0,"EPI":0,"EtW":43,"EtF":0,"EtFA":0,"CS":4,"CA":0,"CP":0,"CIP":0,"CC":0,"_layer":"GlobalKites - Sample 610"}},{"type":"Feature","geometry":{"type":"Point","coordinates":[37.44143096087032,32.61055589563824]},"properties":{"ID":"JD666","Elev":887,"ANb":5,"AML":1369,"ES":0.879131019115,"ESb":2,"ESbP":1,"EPI":2,"EtW":12,"EtF":0,"EtFA":0,"CS":0,"CA":0,"CP":4,"CIP":6,"CC":0,"_layer":"GlobalKites - Sample 610"}},{"type":"Feature","geometry":{"type":"Point","coordinates":[37.68383371165663,32.3055132050705]},"properties":{"ID":"JD668","Elev":857,"ANb":2,"AML":1110,"ES":1.37072002888,"ESb":0,"ESbP":0,"EPI":0,"EtW":39,"EtF":0,"EtFA":0,"CS":1,"CA":0,"CP":2,"CIP":7,"CC":0,"_layer":"GlobalKites - Sample 610"}},{"type":"Feature","geometry":{"type":"Point","coordinates":[37.68383371165663,32.3055132050705]},"properties":{"ID":"JD668b","Elev":857,"ANb":2,"AML":1110,"ES":0.562990009785,"ESb":0,"ESbP":0,"EPI":0,"EtW":17,"EtF":0,"EtFA":0,"CS":0,"CA":0,"CP":1,"CIP":11,"CC":0,"_layer":"GlobalKites - Sample 610"}},{"type":"Feature","geometry":{"type":"Point","coordinates":[36.79611152332831,31.960944388772702]},"properties":{"ID":"JD687","Elev":559,"ANb":2,"AML":1370,"ES":0.653527021408,"ESb":0,"ESbP":0,"EPI":0,"EtW":26,"EtF":0,"EtFA":0,"CS":0,"CA":0,"CP":3,"CIP":7,"CC":0,"_layer":"GlobalKites - Sample 610"}},{"type":"Feature","geometry":{"type":"Point","coordinates":[37.35994465742016,32.10577697212972]},"properties":{"ID":"JD688","Elev":662,"ANb":3,"AML":236,"ES":0.671835005283,"ESb":0,"ESbP":0,"EPI":2,"EtW":9,"EtF":0,"EtFA":0,"CS":3,"CA":1,"CP":6,"CIP":2,"CC":0,"_layer":"GlobalKites - Sample 610"}},{"type":"Feature","geometry":{"type":"Point","coordinates":[37.36101255558515,32.116969996368425]},"properties":{"ID":"JD693","Elev":671,"ANb":2,"AML":479,"ES":0.510235011578,"ESb":0,"ESbP":0,"EPI":0,"EtW":38,"EtF":0,"EtFA":0,"CS":2,"CA":1,"CP":1,"CIP":0,"CC":0,"_layer":"GlobalKites - Sample 610"}},{"type":"Feature","geometry":{"type":"Point","coordinates":[37.37671791470018,32.19786471678344]},"properties":{"ID":"JD701","Elev":725,"ANb":2,"AML":353,"ES":0.999788999557,"ESb":0,"ESbP":0,"EPI":2,"EtW":9,"EtF":0,"EtFA":0,"CS":4,"CA":0,"CP":2,"CIP":2,"CC":0,"_layer":"GlobalKites - Sample 610"}},{"type":"Feature","geometry":{"type":"Point","coordinates":[37.37621601295882,32.210690427821135]},"properties":{"ID":"JD704","Elev":736,"ANb":6,"AML":512,"ES":1.37832999229,"ESb":0,"ESbP":0,"EPI":2,"EtW":17,"EtF":0,"EtFA":0,"CS":0,"CA":0,"CP":4,"CIP":2,"CC":0,"_layer":"GlobalKites - Sample 610"}},{"type":"Feature","geometry":{"type":"Point","coordinates":[37.51300529196084,32.31536114300252]},"properties":{"ID":"JD707","Elev":911,"ANb":5,"AML":852,"ES":1.75100004673,"ESb":0,"ESbP":0,"EPI":2,"EtW":20,"EtF":0,"EtFA":0,"CS":0,"CA":0,"CP":8,"CIP":3,"CC":0,"_layer":"GlobalKites - Sample 610"}},{"type":"Feature","geometry":{"type":"Point","coordinates":[37.17080459475642,32.17428051773186]},"properties":{"ID":"JD724","Elev":662,"ANb":3,"AML":518,"ES":0.491019010544,"ESb":0,"ESbP":0,"EPI":1,"EtW":9,"EtF":1,"EtFA":0,"CS":2,"CA":0,"CP":4,"CIP":2,"CC":0,"_layer":"GlobalKites - Sample 610"}},{"type":"Feature","geometry":{"type":"Point","coordinates":[36.75696667057554,32.06227545534813]},"properties":{"ID":"JD725","Elev":698,"ANb":2,"AML":553,"ES":0.628211975098,"ESb":2,"ESbP":0,"EPI":0,"EtW":6,"EtF":0,"EtFA":0,"CS":1,"CA":0,"CP":0,"CIP":0,"CC":0,"_layer":"GlobalKites - Sample 610"}},{"type":"Feature","geometry":{"type":"Point","coordinates":[37.23836626868854,32.28280179176943]},"properties":{"ID":"JD732","Elev":720,"ANb":3,"AML":422,"ES":0.306064009666,"ESb":1,"ESbP":1,"EPI":2,"EtW":15,"EtF":0,"EtFA":0,"CS":2,"CA":1,"CP":4,"CIP":0,"CC":0,"_layer":"GlobalKites - Sample 610"}},{"type":"Feature","geometry":{"type":"Point","coordinates":[37.23033889132694,32.25895266863091]},"properties":{"ID":"JD738","Elev":701,"ANb":2,"AML":295,"ES":0.373495995998,"ESb":0,"ESbP":0,"EPI":2,"EtW":10,"EtF":0,"EtFA":0,"CS":0,"CA":1,"CP":1,"CIP":1,"CC":0,"_layer":"GlobalKites - Sample 610"}},{"type":"Feature","geometry":{"type":"Point","coordinates":[37.23995108097779,32.29656682669787]},"properties":{"ID":"JD747","Elev":719,"ANb":3,"AML":636,"ES":0.670139014721,"ESb":0,"ESbP":0,"EPI":0,"EtW":13,"EtF":0,"EtFA":0,"CS":0,"CA":2,"CP":1,"CIP":0,"CC":0,"_layer":"GlobalKites - Sample 610"}},{"type":"Feature","geometry":{"type":"Point","coordinates":[37.029830246868585,32.33536341608897]},"properties":{"ID":"JD751","Elev":952,"ANb":2,"AML":340,"ES":0.407101005316,"ESb":0,"ESbP":0,"EPI":0,"EtW":10,"EtF":0,"EtFA":0,"CS":1,"CA":0,"CP":0,"CIP":0,"CC":0,"_layer":"GlobalKites - Sample 610"}},{"type":"Feature","geometry":{"type":"Point","coordinates":[37.07217135672289,32.43721959500846]},"properties":{"ID":"JD761","Elev":933,"ANb":2,"AML":990,"ES":0.284563988447,"ESb":0,"ESbP":0,"EPI":2,"EtW":7,"EtF":0,"EtFA":0,"CS":1,"CA":0,"CP":3,"CIP":0,"CC":0,"_layer":"GlobalKites - Sample 610"}},{"type":"Feature","geometry":{"type":"Point","coordinates":[37.859907995557705,32.15087171525761]},"properties":{"ID":"JD763","Elev":778,"ANb":2,"AML":1266,"ES":1.0318800211,"ESb":0,"ESbP":0,"EPI":0,"EtW":37,"EtF":0,"EtFA":0,"CS":0,"CA":0,"CP":0,"CIP":10,"CC":0,"_layer":"GlobalKites - Sample 610"}},{"type":"Feature","geometry":{"type":"Point","coordinates":[36.5873448532825,32.27042504837743]},"properties":{"ID":"JD779","Elev":885,"ANb":3,"AML":590,"ES":1.63394999504,"ESb":0,"ESbP":0,"EPI":2,"EtW":18,"EtF":1,"EtFA":1,"CS":2,"CA":0,"CP":2,"CIP":0,"CC":0,"_layer":"GlobalKites - Sample 610"}},{"type":"Feature","geometry":{"type":"Point","coordinates":[36.439611718006574,32.221709278560525]},"properties":{"ID":"JD791","Elev":696,"ANb":2,"AML":1770,"ES":0.682766020298,"ESb":0,"ESbP":0,"EPI":0,"EtW":7,"EtF":0,"EtFA":0,"CS":2,"CA":3,"CP":0,"CIP":2,"CC":0,"_layer":"GlobalKites - Sample 610"}},{"type":"Feature","geometry":{"type":"Point","coordinates":[37.35150352806551,32.01004385164259]},"properties":{"ID":"JD805b","Elev":644,"ANb":2,"AML":201,"ES":0.655965983868,"ESb":0,"ESbP":0,"EPI":2,"EtW":13,"EtF":0,"EtFA":0,"CS":1,"CA":1,"CP":5,"CIP":0,"CC":0,"_layer":"GlobalKites - Sample 610"}},{"type":"Feature","geometry":{"type":"Point","coordinates":[37.34555723677721,31.628795511204032]},"properties":{"ID":"JD813","Elev":566,"ANb":2,"AML":366,"ES":1.28594005108,"ESb":0,"ESbP":0,"EPI":1,"EtW":26,"EtF":0,"EtFA":0,"CS":0,"CA":0,"CP":5,"CIP":0,"CC":0,"_layer":"GlobalKites - Sample 610"}},{"type":"Feature","geometry":{"type":"Point","coordinates":[36.95996499998495,32.28057700032849]},"properties":{"ID":"JD82","Elev":1004,"ANb":2,"AML":233,"ES":0.242266997695,"ESb":0,"ESbP":0,"EPI":0,"EtW":7,"EtF":0,"EtFA":0,"CS":1,"CA":0,"CP":0,"CIP":0,"CC":0,"_layer":"GlobalKites - Sample 610"}},{"type":"Feature","geometry":{"type":"Point","coordinates":[37.51483663630188,31.748942753005792]},"properties":{"ID":"JD830","Elev":688,"ANb":2,"AML":502,"ES":0.648365974426,"ESb":0,"ESbP":0,"EPI":2,"EtW":14,"EtF":0,"EtFA":0,"CS":1,"CA":2,"CP":2,"CIP":5,"CC":0,"_layer":"GlobalKites - Sample 610"}},{"type":"Feature","geometry":{"type":"Point","coordinates":[37.18355546061616,32.07602788897606]},"properties":{"ID":"JD841","Elev":642,"ANb":3,"AML":789,"ES":0.901252985001,"ESb":0,"ESbP":0,"EPI":0,"EtW":14,"EtF":0,"EtFA":0,"CS":2,"CA":2,"CP":3,"CIP":0,"CC":0,"_layer":"GlobalKites - Sample 610"}},{"type":"Feature","geometry":{"type":"Point","coordinates":[36.97994100027711,32.29715000017251]},"properties":{"ID":"JD86","Elev":1015,"ANb":5,"AML":686,"ES":0.587348997593,"ESb":0,"ESbP":0,"EPI":2,"EtW":12,"EtF":1,"EtFA":1,"CS":0,"CA":0,"CP":4,"CIP":4,"CC":0,"_layer":"GlobalKites - Sample 610"}},{"type":"Feature","geometry":{"type":"Point","coordinates":[36.90290111139734,31.864976789847162]},"properties":{"ID":"JD880","Elev":515,"ANb":4,"AML":288,"ES":0.415699005127,"ESb":0,"ESbP":0,"EPI":0,"EtW":9,"EtF":0,"EtFA":0,"CS":0,"CA":1,"CP":4,"CIP":0,"CC":0,"_layer":"GlobalKites - Sample 610"}},{"type":"Feature","geometry":{"type":"Point","coordinates":[37.227698263264415,32.24638205838545]},"properties":{"ID":"JD902","Elev":699,"ANb":2,"AML":155,"ES":0.505991995335,"ESb":0,"ESbP":0,"EPI":2,"EtW":11,"EtF":0,"EtFA":0,"CS":0,"CA":1,"CP":3,"CIP":0,"CC":0,"_layer":"GlobalKites - Sample 610"}},{"type":"Feature","geometry":{"type":"Point","coordinates":[37.218836406774926,32.169492144047354]},"properties":{"ID":"JD907","Elev":684,"ANb":2,"AML":426,"ES":0.883800983429,"ESb":0,"ESbP":0,"EPI":2,"EtW":12,"EtF":0,"EtFA":0,"CS":1,"CA":0,"CP":4,"CIP":2,"CC":0,"_layer":"GlobalKites - Sample 610"}},{"type":"Feature","geometry":{"type":"Point","coordinates":[37.35951540201438,32.05635356086833]},"properties":{"ID":"JD919","Elev":635,"ANb":2,"AML":558,"ES":0.915772020817,"ESb":0,"ESbP":0,"EPI":2,"EtW":10,"EtF":0,"EtFA":0,"CS":0,"CA":0,"CP":5,"CIP":1,"CC":0,"_layer":"GlobalKites - Sample 610"}},{"type":"Feature","geometry":{"type":"Point","coordinates":[36.50234310265222,32.056154804400876]},"properties":{"ID":"JD932","Elev":594,"ANb":4,"AML":815,"ES":0.767171978951,"ESb":0,"ESbP":0,"EPI":0,"EtW":9,"EtF":0,"EtFA":0,"CS":0,"CA":0,"CP":2,"CIP":4,"CC":0,"_layer":"GlobalKites - Sample 610"}},{"type":"Feature","geometry":{"type":"Point","coordinates":[37.59140299974882,31.909490999909906]},"properties":{"ID":"JD937","Elev":704,"ANb":4,"AML":727,"ES":1.86784005165,"ESb":0,"ESbP":0,"EPI":2,"EtW":18,"EtF":0,"EtFA":0,"CS":3,"CA":0,"CP":5,"CIP":5,"CC":5,"_layer":"GlobalKites - Sample 610"}},{"type":"Feature","geometry":{"type":"Point","coordinates":[37.35443300038281,31.973605999617348]},"properties":{"ID":"JD94","Elev":631,"ANb":6,"AML":1588,"ES":1.70475588151,"ESb":0,"ESbP":0,"EPI":2,"EtW":16,"EtF":0,"EtFA":0,"CS":0,"CA":0,"CP":4,"CIP":6,"CC":2,"_layer":"GlobalKites - Sample 610"}},{"type":"Feature","geometry":{"type":"Point","coordinates":[37.23149889895518,32.275465297885376]},"properties":{"ID":"JD945","Elev":719,"ANb":2,"AML":90,"ES":0.130351006985,"ESb":1,"ESbP":0,"EPI":1,"EtW":6,"EtF":1,"EtFA":0,"CS":0,"CA":0,"CP":5,"CIP":2,"CC":0,"_layer":"GlobalKites - Sample 610"}},{"type":"Feature","geometry":{"type":"Point","coordinates":[37.2514632179533,32.11672134641316]},"properties":{"ID":"JD985","Elev":643,"ANb":2,"AML":1460,"ES":1.80113005638,"ESb":1,"ESbP":0,"EPI":0,"EtW":50,"EtF":0,"EtFA":0,"CS":1,"CA":0,"CP":0,"CIP":0,"CC":0,"_layer":"GlobalKites - Sample 610"}},{"type":"Feature","geometry":{"type":"Point","coordinates":[37.34763199971718,32.01631000030642]},"properties":{"ID":"JD99","Elev":642,"ANb":6,"AML":1334,"ES":0.883105993271,"ESb":1,"ESbP":0,"EPI":0,"EtW":8,"EtF":0,"EtFA":0,"CS":4,"CA":1,"CP":3,"CIP":5,"CC":2,"_layer":"GlobalKites - Sample 610"}},{"type":"Feature","geometry":{"type":"Point","coordinates":[57.91796068024138,45.59426915279931]},"properties":{"ID":"KZ111","Elev":102,"ANb":2,"AML":681,"ES":16.1526691378,"ESb":0,"ESbP":0,"EPI":2,"EtW":73,"EtF":1,"EtFA":0,"CS":0,"CA":0,"CP":6,"CIP":0,"CC":0,"_layer":"GlobalKites - Sample 610"}},{"type":"Feature","geometry":{"type":"Point","coordinates":[57.70446936067265,45.53847990482393]},"properties":{"ID":"KZ118","Elev":88,"ANb":2,"AML":447,"ES":19.6486408969,"ESb":0,"ESbP":0,"EPI":2,"EtW":109,"EtF":1,"EtFA":0,"CS":0,"CA":0,"CP":6,"CIP":0,"CC":0,"_layer":"GlobalKites - Sample 610"}},{"type":"Feature","geometry":{"type":"Point","coordinates":[58.088437735713114,45.49937159872047]},"properties":{"ID":"KZ12","Elev":130,"ANb":1,"AML":180,"ES":13.3111564092,"ESb":0,"ESbP":0,"EPI":2,"EtW":88,"EtF":1,"EtFA":0,"CS":0,"CA":0,"CP":6,"CIP":0,"CC":0,"_layer":"GlobalKites - Sample 610"}},{"type":"Feature","geometry":{"type":"Point","coordinates":[57.96711094221638,45.780382514741405]},"properties":{"ID":"KZ122","Elev":111,"ANb":0,"AML":0,"ES":19.4491996765,"ESb":0,"ESbP":0,"EPI":2,"EtW":110,"EtF":1,"EtFA":0,"CS":0,"CA":0,"CP":6,"CIP":0,"CC":0,"_layer":"GlobalKites - Sample 610"}},{"type":"Feature","geometry":{"type":"Point","coordinates":[56.041855238228834,45.748372382179866]},"properties":{"ID":"KZ123","Elev":111,"ANb":2,"AML":774,"ES":11.6658000946,"ESb":0,"ESbP":0,"EPI":2,"EtW":80,"EtF":1,"EtFA":0,"CS":0,"CA":0,"CP":6,"CIP":1,"CC":0,"_layer":"GlobalKites - Sample 610"}},{"type":"Feature","geometry":{"type":"Point","coordinates":[56.9550350968924,45.69250486171018]},"properties":{"ID":"KZ129","Elev":78,"ANb":2,"AML":1598,"ES":20.4384002686,"ESb":0,"ESbP":0,"EPI":2,"EtW":132,"EtF":1,"EtFA":0,"CS":0,"CA":0,"CP":6,"CIP":2,"CC":0,"_layer":"GlobalKites - Sample 610"}},{"type":"Feature","geometry":{"type":"Point","coordinates":[53.5984765763331,43.94021025669815]},"properties":{"ID":"KZ13","Elev":187,"ANb":0,"AML":0,"ES":2.63481998444,"ESb":0,"ESbP":0,"EPI":2,"EtW":30,"EtF":0,"EtFA":0,"CS":0,"CA":1,"CP":2,"CIP":0,"CC":0,"_layer":"GlobalKites - Sample 610"}},{"type":"Feature","geometry":{"type":"Point","coordinates":[56.71091129641934,45.719707347216456]},"properties":{"ID":"KZ134","Elev":111,"ANb":2,"AML":523,"ES":14.4063997269,"ESb":0,"ESbP":0,"EPI":2,"EtW":98,"EtF":1,"EtFA":0,"CS":0,"CA":0,"CP":6,"CIP":1,"CC":0,"_layer":"GlobalKites - Sample 610"}},{"type":"Feature","geometry":{"type":"Point","coordinates":[56.7719947462607,45.55435612613451]},"properties":{"ID":"KZ136","Elev":77,"ANb":2,"AML":1322,"ES":10.3250999451,"ESb":0,"ESbP":0,"EPI":2,"EtW":80,"EtF":1,"EtFA":0,"CS":0,"CA":1,"CP":5,"CIP":2,"CC":0,"_layer":"GlobalKites - Sample 610"}},{"type":"Feature","geometry":{"type":"Point","coordinates":[57.292588964709125,46.36012978466198]},"properties":{"ID":"KZ158","Elev":192,"ANb":1,"AML":984,"ES":16.9283640222,"ESb":0,"ESbP":0,"EPI":2,"EtW":138,"EtF":1,"EtFA":0,"CS":0,"CA":0,"CP":6,"CIP":0,"CC":0,"_layer":"GlobalKites - Sample 610"}},{"type":"Feature","geometry":{"type":"Point","coordinates":[56.174379502212446,46.23328384097664]},"properties":{"ID":"KZ175","Elev":151,"ANb":2,"AML":98,"ES":0.371915012598,"ESb":0,"ESbP":0,"EPI":2,"EtW":22,"EtF":1,"EtFA":0,"CS":0,"CA":1,"CP":3,"CIP":0,"CC":0,"_layer":"GlobalKites - Sample 610"}},{"type":"Feature","geometry":{"type":"Point","coordinates":[56.184557194559034,46.23009479733719]},"properties":{"ID":"KZ182","Elev":151,"ANb":2,"AML":286,"ES":0.866850018501,"ESb":0,"ESbP":0,"EPI":2,"EtW":19,"EtF":1,"EtFA":0,"CS":2,"CA":0,"CP":4,"CIP":1,"CC":4,"_layer":"GlobalKites - Sample 610"}},{"type":"Feature","geometry":{"type":"Point","coordinates":[56.16365650144655,46.19560516734475]},"properties":{"ID":"KZ184","Elev":132,"ANb":0,"AML":0,"ES":1.67751002312,"ESb":0,"ESbP":0,"EPI":1,"EtW":40,"EtF":1,"EtFA":0,"CS":0,"CA":0,"CP":1,"CIP":0,"CC":0,"_layer":"GlobalKites - Sample 610"}},{"type":"Feature","geometry":{"type":"Point","coordinates":[56.30349608837395,46.437414465405425]},"properties":{"ID":"KZ192","Elev":176,"ANb":2,"AML":177,"ES":0.367848992348,"ESb":0,"ESbP":0,"EPI":2,"EtW":17,"EtF":1,"EtFA":0,"CS":1,"CA":0,"CP":5,"CIP":0,"CC":0,"_layer":"GlobalKites - Sample 610"}},{"type":"Feature","geometry":{"type":"Point","coordinates":[55.235110348763726,45.49333284543462]},"properties":{"ID":"KZ199","Elev":122,"ANb":1,"AML":462,"ES":10.9165000916,"ESb":0,"ESbP":0,"EPI":2,"EtW":101,"EtF":1,"EtFA":0,"CS":0,"CA":0,"CP":7,"CIP":1,"CC":0,"_layer":"GlobalKites - Sample 610"}},{"type":"Feature","geometry":{"type":"Point","coordinates":[54.90372634009867,43.146988381109054]},"properties":{"ID":"KZ2","Elev":324,"ANb":2,"AML":296,"ES":2.07066011429,"ESb":0,"ESbP":0,"EPI":2,"EtW":39,"EtF":1,"EtFA":0,"CS":0,"CA":0,"CP":4,"CIP":1,"CC":0,"_layer":"GlobalKites - Sample 610"}},{"type":"Feature","geometry":{"type":"Point","coordinates":[53.53882218879312,43.94338897432186]},"properties":{"ID":"KZ20","Elev":217,"ANb":2,"AML":107,"ES":0.706884980202,"ESb":0,"ESbP":0,"EPI":2,"EtW":30,"EtF":1,"EtFA":0,"CS":0,"CA":0,"CP":2,"CIP":0,"CC":0,"_layer":"GlobalKites - Sample 610"}},{"type":"Feature","geometry":{"type":"Point","coordinates":[57.085000000050115,46.3832290000185]},"properties":{"ID":"KZ200","Elev":213,"ANb":1,"AML":396,"ES":15.0708999634,"ESb":0,"ESbP":0,"EPI":2,"EtW":129,"EtF":1,"EtFA":0,"CS":0,"CA":0,"CP":7,"CIP":0,"CC":0,"_layer":"GlobalKites - Sample 610"}},{"type":"Feature","geometry":{"type":"Point","coordinates":[56.50699999955049,46.45771000021648]},"properties":{"ID":"KZ206","Elev":146,"ANb":1,"AML":734,"ES":16.0139007568,"ESb":0,"ESbP":0,"EPI":2,"EtW":113,"EtF":1,"EtFA":0,"CS":0,"CA":0,"CP":6,"CIP":0,"CC":0,"_layer":"GlobalKites - Sample 610"}},{"type":"Feature","geometry":{"type":"Point","coordinates":[53.4799999997004,43.97131799962614]},"properties":{"ID":"KZ21","Elev":218,"ANb":2,"AML":72,"ES":0.376706987619,"ESb":0,"ESbP":0,"EPI":2,"EtW":21,"EtF":1,"EtFA":0,"CS":0,"CA":0,"CP":3,"CIP":2,"CC":0,"_layer":"GlobalKites - Sample 610"}},{"type":"Feature","geometry":{"type":"Point","coordinates":[55.52592063303098,45.75190378513173]},"properties":{"ID":"KZ230","Elev":115,"ANb":2,"AML":1285,"ES":17.0436833337,"ESb":0,"ESbP":0,"EPI":2,"EtW":76,"EtF":1,"EtFA":0,"CS":0,"CA":0,"CP":6,"CIP":0,"CC":0,"_layer":"GlobalKites - Sample 610"}},{"type":"Feature","geometry":{"type":"Point","coordinates":[53.19898373541122,44.090814481203495]},"properties":{"ID":"KZ234","Elev":232,"ANb":0,"AML":0,"ES":0.329782009125,"ESb":0,"ESbP":0,"EPI":2,"EtW":17,"EtF":1,"EtFA":0,"CS":0,"CA":0,"CP":3,"CIP":0,"CC":0,"_layer":"GlobalKites - Sample 610"}},{"type":"Feature","geometry":{"type":"Point","coordinates":[53.72353462282473,43.86409689615499]},"properties":{"ID":"KZ236","Elev":243,"ANb":2,"AML":153,"ES":0.732313990593,"ESb":0,"ESbP":0,"EPI":2,"EtW":18,"EtF":1,"EtFA":0,"CS":0,"CA":0,"CP":4,"CIP":0,"CC":0,"_layer":"GlobalKites - Sample 610"}},{"type":"Feature","geometry":{"type":"Point","coordinates":[53.4573969762896,43.98136374793876]},"properties":{"ID":"KZ24","Elev":206,"ANb":1,"AML":10,"ES":0.324068009853,"ESb":0,"ESbP":0,"EPI":2,"EtW":29,"EtF":1,"EtFA":0,"CS":0,"CA":0,"CP":4,"CIP":0,"CC":0,"_layer":"GlobalKites - Sample 610"}},{"type":"Feature","geometry":{"type":"Point","coordinates":[53.90604493462621,43.451095840600715]},"properties":{"ID":"KZ242","Elev":178,"ANb":0,"AML":0,"ES":1.83029997349,"ESb":0,"ESbP":0,"EPI":2,"EtW":27,"EtF":1,"EtFA":0,"CS":0,"CA":0,"CP":3,"CIP":0,"CC":0,"_layer":"GlobalKites - Sample 610"}},{"type":"Feature","geometry":{"type":"Point","coordinates":[53.88535991872544,43.47149128109788]},"properties":{"ID":"KZ243","Elev":180,"ANb":0,"AML":0,"ES":0.564909994602,"ESb":0,"ESbP":0,"EPI":2,"EtW":27,"EtF":1,"EtFA":0,"CS":0,"CA":1,"CP":2,"CIP":0,"CC":0,"_layer":"GlobalKites - Sample 610"}},{"type":"Feature","geometry":{"type":"Point","coordinates":[54.38107348535323,43.34839396980601]},"properties":{"ID":"KZ249","Elev":161,"ANb":0,"AML":0,"ES":3.28309988976,"ESb":0,"ESbP":0,"EPI":2,"EtW":12,"EtF":1,"EtFA":0,"CS":0,"CA":0,"CP":2,"CIP":0,"CC":0,"_layer":"GlobalKites - Sample 610"}},{"type":"Feature","geometry":{"type":"Point","coordinates":[54.65549800862635,43.265116646716024]},"properties":{"ID":"KZ256","Elev":215,"ANb":1,"AML":40,"ES":0.329268991947,"ESb":0,"ESbP":0,"EPI":2,"EtW":19,"EtF":1,"EtFA":0,"CS":0,"CA":0,"CP":4,"CIP":0,"CC":0,"_layer":"GlobalKites - Sample 610"}},{"type":"Feature","geometry":{"type":"Point","coordinates":[53.72166521018147,43.84368185763179]},"properties":{"ID":"KZ27","Elev":249,"ANb":1,"AML":100,"ES":0.826705992222,"ESb":0,"ESbP":0,"EPI":2,"EtW":22,"EtF":1,"EtFA":0,"CS":0,"CA":0,"CP":2,"CIP":1,"CC":0,"_layer":"GlobalKites - Sample 610"}},{"type":"Feature","geometry":{"type":"Point","coordinates":[57.33300314757736,45.713827182178875]},"properties":{"ID":"KZ272","Elev":98,"ANb":2,"AML":972,"ES":17.5188999176,"ESb":0,"ESbP":0,"EPI":2,"EtW":114,"EtF":1,"EtFA":0,"CS":0,"CA":0,"CP":6,"CIP":0,"CC":0,"_layer":"GlobalKites - Sample 610"}},{"type":"Feature","geometry":{"type":"Point","coordinates":[57.535245962831084,45.68469577588951]},"properties":{"ID":"KZ274","Elev":91,"ANb":0,"AML":0,"ES":15.794500351,"ESb":0,"ESbP":0,"EPI":2,"EtW":108,"EtF":1,"EtFA":0,"CS":0,"CA":0,"CP":6,"CIP":0,"CC":0,"_layer":"GlobalKites - Sample 610"}},{"type":"Feature","geometry":{"type":"Point","coordinates":[54.035217974829834,43.486244774376985]},"properties":{"ID":"KZ278","Elev":267,"ANb":0,"AML":0,"ES":6.75300979614,"ESb":0,"ESbP":0,"EPI":2,"EtW":42,"EtF":1,"EtFA":0,"CS":0,"CA":0,"CP":2,"CIP":0,"CC":0,"_layer":"GlobalKites - Sample 610"}},{"type":"Feature","geometry":{"type":"Point","coordinates":[54.073018674772186,43.45907518427248]},"properties":{"ID":"KZ288","Elev":266,"ANb":0,"AML":0,"ES":1.03608000278,"ESb":0,"ESbP":0,"EPI":2,"EtW":29,"EtF":1,"EtFA":0,"CS":0,"CA":0,"CP":2,"CIP":0,"CC":0,"_layer":"GlobalKites - Sample 610"}},{"type":"Feature","geometry":{"type":"Point","coordinates":[54.06201666114015,43.53880825040062]},"properties":{"ID":"KZ295","Elev":250,"ANb":0,"AML":0,"ES":0.625479996204,"ESb":0,"ESbP":0,"EPI":2,"EtW":30,"EtF":1,"EtFA":0,"CS":0,"CA":0,"CP":2,"CIP":0,"CC":0,"_layer":"GlobalKites - Sample 610"}},{"type":"Feature","geometry":{"type":"Point","coordinates":[54.13801890414925,43.368698944800656]},"properties":{"ID":"KZ312","Elev":191,"ANb":0,"AML":0,"ES":0.761236011982,"ESb":0,"ESbP":0,"EPI":2,"EtW":28,"EtF":0,"EtFA":0,"CS":0,"CA":0,"CP":2,"CIP":0,"CC":0,"_layer":"GlobalKites - Sample 610"}},{"type":"Feature","geometry":{"type":"Point","coordinates":[54.22774571619203,43.34615944320393]},"properties":{"ID":"KZ315","Elev":226,"ANb":0,"AML":0,"ES":3.56523990631,"ESb":0,"ESbP":0,"EPI":2,"EtW":43,"EtF":1,"EtFA":0,"CS":0,"CA":0,"CP":3,"CIP":0,"CC":0,"_layer":"GlobalKites - Sample 610"}},{"type":"Feature","geometry":{"type":"Point","coordinates":[54.154775962840574,43.632304436800496]},"properties":{"ID":"KZ326","Elev":286,"ANb":0,"AML":0,"ES":3.11687994003,"ESb":0,"ESbP":0,"EPI":2,"EtW":25,"EtF":1,"EtFA":0,"CS":0,"CA":0,"CP":2,"CIP":0,"CC":0,"_layer":"GlobalKites - Sample 610"}},{"type":"Feature","geometry":{"type":"Point","coordinates":[55.189686764932446,46.037480044768415]},"properties":{"ID":"KZ344","Elev":154,"ANb":2,"AML":119,"ES":1.16153001785,"ESb":0,"ESbP":0,"EPI":2,"EtW":49,"EtF":1,"EtFA":0,"CS":0,"CA":0,"CP":3,"CIP":0,"CC":0,"_layer":"GlobalKites - Sample 610"}},{"type":"Feature","geometry":{"type":"Point","coordinates":[55.37258522862555,46.05076085413026]},"properties":{"ID":"KZ345","Elev":126,"ANb":2,"AML":66,"ES":0.485363006592,"ESb":0,"ESbP":0,"EPI":2,"EtW":22,"EtF":1,"EtFA":1,"CS":0,"CA":0,"CP":3,"CIP":0,"CC":0,"_layer":"GlobalKites - Sample 610"}},{"type":"Feature","geometry":{"type":"Point","coordinates":[55.94800002987762,45.74584617036464]},"properties":{"ID":"KZ348","Elev":116,"ANb":1,"AML":1376,"ES":16.910200119,"ESb":0,"ESbP":0,"EPI":2,"EtW":148,"EtF":1,"EtFA":0,"CS":0,"CA":0,"CP":6,"CIP":3,"CC":0,"_layer":"GlobalKites - Sample 610"}},{"type":"Feature","geometry":{"type":"Point","coordinates":[54.981797766653756,45.21480414009915]},"properties":{"ID":"KZ355","Elev":93,"ANb":2,"AML":412,"ES":0.792698979378,"ESb":0,"ESbP":0,"EPI":2,"EtW":23,"EtF":1,"EtFA":0,"CS":0,"CA":0,"CP":3,"CIP":0,"CC":0,"_layer":"GlobalKites - Sample 610"}},{"type":"Feature","geometry":{"type":"Point","coordinates":[54.58786623074212,43.30261191081121]},"properties":{"ID":"KZ360","Elev":196,"ANb":1,"AML":28,"ES":0.719466984272,"ESb":0,"ESbP":0,"EPI":2,"EtW":34,"EtF":1,"EtFA":0,"CS":0,"CA":1,"CP":4,"CIP":0,"CC":0,"_layer":"GlobalKites - Sample 610"}},{"type":"Feature","geometry":{"type":"Point","coordinates":[53.24884499240267,44.05144517385588]},"properties":{"ID":"KZ38","Elev":263,"ANb":2,"AML":77,"ES":0.486138999462,"ESb":0,"ESbP":0,"EPI":2,"EtW":17,"EtF":1,"EtFA":0,"CS":0,"CA":0,"CP":3,"CIP":0,"CC":0,"_layer":"GlobalKites - Sample 610"}},{"type":"Feature","geometry":{"type":"Point","coordinates":[53.76118331395895,44.91639491369449]},"properties":{"ID":"KZ397","Elev":138,"ANb":1,"AML":46,"ES":0.649896979332,"ESb":0,"ESbP":0,"EPI":2,"EtW":49,"EtF":1,"EtFA":0,"CS":0,"CA":0,"CP":5,"CIP":0,"CC":0,"_layer":"GlobalKites - Sample 610"}},{"type":"Feature","geometry":{"type":"Point","coordinates":[56.55759904955664,45.91627459139943]},"properties":{"ID":"KZ405","Elev":115,"ANb":2,"AML":200,"ES":1.8275500536,"ESb":0,"ESbP":0,"EPI":2,"EtW":48,"EtF":1,"EtFA":0,"CS":0,"CA":0,"CP":4,"CIP":0,"CC":0,"_layer":"GlobalKites - Sample 610"}},{"type":"Feature","geometry":{"type":"Point","coordinates":[56.35039189387095,46.055656917133206]},"properties":{"ID":"KZ416","Elev":144,"ANb":2,"AML":156,"ES":0.51518201828,"ESb":0,"ESbP":0,"EPI":2,"EtW":10,"EtF":1,"EtFA":0,"CS":0,"CA":0,"CP":2,"CIP":3,"CC":0,"_layer":"GlobalKites - Sample 610"}},{"type":"Feature","geometry":{"type":"Point","coordinates":[54.37032461289073,43.354012872796034]},"properties":{"ID":"KZ42","Elev":164,"ANb":1,"AML":70,"ES":0.918334007263,"ESb":0,"ESbP":0,"EPI":2,"EtW":17,"EtF":1,"EtFA":0,"CS":0,"CA":0,"CP":3,"CIP":0,"CC":0,"_layer":"GlobalKites - Sample 610"}},{"type":"Feature","geometry":{"type":"Point","coordinates":[56.77947840880171,45.787570248168606]},"properties":{"ID":"KZ428","Elev":93,"ANb":2,"AML":1082,"ES":11.8479995728,"ESb":0,"ESbP":0,"EPI":2,"EtW":81,"EtF":1,"EtFA":0,"CS":0,"CA":0,"CP":7,"CIP":0,"CC":0,"_layer":"GlobalKites - Sample 610"}},{"type":"Feature","geometry":{"type":"Point","coordinates":[54.456744956814475,43.34896698274025]},"properties":{"ID":"KZ44","Elev":186,"ANb":0,"AML":0,"ES":5.15549993515,"ESb":0,"ESbP":0,"EPI":2,"EtW":66,"EtF":1,"EtFA":0,"CS":0,"CA":0,"CP":4,"CIP":0,"CC":0,"_layer":"GlobalKites - Sample 610"}},{"type":"Feature","geometry":{"type":"Point","coordinates":[55.776862709246814,44.90559324563196]},"properties":{"ID":"KZ448","Elev":97,"ANb":2,"AML":838,"ES":16.8519001007,"ESb":0,"ESbP":0,"EPI":2,"EtW":135,"EtF":1,"EtFA":0,"CS":0,"CA":0,"CP":5,"CIP":4,"CC":0,"_layer":"GlobalKites - Sample 610"}},{"type":"Feature","geometry":{"type":"Point","coordinates":[54.490602234805465,43.36865295616917]},"properties":{"ID":"KZ45","Elev":177,"ANb":1,"AML":56,"ES":4.02696990967,"ESb":0,"ESbP":0,"EPI":2,"EtW":39,"EtF":1,"EtFA":0,"CS":0,"CA":0,"CP":2,"CIP":0,"CC":0,"_layer":"GlobalKites - Sample 610"}},{"type":"Feature","geometry":{"type":"Point","coordinates":[54.57640174614386,43.33037438257185]},"properties":{"ID":"KZ54","Elev":185,"ANb":0,"AML":0,"ES":0.471978992224,"ESb":0,"ESbP":0,"EPI":2,"EtW":30,"EtF":1,"EtFA":0,"CS":0,"CA":0,"CP":3,"CIP":0,"CC":0,"_layer":"GlobalKites - Sample 610"}},{"type":"Feature","geometry":{"type":"Point","coordinates":[53.90781646325934,43.80712000618348]},"properties":{"ID":"KZ58","Elev":277,"ANb":1,"AML":97,"ES":1.13708996773,"ESb":0,"ESbP":0,"EPI":2,"EtW":30,"EtF":1,"EtFA":1,"CS":0,"CA":0,"CP":3,"CIP":0,"CC":0,"_layer":"GlobalKites - Sample 610"}},{"type":"Feature","geometry":{"type":"Point","coordinates":[55.03575254784198,45.204488370342176]},"properties":{"ID":"KZ6","Elev":84,"ANb":2,"AML":76,"ES":1.16332995892,"ESb":0,"ESbP":0,"EPI":2,"EtW":28,"EtF":1,"EtFA":0,"CS":0,"CA":1,"CP":3,"CIP":2,"CC":0,"_layer":"GlobalKites - Sample 610"}},{"type":"Feature","geometry":{"type":"Point","coordinates":[54.6828342826762,43.2408563265584]},"properties":{"ID":"KZ75","Elev":194,"ANb":0,"AML":0,"ES":2.58504009247,"ESb":0,"ESbP":0,"EPI":2,"EtW":29,"EtF":1,"EtFA":0,"CS":0,"CA":0,"CP":3,"CIP":0,"CC":0,"_layer":"GlobalKites - Sample 610"}},{"type":"Feature","geometry":{"type":"Point","coordinates":[54.580418735336536,43.29143750613616]},"properties":{"ID":"KZ78","Elev":189,"ANb":0,"AML":0,"ES":2.50837993622,"ESb":0,"ESbP":0,"EPI":2,"EtW":40,"EtF":1,"EtFA":0,"CS":0,"CA":0,"CP":3,"CIP":1,"CC":0,"_layer":"GlobalKites - Sample 610"}},{"type":"Feature","geometry":{"type":"Point","coordinates":[54.30206799504208,43.341509438310084]},"properties":{"ID":"KZ80","Elev":156,"ANb":0,"AML":0,"ES":1.21487998962,"ESb":0,"ESbP":0,"EPI":2,"EtW":14,"EtF":1,"EtFA":0,"CS":0,"CA":0,"CP":3,"CIP":0,"CC":0,"_layer":"GlobalKites - Sample 610"}},{"type":"Feature","geometry":{"type":"Point","coordinates":[54.788738134757295,43.20296565843853]},"properties":{"ID":"KZ91","Elev":238,"ANb":0,"AML":0,"ES":1.74120998383,"ESb":0,"ESbP":0,"EPI":2,"EtW":46,"EtF":1,"EtFA":0,"CS":0,"CA":0,"CP":3,"CIP":0,"CC":0,"_layer":"GlobalKites - Sample 610"}},{"type":"Feature","geometry":{"type":"Point","coordinates":[54.85602948237488,43.08211686630051]},"properties":{"ID":"KZ95","Elev":291,"ANb":2,"AML":374,"ES":1.54799997807,"ESb":0,"ESbP":0,"EPI":2,"EtW":36,"EtF":1,"EtFA":0,"CS":0,"CA":0,"CP":2,"CIP":0,"CC":0,"_layer":"GlobalKites - Sample 610"}},{"type":"Feature","geometry":{"type":"Point","coordinates":[37.99464199992855,34.34613300043776]},"properties":{"ID":"SY1","Elev":589,"ANb":2,"AML":552,"ES":0.350255995989,"ESb":0,"ESbP":0,"EPI":1,"EtW":9,"EtF":0,"EtFA":0,"CS":3,"CA":2,"CP":0,"CIP":0,"CC":2,"_layer":"GlobalKites - Sample 610"}},{"type":"Feature","geometry":{"type":"Point","coordinates":[38.10732500004889,34.33320599965731]},"properties":{"ID":"SY10","Elev":538,"ANb":2,"AML":298,"ES":1.02822005749,"ESb":0,"ESbP":0,"EPI":0,"EtW":19,"EtF":0,"EtFA":0,"CS":4,"CA":4,"CP":0,"CIP":0,"CC":4,"_layer":"GlobalKites - Sample 610"}},{"type":"Feature","geometry":{"type":"Point","coordinates":[37.08703299977327,34.23238899995255]},"properties":{"ID":"SY101","Elev":907,"ANb":2,"AML":721,"ES":3.07492995262,"ESb":0,"ESbP":0,"EPI":2,"EtW":30,"EtF":1,"EtFA":1,"CS":4,"CA":2,"CP":1,"CIP":0,"CC":0,"_layer":"GlobalKites - Sample 610"}},{"type":"Feature","geometry":{"type":"Point","coordinates":[39.00282501016625,35.105335182272995]},"properties":{"ID":"SY1011","Elev":470,"ANb":2,"AML":268,"ES":1.29499995708,"ESb":0,"ESbP":0,"EPI":0,"EtW":14,"EtF":1,"EtFA":1,"CS":12,"CA":0,"CP":0,"CIP":0,"CC":2,"_layer":"GlobalKites - Sample 610"}},{"type":"Feature","geometry":{"type":"Point","coordinates":[39.030992554562886,35.101817567726755]},"properties":{"ID":"SY1014","Elev":447,"ANb":2,"AML":328,"ES":0.62507802248,"ESb":0,"ESbP":0,"EPI":0,"EtW":11,"EtF":0,"EtFA":0,"CS":9,"CA":0,"CP":0,"CIP":0,"CC":0,"_layer":"GlobalKites - Sample 610"}},{"type":"Feature","geometry":{"type":"Point","coordinates":[38.910135260234256,35.137200425959065]},"properties":{"ID":"SY1026","Elev":448,"ANb":2,"AML":146,"ES":0.202019006014,"ESb":0,"ESbP":0,"EPI":0,"EtW":8,"EtF":0,"EtFA":0,"CS":5,"CA":0,"CP":0,"CIP":0,"CC":2,"_layer":"GlobalKites - Sample 610"}},{"type":"Feature","geometry":{"type":"Point","coordinates":[38.96955214941232,35.09537851001039]},"properties":{"ID":"SY1032","Elev":454,"ANb":2,"AML":962,"ES":0.706076979637,"ESb":0,"ESbP":0,"EPI":1,"EtW":16,"EtF":0,"EtFA":0,"CS":4,"CA":3,"CP":0,"CIP":0,"CC":0,"_layer":"GlobalKites - Sample 610"}},{"type":"Feature","geometry":{"type":"Point","coordinates":[38.9999286841616,35.20245222898734]},"properties":{"ID":"SY1043","Elev":474,"ANb":2,"AML":206,"ES":0.406388014555,"ESb":0,"ESbP":0,"EPI":1,"EtW":12,"EtF":0,"EtFA":0,"CS":4,"CA":1,"CP":0,"CIP":0,"CC":0,"_layer":"GlobalKites - Sample 610"}},{"type":"Feature","geometry":{"type":"Point","coordinates":[38.68928714458622,34.823793432421155]},"properties":{"ID":"SY1059","Elev":636,"ANb":2,"AML":292,"ES":0.362122073388,"ESb":0,"ESbP":0,"EPI":1,"EtW":13,"EtF":0,"EtFA":0,"CS":4,"CA":3,"CP":0,"CIP":0,"CC":0,"_layer":"GlobalKites - Sample 610"}},{"type":"Feature","geometry":{"type":"Point","coordinates":[37.10481799975105,34.26437400006023]},"properties":{"ID":"SY107","Elev":880,"ANb":2,"AML":586,"ES":2.67555999756,"ESb":0,"ESbP":0,"EPI":2,"EtW":31,"EtF":1,"EtFA":1,"CS":5,"CA":5,"CP":0,"CIP":0,"CC":0,"_layer":"GlobalKites - Sample 610"}},{"type":"Feature","geometry":{"type":"Point","coordinates":[38.36909808021238,34.66075938833529]},"properties":{"ID":"SY1077","Elev":668,"ANb":2,"AML":347,"ES":0.264025986195,"ESb":0,"ESbP":0,"EPI":2,"EtW":8,"EtF":1,"EtFA":1,"CS":1,"CA":0,"CP":5,"CIP":1,"CC":2,"_layer":"GlobalKites - Sample 610"}},{"type":"Feature","geometry":{"type":"Point","coordinates":[38.37488893087965,34.67308778057679]},"properties":{"ID":"SY1078","Elev":673,"ANb":2,"AML":192,"ES":0.0995491966605,"ESb":0,"ESbP":0,"EPI":0,"EtW":13,"EtF":0,"EtFA":0,"CS":0,"CA":0,"CP":1,"CIP":4,"CC":0,"_layer":"GlobalKites - Sample 610"}},{"type":"Feature","geometry":{"type":"Point","coordinates":[38.339429311014044,34.64298109909862]},"properties":{"ID":"SY1080","Elev":574,"ANb":2,"AML":156,"ES":0.215385004878,"ESb":0,"ESbP":0,"EPI":2,"EtW":7,"EtF":1,"EtFA":1,"CS":2,"CA":0,"CP":2,"CIP":0,"CC":0,"_layer":"GlobalKites - Sample 610"}},{"type":"Feature","geometry":{"type":"Point","coordinates":[38.289743117850776,34.682615122789855]},"properties":{"ID":"SY1087","Elev":640,"ANb":2,"AML":858,"ES":1.29126000404,"ESb":1,"ESbP":1,"EPI":2,"EtW":12,"EtF":1,"EtFA":1,"CS":3,"CA":4,"CP":0,"CIP":0,"CC":2,"_layer":"GlobalKites - Sample 610"}},{"type":"Feature","geometry":{"type":"Point","coordinates":[38.347218276302556,34.697175472270374]},"properties":{"ID":"SY1089","Elev":643,"ANb":1,"AML":200,"ES":0.936873972416,"ESb":0,"ESbP":0,"EPI":0,"EtW":18,"EtF":0,"EtFA":0,"CS":6,"CA":1,"CP":0,"CIP":3,"CC":2,"_layer":"GlobalKites - Sample 610"}},{"type":"Feature","geometry":{"type":"Point","coordinates":[38.16377580640852,34.46871446240266]},"properties":{"ID":"SY1100","Elev":684,"ANb":3,"AML":190,"ES":0.280063986778,"ESb":0,"ESbP":0,"EPI":1,"EtW":10,"EtF":1,"EtFA":1,"CS":1,"CA":0,"CP":0,"CIP":1,"CC":0,"_layer":"GlobalKites - Sample 610"}},{"type":"Feature","geometry":{"type":"Point","coordinates":[37.43079845258666,32.757438487196566]},"properties":{"ID":"SY1101","Elev":781,"ANb":2,"AML":1653,"ES":0.712050020695,"ESb":0,"ESbP":0,"EPI":2,"EtW":16,"EtF":0,"EtFA":0,"CS":0,"CA":2,"CP":0,"CIP":9,"CC":0,"_layer":"GlobalKites - Sample 610"}},{"type":"Feature","geometry":{"type":"Point","coordinates":[38.50095454541611,35.0698194716914]},"properties":{"ID":"SY1110","Elev":685,"ANb":2,"AML":554,"ES":0.430106014013,"ESb":0,"ESbP":0,"EPI":0,"EtW":18,"EtF":0,"EtFA":0,"CS":6,"CA":1,"CP":1,"CIP":0,"CC":2,"_layer":"GlobalKites - Sample 610"}},{"type":"Feature","geometry":{"type":"Point","coordinates":[38.80377009731228,35.377900027164685]},"properties":{"ID":"SY1114","Elev":448,"ANb":2,"AML":548,"ES":0.419694006443,"ESb":0,"ESbP":0,"EPI":0,"EtW":21,"EtF":0,"EtFA":0,"CS":5,"CA":0,"CP":0,"CIP":2,"CC":0,"_layer":"GlobalKites - Sample 610"}},{"type":"Feature","geometry":{"type":"Point","coordinates":[38.967005362907344,35.35575228284176]},"properties":{"ID":"SY1116","Elev":519,"ANb":2,"AML":226,"ES":0.363501012325,"ESb":0,"ESbP":0,"EPI":0,"EtW":11,"EtF":0,"EtFA":0,"CS":1,"CA":1,"CP":2,"CIP":0,"CC":0,"_layer":"GlobalKites - Sample 610"}},{"type":"Feature","geometry":{"type":"Point","coordinates":[37.57043688005814,34.15586842368896]},"properties":{"ID":"SY1133","Elev":825,"ANb":2,"AML":158,"ES":0.554666996002,"ESb":0,"ESbP":0,"EPI":1,"EtW":13,"EtF":0,"EtFA":0,"CS":3,"CA":1,"CP":2,"CIP":0,"CC":2,"_layer":"GlobalKites - Sample 610"}},{"type":"Feature","geometry":{"type":"Point","coordinates":[38.111528511331926,34.41655691516968]},"properties":{"ID":"SY1145","Elev":568,"ANb":3,"AML":576,"ES":0.208222001791,"ESb":0,"ESbP":0,"EPI":2,"EtW":7,"EtF":1,"EtFA":1,"CS":4,"CA":2,"CP":0,"CIP":0,"CC":5,"_layer":"GlobalKites - Sample 610"}},{"type":"Feature","geometry":{"type":"Point","coordinates":[38.157628090364256,34.45896541302358]},"properties":{"ID":"SY1148","Elev":653,"ANb":2,"AML":312,"ES":0.14713999629,"ESb":0,"ESbP":0,"EPI":2,"EtW":6,"EtF":1,"EtFA":1,"CS":5,"CA":4,"CP":0,"CIP":2,"CC":5,"_layer":"GlobalKites - Sample 610"}},{"type":"Feature","geometry":{"type":"Point","coordinates":[38.089788864064985,34.445066034669935]},"properties":{"ID":"SY1155","Elev":638,"ANb":3,"AML":288,"ES":0.108318001032,"ESb":0,"ESbP":0,"EPI":0,"EtW":17,"EtF":0,"EtFA":0,"CS":1,"CA":2,"CP":0,"CIP":0,"CC":0,"_layer":"GlobalKites - Sample 610"}},{"type":"Feature","geometry":{"type":"Point","coordinates":[38.043047160997844,34.39599734390248]},"properties":{"ID":"SY1165","Elev":689,"ANb":2,"AML":172,"ES":0.166488006711,"ESb":0,"ESbP":0,"EPI":1,"EtW":11,"EtF":0,"EtFA":0,"CS":1,"CA":0,"CP":2,"CIP":0,"CC":0,"_layer":"GlobalKites - Sample 610"}},{"type":"Feature","geometry":{"type":"Point","coordinates":[38.02524887893276,34.39801356637315]},"properties":{"ID":"SY1168","Elev":675,"ANb":2,"AML":361,"ES":0.205237001181,"ESb":1,"ESbP":1,"EPI":2,"EtW":5,"EtF":1,"EtFA":1,"CS":6,"CA":2,"CP":0,"CIP":0,"CC":0,"_layer":"GlobalKites - Sample 610"}},{"type":"Feature","geometry":{"type":"Point","coordinates":[36.90666800002833,32.73853100020568]},"properties":{"ID":"SY117","Elev":959,"ANb":3,"AML":440,"ES":0.0984338968992,"ESb":0,"ESbP":0,"EPI":0,"EtW":0,"EtF":0,"EtFA":0,"CS":0,"CA":0,"CP":2,"CIP":0,"CC":0,"_layer":"GlobalKites - Sample 610"}},{"type":"Feature","geometry":{"type":"Point","coordinates":[38.1429840778531,34.341893847223446]},"properties":{"ID":"SY1180","Elev":515,"ANb":2,"AML":110,"ES":0.241574004292,"ESb":0,"ESbP":0,"EPI":1,"EtW":9,"EtF":0,"EtFA":0,"CS":2,"CA":2,"CP":0,"CIP":1,"CC":0,"_layer":"GlobalKites - Sample 610"}},{"type":"Feature","geometry":{"type":"Point","coordinates":[37.25212249295885,34.09677412942273]},"properties":{"ID":"SY1202","Elev":917,"ANb":2,"AML":302,"ES":1.25637996197,"ESb":0,"ESbP":0,"EPI":2,"EtW":28,"EtF":0,"EtFA":0,"CS":0,"CA":5,"CP":0,"CIP":0,"CC":0,"_layer":"GlobalKites - Sample 610"}},{"type":"Feature","geometry":{"type":"Point","coordinates":[37.21725446602096,34.06804996493412]},"properties":{"ID":"SY1204","Elev":927,"ANb":2,"AML":187,"ES":0.763668000698,"ESb":0,"ESbP":0,"EPI":2,"EtW":11,"EtF":1,"EtFA":1,"CS":1,"CA":1,"CP":2,"CIP":0,"CC":0,"_layer":"GlobalKites - Sample 610"}},{"type":"Feature","geometry":{"type":"Point","coordinates":[36.92820801129085,32.73149204612122]},"properties":{"ID":"SY121","Elev":932,"ANb":2,"AML":204,"ES":0.0232044998556,"ESb":0,"ESbP":0,"EPI":0,"EtW":0,"EtF":0,"EtFA":0,"CS":1,"CA":0,"CP":0,"CIP":0,"CC":0,"_layer":"GlobalKites - Sample 610"}},{"type":"Feature","geometry":{"type":"Point","coordinates":[37.28913147923453,34.18562581388039]},"properties":{"ID":"SY1214","Elev":783,"ANb":2,"AML":1222,"ES":1.35860002041,"ESb":0,"ESbP":0,"EPI":2,"EtW":27,"EtF":1,"EtFA":1,"CS":3,"CA":3,"CP":2,"CIP":0,"CC":0,"_layer":"GlobalKites - Sample 610"}},{"type":"Feature","geometry":{"type":"Point","coordinates":[37.281469910108456,34.2370377826677]},"properties":{"ID":"SY1216","Elev":726,"ANb":0,"AML":0,"ES":3.6655600071,"ESb":0,"ESbP":0,"EPI":2,"EtW":25,"EtF":1,"EtFA":0,"CS":1,"CA":4,"CP":1,"CIP":0,"CC":0,"_layer":"GlobalKites - Sample 610"}},{"type":"Feature","geometry":{"type":"Point","coordinates":[37.313915509693174,34.27211104388971]},"properties":{"ID":"SY1219","Elev":716,"ANb":2,"AML":174,"ES":2.44584989548,"ESb":0,"ESbP":0,"EPI":2,"EtW":28,"EtF":1,"EtFA":1,"CS":1,"CA":3,"CP":1,"CIP":0,"CC":0,"_layer":"GlobalKites - Sample 610"}},{"type":"Feature","geometry":{"type":"Point","coordinates":[37.30529189530489,34.42476507514829]},"properties":{"ID":"SY1221","Elev":703,"ANb":1,"AML":100,"ES":0.791275978088,"ESb":0,"ESbP":0,"EPI":2,"EtW":39,"EtF":1,"EtFA":0,"CS":2,"CA":2,"CP":2,"CIP":0,"CC":0,"_layer":"GlobalKites - Sample 610"}},{"type":"Feature","geometry":{"type":"Point","coordinates":[37.305287289876674,34.42474929114701]},"properties":{"ID":"SY1221b","Elev":703,"ANb":1,"AML":100,"ES":0.502451002598,"ESb":0,"ESbP":0,"EPI":0,"EtW":13,"EtF":0,"EtFA":0,"CS":4,"CA":2,"CP":0,"CIP":0,"CC":0,"_layer":"GlobalKites - Sample 610"}},{"type":"Feature","geometry":{"type":"Point","coordinates":[37.09970573882896,34.38477850372516]},"properties":{"ID":"SY1223","Elev":781,"ANb":1,"AML":132,"ES":3.56238007545,"ESb":0,"ESbP":0,"EPI":2,"EtW":21,"EtF":1,"EtFA":0,"CS":1,"CA":2,"CP":1,"CIP":0,"CC":0,"_layer":"GlobalKites - Sample 610"}},{"type":"Feature","geometry":{"type":"Point","coordinates":[37.078646607655,34.35124115505545]},"properties":{"ID":"SY1230","Elev":816,"ANb":2,"AML":996,"ES":1.67622005939,"ESb":0,"ESbP":0,"EPI":2,"EtW":20,"EtF":1,"EtFA":1,"CS":1,"CA":5,"CP":1,"CIP":0,"CC":0,"_layer":"GlobalKites - Sample 610"}},{"type":"Feature","geometry":{"type":"Point","coordinates":[37.06403066568282,34.347465433283276]},"properties":{"ID":"SY1231","Elev":847,"ANb":2,"AML":688,"ES":2.34149003029,"ESb":0,"ESbP":0,"EPI":2,"EtW":24,"EtF":1,"EtFA":1,"CS":1,"CA":3,"CP":1,"CIP":0,"CC":0,"_layer":"GlobalKites - Sample 610"}},{"type":"Feature","geometry":{"type":"Point","coordinates":[37.056549506854424,34.28575122863646]},"properties":{"ID":"SY1238","Elev":876,"ANb":2,"AML":394,"ES":1.39725995064,"ESb":0,"ESbP":0,"EPI":2,"EtW":33,"EtF":1,"EtFA":1,"CS":2,"CA":4,"CP":0,"CIP":0,"CC":0,"_layer":"GlobalKites - Sample 610"}},{"type":"Feature","geometry":{"type":"Point","coordinates":[37.046535321148326,34.28187925332503]},"properties":{"ID":"SY1239","Elev":886,"ANb":2,"AML":335,"ES":2.22656989098,"ESb":0,"ESbP":0,"EPI":2,"EtW":42,"EtF":1,"EtFA":1,"CS":1,"CA":6,"CP":0,"CIP":0,"CC":0,"_layer":"GlobalKites - Sample 610"}},{"type":"Feature","geometry":{"type":"Point","coordinates":[37.121054217878,34.30031718269197]},"properties":{"ID":"SY1243","Elev":842,"ANb":1,"AML":170,"ES":1.36951005459,"ESb":0,"ESbP":0,"EPI":2,"EtW":18,"EtF":1,"EtFA":1,"CS":1,"CA":5,"CP":0,"CIP":0,"CC":0,"_layer":"GlobalKites - Sample 610"}},{"type":"Feature","geometry":{"type":"Point","coordinates":[37.129183022578616,34.3332152626744]},"properties":{"ID":"SY1246","Elev":816,"ANb":2,"AML":276,"ES":1.61442995071,"ESb":0,"ESbP":0,"EPI":2,"EtW":17,"EtF":1,"EtFA":1,"CS":0,"CA":5,"CP":1,"CIP":0,"CC":0,"_layer":"GlobalKites - Sample 610"}},{"type":"Feature","geometry":{"type":"Point","coordinates":[37.132433227311765,34.33694834758836]},"properties":{"ID":"SY1248","Elev":802,"ANb":2,"AML":342,"ES":2.52647995949,"ESb":0,"ESbP":0,"EPI":2,"EtW":24,"EtF":1,"EtFA":1,"CS":3,"CA":7,"CP":1,"CIP":0,"CC":0,"_layer":"GlobalKites - Sample 610"}},{"type":"Feature","geometry":{"type":"Point","coordinates":[36.81522077771689,33.24008330280236]},"properties":{"ID":"SY1254","Elev":613,"ANb":2,"AML":476,"ES":0.574298977852,"ESb":0,"ESbP":0,"EPI":2,"EtW":7,"EtF":0,"EtFA":0,"CS":1,"CA":0,"CP":3,"CIP":1,"CC":0,"_layer":"GlobalKites - Sample 610"}},{"type":"Feature","geometry":{"type":"Point","coordinates":[36.94662299985174,32.75326599982617]},"properties":{"ID":"SY127","Elev":884,"ANb":3,"AML":478,"ES":0.196684002876,"ESb":0,"ESbP":0,"EPI":0,"EtW":7,"EtF":0,"EtFA":0,"CS":0,"CA":1,"CP":2,"CIP":0,"CC":0,"_layer":"GlobalKites - Sample 610"}},{"type":"Feature","geometry":{"type":"Point","coordinates":[37.108931092296245,32.97996271700595]},"properties":{"ID":"SY1270","Elev":624,"ANb":2,"AML":614,"ES":0.361988991499,"ESb":0,"ESbP":0,"EPI":0,"EtW":10,"EtF":0,"EtFA":0,"CS":1,"CA":0,"CP":2,"CIP":0,"CC":0,"_layer":"GlobalKites - Sample 610"}},{"type":"Feature","geometry":{"type":"Point","coordinates":[37.16371894966994,32.93736908381635]},"properties":{"ID":"SY1274","Elev":636,"ANb":2,"AML":1310,"ES":0.736184000969,"ESb":0,"ESbP":0,"EPI":0,"EtW":21,"EtF":0,"EtFA":0,"CS":0,"CA":1,"CP":0,"CIP":13,"CC":0,"_layer":"GlobalKites - Sample 610"}},{"type":"Feature","geometry":{"type":"Point","coordinates":[37.13807821963428,32.966851001772454]},"properties":{"ID":"SY1279","Elev":606,"ANb":4,"AML":589,"ES":0.3750680089,"ESb":0,"ESbP":0,"EPI":2,"EtW":7,"EtF":0,"EtFA":0,"CS":0,"CA":0,"CP":7,"CIP":1,"CC":0,"_layer":"GlobalKites - Sample 610"}},{"type":"Feature","geometry":{"type":"Point","coordinates":[37.18592088264279,32.9366227337523]},"properties":{"ID":"SY1281","Elev":612,"ANb":2,"AML":896,"ES":0.449221998453,"ESb":0,"ESbP":0,"EPI":2,"EtW":8,"EtF":0,"EtFA":0,"CS":0,"CA":0,"CP":4,"CIP":0,"CC":0,"_layer":"GlobalKites - Sample 610"}},{"type":"Feature","geometry":{"type":"Point","coordinates":[37.33546288640326,32.930986853360764]},"properties":{"ID":"SY1291","Elev":605,"ANb":3,"AML":334,"ES":0.934319972992,"ESb":1,"ESbP":0,"EPI":2,"EtW":9,"EtF":0,"EtFA":0,"CS":0,"CA":1,"CP":5,"CIP":1,"CC":0,"_layer":"GlobalKites - Sample 610"}},{"type":"Feature","geometry":{"type":"Point","coordinates":[37.21780090758597,32.829246460356046]},"properties":{"ID":"SY1313","Elev":671,"ANb":2,"AML":524,"ES":0.489618003368,"ESb":1,"ESbP":1,"EPI":1,"EtW":22,"EtF":0,"EtFA":0,"CS":0,"CA":0,"CP":3,"CIP":7,"CC":0,"_layer":"GlobalKites - Sample 610"}},{"type":"Feature","geometry":{"type":"Point","coordinates":[37.13961172200351,32.76002899514219]},"properties":{"ID":"SY1317","Elev":700,"ANb":2,"AML":392,"ES":0.183153003454,"ESb":0,"ESbP":0,"EPI":0,"EtW":24,"EtF":0,"EtFA":0,"CS":0,"CA":0,"CP":0,"CIP":3,"CC":0,"_layer":"GlobalKites - Sample 610"}},{"type":"Feature","geometry":{"type":"Point","coordinates":[36.91586399962404,32.8700690001844]},"properties":{"ID":"SY132","Elev":879,"ANb":4,"AML":610,"ES":0.202197000384,"ESb":1,"ESbP":1,"EPI":0,"EtW":6,"EtF":0,"EtFA":0,"CS":0,"CA":0,"CP":1,"CIP":0,"CC":0,"_layer":"GlobalKites - Sample 610"}},{"type":"Feature","geometry":{"type":"Point","coordinates":[37.4984116657659,33.07025155136819]},"properties":{"ID":"SY1334","Elev":613,"ANb":4,"AML":168,"ES":0.129221007228,"ESb":0,"ESbP":0,"EPI":2,"EtW":6,"EtF":0,"EtFA":0,"CS":0,"CA":0,"CP":2,"CIP":1,"CC":0,"_layer":"GlobalKites - Sample 610"}},{"type":"Feature","geometry":{"type":"Point","coordinates":[37.0445064685988,32.772996826942176]},"properties":{"ID":"SY1348","Elev":772,"ANb":2,"AML":268,"ES":0.0750678032637,"ESb":0,"ESbP":0,"EPI":1,"EtW":3,"EtF":0,"EtFA":0,"CS":0,"CA":0,"CP":2,"CIP":0,"CC":0,"_layer":"GlobalKites - Sample 610"}},{"type":"Feature","geometry":{"type":"Point","coordinates":[36.93310999992673,32.7209899997888]},"properties":{"ID":"SY135","Elev":959,"ANb":3,"AML":536,"ES":0.327989012003,"ESb":0,"ESbP":0,"EPI":1,"EtW":10,"EtF":0,"EtFA":0,"CS":0,"CA":0,"CP":1,"CIP":2,"CC":0,"_layer":"GlobalKites - Sample 610"}},{"type":"Feature","geometry":{"type":"Point","coordinates":[37.020830579168035,35.72811465686607]},"properties":{"ID":"SY1361","Elev":301,"ANb":2,"AML":446,"ES":1.85155398405,"ESb":3,"ESbP":3,"EPI":2,"EtW":55,"EtF":1,"EtFA":1,"CS":1,"CA":5,"CP":0,"CIP":0,"CC":0,"_layer":"GlobalKites - Sample 610"}},{"type":"Feature","geometry":{"type":"Point","coordinates":[37.576534359972925,35.72901961136614]},"properties":{"ID":"SY1376","Elev":395,"ANb":2,"AML":474,"ES":2.40408992767,"ESb":0,"ESbP":0,"EPI":2,"EtW":34,"EtF":1,"EtFA":1,"CS":0,"CA":3,"CP":0,"CIP":0,"CC":0,"_layer":"GlobalKites - Sample 610"}},{"type":"Feature","geometry":{"type":"Point","coordinates":[36.90698038044036,32.692242839635526]},"properties":{"ID":"SY1389","Elev":1107,"ANb":5,"AML":917,"ES":0.713406026363,"ESb":1,"ESbP":0,"EPI":0,"EtW":15,"EtF":0,"EtFA":0,"CS":0,"CA":0,"CP":1,"CIP":1,"CC":0,"_layer":"GlobalKites - Sample 610"}},{"type":"Feature","geometry":{"type":"Point","coordinates":[36.92421599986869,32.7059319996622]},"properties":{"ID":"SY139","Elev":1020,"ANb":6,"AML":622,"ES":0.208404004574,"ESb":4,"ESbP":2,"EPI":0,"EtW":11,"EtF":0,"EtFA":0,"CS":2,"CA":0,"CP":1,"CIP":0,"CC":0,"_layer":"GlobalKites - Sample 610"}},{"type":"Feature","geometry":{"type":"Point","coordinates":[36.88822550300472,32.66270134698976]},"properties":{"ID":"SY1392","Elev":1322,"ANb":2,"AML":240,"ES":4.00055980682,"ESb":0,"ESbP":0,"EPI":2,"EtW":19,"EtF":1,"EtFA":1,"CS":1,"CA":3,"CP":2,"CIP":0,"CC":0,"_layer":"GlobalKites - Sample 610"}},{"type":"Feature","geometry":{"type":"Point","coordinates":[36.956816978021266,32.663683671964066]},"properties":{"ID":"SY1396","Elev":1013,"ANb":2,"AML":496,"ES":1.00189995766,"ESb":0,"ESbP":0,"EPI":1,"EtW":12,"EtF":0,"EtFA":0,"CS":0,"CA":0,"CP":1,"CIP":2,"CC":0,"_layer":"GlobalKites - Sample 610"}},{"type":"Feature","geometry":{"type":"Point","coordinates":[36.93649764984684,32.656035681701496]},"properties":{"ID":"SY1400","Elev":1158,"ANb":4,"AML":305,"ES":0.111483998597,"ESb":0,"ESbP":0,"EPI":0,"EtW":15,"EtF":0,"EtFA":0,"CS":0,"CA":0,"CP":1,"CIP":2,"CC":0,"_layer":"GlobalKites - Sample 610"}},{"type":"Feature","geometry":{"type":"Point","coordinates":[36.93478485233925,32.671717456995225]},"properties":{"ID":"SY1406","Elev":1066,"ANb":2,"AML":304,"ES":0.143575996161,"ESb":0,"ESbP":0,"EPI":1,"EtW":7,"EtF":0,"EtFA":0,"CS":0,"CA":2,"CP":2,"CIP":0,"CC":0,"_layer":"GlobalKites - Sample 610"}},{"type":"Feature","geometry":{"type":"Point","coordinates":[36.952359136664995,32.64543460112611]},"properties":{"ID":"SY1417","Elev":1057,"ANb":3,"AML":430,"ES":0.485886991024,"ESb":0,"ESbP":0,"EPI":0,"EtW":6,"EtF":0,"EtFA":0,"CS":0,"CA":0,"CP":0,"CIP":2,"CC":0,"_layer":"GlobalKites - Sample 610"}},{"type":"Feature","geometry":{"type":"Point","coordinates":[36.94872496818289,32.632925696963525]},"properties":{"ID":"SY1421","Elev":1102,"ANb":3,"AML":706,"ES":0.143829002976,"ESb":0,"ESbP":0,"EPI":1,"EtW":6,"EtF":0,"EtFA":0,"CS":2,"CA":0,"CP":1,"CIP":1,"CC":0,"_layer":"GlobalKites - Sample 610"}},{"type":"Feature","geometry":{"type":"Point","coordinates":[36.94872496818289,32.632925696963525]},"properties":{"ID":"SY1421b","Elev":1102,"ANb":3,"AML":706,"ES":0.114519998431,"ESb":0,"ESbP":0,"EPI":0,"EtW":6,"EtF":0,"EtFA":0,"CS":3,"CA":0,"CP":0,"CIP":0,"CC":0,"_layer":"GlobalKites - Sample 610"}},{"type":"Feature","geometry":{"type":"Point","coordinates":[36.967940724784796,32.62588850375164]},"properties":{"ID":"SY1424","Elev":1015,"ANb":2,"AML":346,"ES":0.25117701292,"ESb":0,"ESbP":0,"EPI":2,"EtW":11,"EtF":0,"EtFA":0,"CS":0,"CA":1,"CP":4,"CIP":0,"CC":0,"_layer":"GlobalKites - Sample 610"}},{"type":"Feature","geometry":{"type":"Point","coordinates":[36.94444217716489,32.61805030867498]},"properties":{"ID":"SY1426","Elev":1171,"ANb":5,"AML":576,"ES":0.215673997998,"ESb":0,"ESbP":0,"EPI":0,"EtW":16,"EtF":0,"EtFA":0,"CS":0,"CA":1,"CP":0,"CIP":1,"CC":0,"_layer":"GlobalKites - Sample 610"}},{"type":"Feature","geometry":{"type":"Point","coordinates":[36.961080241160346,32.62391352329064]},"properties":{"ID":"SY1431","Elev":1034,"ANb":3,"AML":752,"ES":0.0790051966906,"ESb":0,"ESbP":0,"EPI":0,"EtW":8,"EtF":0,"EtFA":0,"CS":1,"CA":0,"CP":0,"CIP":0,"CC":0,"_layer":"GlobalKites - Sample 610"}},{"type":"Feature","geometry":{"type":"Point","coordinates":[37.00947755834284,32.62536533843979]},"properties":{"ID":"SY1438","Elev":890,"ANb":2,"AML":554,"ES":0.183533996344,"ESb":0,"ESbP":0,"EPI":0,"EtW":7,"EtF":0,"EtFA":0,"CS":0,"CA":1,"CP":0,"CIP":1,"CC":0,"_layer":"GlobalKites - Sample 610"}},{"type":"Feature","geometry":{"type":"Point","coordinates":[37.014470132990425,32.5617766237923]},"properties":{"ID":"SY1449","Elev":1001,"ANb":2,"AML":586,"ES":0.393251001835,"ESb":0,"ESbP":0,"EPI":0,"EtW":12,"EtF":0,"EtFA":0,"CS":1,"CA":0,"CP":0,"CIP":6,"CC":0,"_layer":"GlobalKites - Sample 610"}},{"type":"Feature","geometry":{"type":"Point","coordinates":[36.97783400023911,33.067314000440945]},"properties":{"ID":"SY147","Elev":650,"ANb":3,"AML":313,"ES":0.210575997829,"ESb":0,"ESbP":0,"EPI":0,"EtW":0,"EtF":0,"EtFA":0,"CS":0,"CA":0,"CP":1,"CIP":1,"CC":0,"_layer":"GlobalKites - Sample 610"}},{"type":"Feature","geometry":{"type":"Point","coordinates":[36.9936039999248,33.05928799994143]},"properties":{"ID":"SY149","Elev":634,"ANb":3,"AML":386,"ES":0.120072998106,"ESb":0,"ESbP":0,"EPI":0,"EtW":0,"EtF":0,"EtFA":0,"CS":0,"CA":0,"CP":1,"CIP":1,"CC":0,"_layer":"GlobalKites - Sample 610"}},{"type":"Feature","geometry":{"type":"Point","coordinates":[40.447681158558794,36.70899794509927]},"properties":{"ID":"SY1490","Elev":380,"ANb":2,"AML":430,"ES":0.586058974266,"ESb":1,"ESbP":0,"EPI":2,"EtW":14,"EtF":0,"EtFA":0,"CS":4,"CA":3,"CP":2,"CIP":3,"CC":0,"_layer":"GlobalKites - Sample 610"}},{"type":"Feature","geometry":{"type":"Point","coordinates":[37.20619273021049,32.553430109412204]},"properties":{"ID":"SY1492","Elev":744,"ANb":4,"AML":3175,"ES":0.995742976665,"ESb":0,"ESbP":0,"EPI":2,"EtW":35,"EtF":0,"EtFA":0,"CS":0,"CA":0,"CP":2,"CIP":0,"CC":0,"_layer":"GlobalKites - Sample 610"}},{"type":"Feature","geometry":{"type":"Point","coordinates":[37.3472456347784,32.94752688855522]},"properties":{"ID":"SY1496","Elev":599,"ANb":2,"AML":210,"ES":0.239694997668,"ESb":0,"ESbP":0,"EPI":2,"EtW":5,"EtF":1,"EtFA":0,"CS":0,"CA":0,"CP":5,"CIP":1,"CC":0,"_layer":"GlobalKites - Sample 610"}},{"type":"Feature","geometry":{"type":"Point","coordinates":[40.559848505404375,36.60656146963629]},"properties":{"ID":"SY15","Elev":349,"ANb":1,"AML":721,"ES":0.859010994434,"ESb":0,"ESbP":0,"EPI":2,"EtW":16,"EtF":1,"EtFA":1,"CS":0,"CA":3,"CP":2,"CIP":0,"CC":0,"_layer":"GlobalKites - Sample 610"}},{"type":"Feature","geometry":{"type":"Point","coordinates":[37.25279785503716,32.91550220856027]},"properties":{"ID":"SY1506","Elev":622,"ANb":2,"AML":611,"ES":1.46335995197,"ESb":1,"ESbP":1,"EPI":0,"EtW":14,"EtF":0,"EtFA":0,"CS":0,"CA":1,"CP":5,"CIP":0,"CC":0,"_layer":"GlobalKites - Sample 610"}},{"type":"Feature","geometry":{"type":"Point","coordinates":[37.30634463809474,32.87922435761817]},"properties":{"ID":"SY1508","Elev":628,"ANb":2,"AML":630,"ES":0.526161015034,"ESb":0,"ESbP":0,"EPI":2,"EtW":7,"EtF":0,"EtFA":0,"CS":0,"CA":0,"CP":4,"CIP":0,"CC":0,"_layer":"GlobalKites - Sample 610"}},{"type":"Feature","geometry":{"type":"Point","coordinates":[38.10838228261639,34.331697764640296]},"properties":{"ID":"SY1518","Elev":561,"ANb":1,"AML":104,"ES":0.184196993709,"ESb":0,"ESbP":0,"EPI":0,"EtW":23,"EtF":0,"EtFA":0,"CS":6,"CA":1,"CP":0,"CIP":0,"CC":3,"_layer":"GlobalKites - Sample 610"}},{"type":"Feature","geometry":{"type":"Point","coordinates":[37.98293319111406,34.39513614861454]},"properties":{"ID":"SY1547","Elev":698,"ANb":3,"AML":370,"ES":0.411514014006,"ESb":0,"ESbP":0,"EPI":1,"EtW":8,"EtF":0,"EtFA":0,"CS":2,"CA":1,"CP":2,"CIP":0,"CC":0,"_layer":"GlobalKites - Sample 610"}},{"type":"Feature","geometry":{"type":"Point","coordinates":[37.332000000100095,32.92144699977939]},"properties":{"ID":"SY1562","Elev":618,"ANb":1,"AML":424,"ES":0.540867984295,"ESb":1,"ESbP":0,"EPI":2,"EtW":17,"EtF":0,"EtFA":0,"CS":0,"CA":0,"CP":6,"CIP":6,"CC":0,"_layer":"GlobalKites - Sample 610"}},{"type":"Feature","geometry":{"type":"Point","coordinates":[37.314000000100066,32.92372799974754]},"properties":{"ID":"SY1563","Elev":612,"ANb":3,"AML":226,"ES":0.0873363018036,"ESb":0,"ESbP":0,"EPI":2,"EtW":0,"EtF":0,"EtFA":0,"CS":0,"CA":0,"CP":4,"CIP":1,"CC":0,"_layer":"GlobalKites - Sample 610"}},{"type":"Feature","geometry":{"type":"Point","coordinates":[36.922999999550484,32.71688999957399]},"properties":{"ID":"SY1579","Elev":983,"ANb":2,"AML":66,"ES":0.103177003562,"ESb":0,"ESbP":0,"EPI":0,"EtW":5,"EtF":0,"EtFA":0,"CS":6,"CA":0,"CP":0,"CIP":0,"CC":0,"_layer":"GlobalKites - Sample 610"}},{"type":"Feature","geometry":{"type":"Point","coordinates":[36.89692044802041,32.80334947389929]},"properties":{"ID":"SY1597","Elev":960,"ANb":2,"AML":133,"ES":0.454704999924,"ESb":0,"ESbP":0,"EPI":2,"EtW":11,"EtF":1,"EtFA":1,"CS":0,"CA":0,"CP":4,"CIP":0,"CC":0,"_layer":"GlobalKites - Sample 610"}},{"type":"Feature","geometry":{"type":"Point","coordinates":[36.86001982465535,32.76801350092251]},"properties":{"ID":"SY1602","Elev":1112,"ANb":2,"AML":253,"ES":0.644309997559,"ESb":0,"ESbP":0,"EPI":2,"EtW":10,"EtF":1,"EtFA":1,"CS":1,"CA":0,"CP":4,"CIP":0,"CC":0,"_layer":"GlobalKites - Sample 610"}},{"type":"Feature","geometry":{"type":"Point","coordinates":[36.92171003359135,32.81687596635294]},"properties":{"ID":"SY1604","Elev":895,"ANb":5,"AML":672,"ES":0.224472121801,"ESb":0,"ESbP":0,"EPI":0,"EtW":8,"EtF":0,"EtFA":0,"CS":0,"CA":0,"CP":4,"CIP":0,"CC":0,"_layer":"GlobalKites - Sample 610"}},{"type":"Feature","geometry":{"type":"Point","coordinates":[36.86907699860478,32.758816148746405]},"properties":{"ID":"SY1607","Elev":1052,"ANb":5,"AML":714,"ES":0.378776013851,"ESb":2,"ESbP":1,"EPI":0,"EtW":9,"EtF":0,"EtFA":0,"CS":0,"CA":2,"CP":1,"CIP":0,"CC":0,"_layer":"GlobalKites - Sample 610"}},{"type":"Feature","geometry":{"type":"Point","coordinates":[36.932201821357125,32.6592024653217]},"properties":{"ID":"SY1615","Elev":1141,"ANb":2,"AML":212,"ES":0.0703575015068,"ESb":1,"ESbP":0,"EPI":0,"EtW":8,"EtF":0,"EtFA":0,"CS":2,"CA":0,"CP":0,"CIP":0,"CC":0,"_layer":"GlobalKites - Sample 610"}},{"type":"Feature","geometry":{"type":"Point","coordinates":[36.93463021930933,32.64771693568821]},"properties":{"ID":"SY1627","Elev":1161,"ANb":3,"AML":315,"ES":0.251901000738,"ESb":0,"ESbP":0,"EPI":0,"EtW":6,"EtF":0,"EtFA":0,"CS":1,"CA":1,"CP":1,"CIP":1,"CC":0,"_layer":"GlobalKites - Sample 610"}},{"type":"Feature","geometry":{"type":"Point","coordinates":[36.9758060542062,32.58251637603007]},"properties":{"ID":"SY1628","Elev":1116,"ANb":3,"AML":346,"ES":0.231124997139,"ESb":0,"ESbP":0,"EPI":0,"EtW":11,"EtF":0,"EtFA":0,"CS":1,"CA":0,"CP":0,"CIP":0,"CC":0,"_layer":"GlobalKites - Sample 610"}},{"type":"Feature","geometry":{"type":"Point","coordinates":[37.103069910148406,33.070215999369054]},"properties":{"ID":"SY1648","Elev":599,"ANb":5,"AML":626,"ES":0.590306997299,"ESb":1,"ESbP":0,"EPI":1,"EtW":0,"EtF":0,"EtFA":0,"CS":0,"CA":0,"CP":8,"CIP":0,"CC":0,"_layer":"GlobalKites - Sample 610"}},{"type":"Feature","geometry":{"type":"Point","coordinates":[37.19737340535852,32.67035455421944]},"properties":{"ID":"SY1654","Elev":699,"ANb":3,"AML":271,"ES":0.892669022083,"ESb":0,"ESbP":0,"EPI":2,"EtW":15,"EtF":0,"EtFA":0,"CS":0,"CA":3,"CP":2,"CIP":0,"CC":0,"_layer":"GlobalKites - Sample 610"}},{"type":"Feature","geometry":{"type":"Point","coordinates":[37.19773146593457,32.72681827124637]},"properties":{"ID":"SY1655","Elev":687,"ANb":4,"AML":98,"ES":0.0547664016485,"ESb":0,"ESbP":0,"EPI":0,"EtW":4,"EtF":0,"EtFA":0,"CS":0,"CA":0,"CP":2,"CIP":0,"CC":0,"_layer":"GlobalKites - Sample 610"}},{"type":"Feature","geometry":{"type":"Point","coordinates":[37.271599983752424,32.84986735189693]},"properties":{"ID":"SY1667","Elev":637,"ANb":2,"AML":117,"ES":0.124347001314,"ESb":2,"ESbP":0,"EPI":0,"EtW":0,"EtF":0,"EtFA":0,"CS":5,"CA":0,"CP":0,"CIP":0,"CC":2,"_layer":"GlobalKites - Sample 610"}},{"type":"Feature","geometry":{"type":"Point","coordinates":[37.52349531705539,33.184041765315385]},"properties":{"ID":"SY1672","Elev":617,"ANb":3,"AML":690,"ES":0.517243027687,"ESb":0,"ESbP":0,"EPI":0,"EtW":13,"EtF":0,"EtFA":0,"CS":0,"CA":1,"CP":3,"CIP":1,"CC":0,"_layer":"GlobalKites - Sample 610"}},{"type":"Feature","geometry":{"type":"Point","coordinates":[37.18224120936446,32.65531971703149]},"properties":{"ID":"SY1694","Elev":709,"ANb":2,"AML":534,"ES":0.136078998446,"ESb":3,"ESbP":0,"EPI":0,"EtW":6,"EtF":0,"EtFA":0,"CS":0,"CA":1,"CP":1,"CIP":1,"CC":0,"_layer":"GlobalKites - Sample 610"}},{"type":"Feature","geometry":{"type":"Point","coordinates":[38.35763904280776,34.68028397212777]},"properties":{"ID":"SY1709","Elev":637,"ANb":2,"AML":198,"ES":0.21221999824,"ESb":0,"ESbP":0,"EPI":2,"EtW":9,"EtF":1,"EtFA":1,"CS":1,"CA":0,"CP":3,"CIP":3,"CC":2,"_layer":"GlobalKites - Sample 610"}},{"type":"Feature","geometry":{"type":"Point","coordinates":[37.03409712618162,33.026935596200985]},"properties":{"ID":"SY171","Elev":647,"ANb":2,"AML":192,"ES":0.112958997488,"ESb":0,"ESbP":0,"EPI":2,"EtW":3,"EtF":0,"EtFA":0,"CS":0,"CA":0,"CP":3,"CIP":0,"CC":0,"_layer":"GlobalKites - Sample 610"}},{"type":"Feature","geometry":{"type":"Point","coordinates":[38.84623321009474,34.87962705384564]},"properties":{"ID":"SY1717","Elev":554,"ANb":2,"AML":158,"ES":0.152792006731,"ESb":0,"ESbP":0,"EPI":1,"EtW":7,"EtF":0,"EtFA":0,"CS":0,"CA":1,"CP":3,"CIP":0,"CC":0,"_layer":"GlobalKites - Sample 610"}},{"type":"Feature","geometry":{"type":"Point","coordinates":[38.887876689757604,35.07885473635719]},"properties":{"ID":"SY1720","Elev":568,"ANb":2,"AML":104,"ES":0.327989012003,"ESb":0,"ESbP":0,"EPI":0,"EtW":12,"EtF":0,"EtFA":0,"CS":1,"CA":2,"CP":0,"CIP":0,"CC":0,"_layer":"GlobalKites - Sample 610"}},{"type":"Feature","geometry":{"type":"Point","coordinates":[36.89510816301146,32.756778245419866]},"properties":{"ID":"SY1741","Elev":953,"ANb":2,"AML":248,"ES":0.233351007104,"ESb":1,"ESbP":0,"EPI":2,"EtW":5,"EtF":0,"EtFA":0,"CS":0,"CA":1,"CP":5,"CIP":1,"CC":0,"_layer":"GlobalKites - Sample 610"}},{"type":"Feature","geometry":{"type":"Point","coordinates":[37.414358245736594,32.71058847158088]},"properties":{"ID":"SY1750","Elev":800,"ANb":4,"AML":532,"ES":0.654524981976,"ESb":4,"ESbP":2,"EPI":2,"EtW":12,"EtF":0,"EtFA":0,"CS":3,"CA":2,"CP":3,"CIP":2,"CC":0,"_layer":"GlobalKites - Sample 610"}},{"type":"Feature","geometry":{"type":"Point","coordinates":[37.32032302009145,32.901895432728224]},"properties":{"ID":"SY1751","Elev":621,"ANb":2,"AML":219,"ES":0.380598992109,"ESb":0,"ESbP":0,"EPI":2,"EtW":0,"EtF":0,"EtFA":0,"CS":1,"CA":0,"CP":7,"CIP":0,"CC":0,"_layer":"GlobalKites - Sample 610"}},{"type":"Feature","geometry":{"type":"Point","coordinates":[37.1001789998611,33.09610299975378]},"properties":{"ID":"SY177","Elev":595,"ANb":8,"AML":627,"ES":0.384005993605,"ESb":0,"ESbP":0,"EPI":2,"EtW":4,"EtF":1,"EtFA":1,"CS":0,"CA":0,"CP":15,"CIP":0,"CC":0,"_layer":"GlobalKites - Sample 610"}},{"type":"Feature","geometry":{"type":"Point","coordinates":[37.38414813143129,33.17998388484858]},"properties":{"ID":"SY1774","Elev":600,"ANb":3,"AML":1337,"ES":0.683344006538,"ESb":1,"ESbP":0,"EPI":0,"EtW":6,"EtF":0,"EtFA":0,"CS":1,"CA":2,"CP":3,"CIP":0,"CC":0,"_layer":"GlobalKites - Sample 610"}},{"type":"Feature","geometry":{"type":"Point","coordinates":[37.11262572579676,32.704111095550786]},"properties":{"ID":"SY1775","Elev":734,"ANb":7,"AML":900,"ES":0.524971223031,"ESb":1,"ESbP":0,"EPI":1,"EtW":6,"EtF":0,"EtFA":0,"CS":0,"CA":0,"CP":2,"CIP":2,"CC":0,"_layer":"GlobalKites - Sample 610"}},{"type":"Feature","geometry":{"type":"Point","coordinates":[36.95433300016799,32.998019000176896]},"properties":{"ID":"SY178","Elev":768,"ANb":4,"AML":1414,"ES":0.0841078981757,"ESb":0,"ESbP":0,"EPI":2,"EtW":6,"EtF":1,"EtFA":0,"CS":0,"CA":0,"CP":3,"CIP":0,"CC":0,"_layer":"GlobalKites - Sample 610"}},{"type":"Feature","geometry":{"type":"Point","coordinates":[37.50378287927663,32.72134081092986]},"properties":{"ID":"SY1791","Elev":745,"ANb":2,"AML":1072,"ES":0.606949985027,"ESb":0,"ESbP":0,"EPI":0,"EtW":25,"EtF":0,"EtFA":0,"CS":0,"CA":0,"CP":0,"CIP":10,"CC":0,"_layer":"GlobalKites - Sample 610"}},{"type":"Feature","geometry":{"type":"Point","coordinates":[37.72699999985031,33.2278539996625]},"properties":{"ID":"SY1799","Elev":645,"ANb":3,"AML":608,"ES":2.99670004845,"ESb":1,"ESbP":1,"EPI":1,"EtW":18,"EtF":0,"EtFA":0,"CS":16,"CA":0,"CP":2,"CIP":0,"CC":18,"_layer":"GlobalKites - Sample 610"}},{"type":"Feature","geometry":{"type":"Point","coordinates":[40.47080224902476,36.61830345713901]},"properties":{"ID":"SY18","Elev":362,"ANb":3,"AML":545,"ES":0.562290012836,"ESb":0,"ESbP":0,"EPI":2,"EtW":0,"EtF":1,"EtFA":1,"CS":2,"CA":2,"CP":3,"CIP":0,"CC":0,"_layer":"GlobalKites - Sample 610"}},{"type":"Feature","geometry":{"type":"Point","coordinates":[38.82961636200565,35.079866764140036]},"properties":{"ID":"SY1805","Elev":695,"ANb":2,"AML":147,"ES":0.488189995289,"ESb":0,"ESbP":0,"EPI":0,"EtW":16,"EtF":0,"EtFA":0,"CS":3,"CA":0,"CP":0,"CIP":0,"CC":0,"_layer":"GlobalKites - Sample 610"}},{"type":"Feature","geometry":{"type":"Point","coordinates":[36.99763100037052,33.018820999889385]},"properties":{"ID":"SY183","Elev":683,"ANb":3,"AML":695,"ES":0.195969000459,"ESb":0,"ESbP":0,"EPI":0,"EtW":14,"EtF":0,"EtFA":0,"CS":1,"CA":0,"CP":1,"CIP":0,"CC":0,"_layer":"GlobalKites - Sample 610"}},{"type":"Feature","geometry":{"type":"Point","coordinates":[38.196627708901815,35.120554861617734]},"properties":{"ID":"SY1837","Elev":664,"ANb":2,"AML":192,"ES":0.446377009153,"ESb":0,"ESbP":0,"EPI":2,"EtW":11,"EtF":0,"EtFA":0,"CS":0,"CA":0,"CP":3,"CIP":0,"CC":0,"_layer":"GlobalKites - Sample 610"}},{"type":"Feature","geometry":{"type":"Point","coordinates":[36.642123677865584,34.01297685519785]},"properties":{"ID":"SY1869","Elev":1546,"ANb":2,"AML":118,"ES":1.13632227894,"ESb":0,"ESbP":0,"EPI":2,"EtW":23,"EtF":1,"EtFA":1,"CS":2,"CA":1,"CP":3,"CIP":0,"CC":2,"_layer":"GlobalKites - Sample 610"}},{"type":"Feature","geometry":{"type":"Point","coordinates":[38.48259600280346,36.50126207618405]},"properties":{"ID":"SY1893","Elev":582,"ANb":2,"AML":226,"ES":4.37427997589,"ESb":0,"ESbP":0,"EPI":2,"EtW":37,"EtF":1,"EtFA":0,"CS":0,"CA":5,"CP":2,"CIP":0,"CC":0,"_layer":"GlobalKites - Sample 610"}},{"type":"Feature","geometry":{"type":"Point","coordinates":[36.87485299966636,32.84677699985883]},"properties":{"ID":"SY195","Elev":936,"ANb":5,"AML":634,"ES":0.362657108181,"ESb":0,"ESbP":0,"EPI":0,"EtW":7,"EtF":0,"EtFA":0,"CS":0,"CA":0,"CP":6,"CIP":2,"CC":0,"_layer":"GlobalKites - Sample 610"}},{"type":"Feature","geometry":{"type":"Point","coordinates":[37.43758969920543,34.14846446536296]},"properties":{"ID":"SY1965","Elev":948,"ANb":2,"AML":190,"ES":0.458055277356,"ESb":0,"ESbP":0,"EPI":1,"EtW":13,"EtF":1,"EtFA":0,"CS":0,"CA":3,"CP":1,"CIP":0,"CC":0,"_layer":"GlobalKites - Sample 610"}},{"type":"Feature","geometry":{"type":"Point","coordinates":[39.14485447955076,35.10595003886334]},"properties":{"ID":"SY1995","Elev":469,"ANb":3,"AML":614,"ES":0.202255679105,"ESb":0,"ESbP":0,"EPI":1,"EtW":19,"EtF":1,"EtFA":1,"CS":1,"CA":2,"CP":0,"CIP":0,"CC":0,"_layer":"GlobalKites - Sample 610"}},{"type":"Feature","geometry":{"type":"Point","coordinates":[40.435860142231945,36.63151697742671]},"properties":{"ID":"SY20","Elev":354,"ANb":2,"AML":276,"ES":0.481714993715,"ESb":1,"ESbP":1,"EPI":2,"EtW":9,"EtF":0,"EtFA":0,"CS":0,"CA":2,"CP":2,"CIP":0,"CC":0,"_layer":"GlobalKites - Sample 610"}},{"type":"Feature","geometry":{"type":"Point","coordinates":[36.877562999632914,32.825563000032616]},"properties":{"ID":"SY201","Elev":969,"ANb":2,"AML":201,"ES":0.79195100069,"ESb":1,"ESbP":0,"EPI":2,"EtW":8,"EtF":1,"EtFA":1,"CS":0,"CA":2,"CP":5,"CIP":0,"CC":0,"_layer":"GlobalKites - Sample 610"}},{"type":"Feature","geometry":{"type":"Point","coordinates":[38.56153301783468,36.54134936268309]},"properties":{"ID":"SY2012","Elev":494,"ANb":2,"AML":330,"ES":2.70642430018,"ESb":0,"ESbP":0,"EPI":2,"EtW":29,"EtF":1,"EtFA":1,"CS":3,"CA":4,"CP":3,"CIP":3,"CC":0,"_layer":"GlobalKites - Sample 610"}},{"type":"Feature","geometry":{"type":"Point","coordinates":[38.34815190838401,36.71497840882665]},"properties":{"ID":"SY2018","Elev":558,"ANb":2,"AML":339,"ES":2.41577326052,"ESb":0,"ESbP":0,"EPI":2,"EtW":33,"EtF":1,"EtFA":1,"CS":5,"CA":1,"CP":3,"CIP":0,"CC":0,"_layer":"GlobalKites - Sample 610"}},{"type":"Feature","geometry":{"type":"Point","coordinates":[38.3271949204094,36.75410638040529]},"properties":{"ID":"SY2024","Elev":612,"ANb":2,"AML":108,"ES":1.46135319592,"ESb":1,"ESbP":0,"EPI":2,"EtW":11,"EtF":1,"EtFA":1,"CS":0,"CA":3,"CP":3,"CIP":0,"CC":0,"_layer":"GlobalKites - Sample 610"}},{"type":"Feature","geometry":{"type":"Point","coordinates":[37.380675195204276,33.110902360255864]},"properties":{"ID":"SY2089","Elev":586,"ANb":4,"AML":566,"ES":0.323875308761,"ESb":0,"ESbP":0,"EPI":2,"EtW":13,"EtF":0,"EtFA":0,"CS":0,"CA":0,"CP":4,"CIP":0,"CC":0,"_layer":"GlobalKites - Sample 610"}},{"type":"Feature","geometry":{"type":"Point","coordinates":[37.374069671178574,33.140231215398444]},"properties":{"ID":"SY2090","Elev":585,"ANb":4,"AML":532,"ES":0.817356785768,"ESb":0,"ESbP":0,"EPI":1,"EtW":10,"EtF":0,"EtFA":0,"CS":0,"CA":1,"CP":5,"CIP":0,"CC":0,"_layer":"GlobalKites - Sample 610"}},{"type":"Feature","geometry":{"type":"Point","coordinates":[36.8807879999664,32.70638299977577]},"properties":{"ID":"SY212","Elev":1229,"ANb":2,"AML":354,"ES":0.105559997261,"ESb":0,"ESbP":0,"EPI":0,"EtW":6,"EtF":0,"EtFA":0,"CS":0,"CA":0,"CP":3,"CIP":0,"CC":0,"_layer":"GlobalKites - Sample 610"}},{"type":"Feature","geometry":{"type":"Point","coordinates":[36.81962887487282,34.179249716801166]},"properties":{"ID":"SY2121","Elev":1216,"ANb":0,"AML":0,"ES":1.16766567014,"ESb":0,"ESbP":0,"EPI":2,"EtW":20,"EtF":1,"EtFA":0,"CS":3,"CA":3,"CP":2,"CIP":0,"CC":0,"_layer":"GlobalKites - Sample 610"}},{"type":"Feature","geometry":{"type":"Point","coordinates":[36.87938600006402,32.708055000438094]},"properties":{"ID":"SY213","Elev":1225,"ANb":4,"AML":337,"ES":0.173722997308,"ESb":0,"ESbP":0,"EPI":0,"EtW":16,"EtF":0,"EtFA":0,"CS":0,"CA":0,"CP":4,"CIP":0,"CC":0,"_layer":"GlobalKites - Sample 610"}},{"type":"Feature","geometry":{"type":"Point","coordinates":[41.19276238437669,36.389822119895086]},"properties":{"ID":"SY2148","Elev":443,"ANb":2,"AML":312,"ES":1.47971565091,"ESb":0,"ESbP":0,"EPI":0,"EtW":25,"EtF":0,"EtFA":0,"CS":0,"CA":1,"CP":2,"CIP":4,"CC":0,"_layer":"GlobalKites - Sample 610"}},{"type":"Feature","geometry":{"type":"Point","coordinates":[40.42482344624523,36.6634185366363]},"properties":{"ID":"SY22","Elev":367,"ANb":2,"AML":286,"ES":0.506470024586,"ESb":3,"ESbP":0,"EPI":2,"EtW":16,"EtF":1,"EtFA":1,"CS":0,"CA":0,"CP":3,"CIP":0,"CC":0,"_layer":"GlobalKites - Sample 610"}},{"type":"Feature","geometry":{"type":"Point","coordinates":[37.009281999864584,32.77017199973818]},"properties":{"ID":"SY223","Elev":808,"ANb":2,"AML":288,"ES":0.244537994266,"ESb":0,"ESbP":0,"EPI":1,"EtW":5,"EtF":0,"EtFA":0,"CS":0,"CA":0,"CP":1,"CIP":4,"CC":0,"_layer":"GlobalKites - Sample 610"}},{"type":"Feature","geometry":{"type":"Point","coordinates":[37.21546500040961,32.80691299973529]},"properties":{"ID":"SY228","Elev":680,"ANb":4,"AML":656,"ES":0.472014993429,"ESb":0,"ESbP":0,"EPI":2,"EtW":5,"EtF":1,"EtFA":0,"CS":0,"CA":0,"CP":9,"CIP":0,"CC":0,"_layer":"GlobalKites - Sample 610"}},{"type":"Feature","geometry":{"type":"Point","coordinates":[37.27985300011602,32.96668000018201]},"properties":{"ID":"SY235","Elev":593,"ANb":2,"AML":1147,"ES":0.170552998781,"ESb":0,"ESbP":0,"EPI":0,"EtW":25,"EtF":0,"EtFA":0,"CS":0,"CA":1,"CP":0,"CIP":6,"CC":0,"_layer":"GlobalKites - Sample 610"}},{"type":"Feature","geometry":{"type":"Point","coordinates":[37.27985300011602,32.96668000018201]},"properties":{"ID":"SY235b","Elev":593,"ANb":2,"AML":1147,"ES":0.695546984673,"ESb":0,"ESbP":0,"EPI":0,"EtW":25,"EtF":0,"EtFA":0,"CS":2,"CA":2,"CP":3,"CIP":0,"CC":0,"_layer":"GlobalKites - Sample 610"}},{"type":"Feature","geometry":{"type":"Point","coordinates":[38.983488999817666,34.97915300031087]},"properties":{"ID":"SY241","Elev":458,"ANb":2,"AML":706,"ES":0.614570021629,"ESb":0,"ESbP":0,"EPI":2,"EtW":22,"EtF":1,"EtFA":1,"CS":7,"CA":0,"CP":1,"CIP":0,"CC":4,"_layer":"GlobalKites - Sample 610"}},{"type":"Feature","geometry":{"type":"Point","coordinates":[38.983488999817666,34.97915300031087]},"properties":{"ID":"SY241b","Elev":458,"ANb":2,"AML":212,"ES":0.811030983925,"ESb":0,"ESbP":0,"EPI":0,"EtW":35,"EtF":0,"EtFA":0,"CS":2,"CA":0,"CP":0,"CIP":0,"CC":0,"_layer":"GlobalKites - Sample 610"}},{"type":"Feature","geometry":{"type":"Point","coordinates":[37.95947499967167,34.378828000012334]},"properties":{"ID":"SY244","Elev":830,"ANb":2,"AML":114,"ES":0.196911007166,"ESb":0,"ESbP":0,"EPI":1,"EtW":12,"EtF":1,"EtFA":1,"CS":0,"CA":1,"CP":1,"CIP":0,"CC":0,"_layer":"GlobalKites - Sample 610"}},{"type":"Feature","geometry":{"type":"Point","coordinates":[38.038456999690936,34.34622300009153]},"properties":{"ID":"SY25","Elev":531,"ANb":2,"AML":330,"ES":0.89599698782,"ESb":0,"ESbP":0,"EPI":0,"EtW":18,"EtF":0,"EtFA":0,"CS":6,"CA":3,"CP":0,"CIP":0,"CC":0,"_layer":"GlobalKites - Sample 610"}},{"type":"Feature","geometry":{"type":"Point","coordinates":[38.063404999940985,34.354181000153176]},"properties":{"ID":"SY254","Elev":520,"ANb":2,"AML":160,"ES":0.531388998032,"ESb":0,"ESbP":0,"EPI":0,"EtW":22,"EtF":0,"EtFA":0,"CS":6,"CA":0,"CP":0,"CIP":0,"CC":5,"_layer":"GlobalKites - Sample 610"}},{"type":"Feature","geometry":{"type":"Point","coordinates":[38.069589000032465,34.363106999888316]},"properties":{"ID":"SY255","Elev":544,"ANb":3,"AML":261,"ES":0.235924005508,"ESb":0,"ESbP":0,"EPI":0,"EtW":9,"EtF":1,"EtFA":1,"CS":3,"CA":4,"CP":0,"CIP":0,"CC":0,"_layer":"GlobalKites - Sample 610"}},{"type":"Feature","geometry":{"type":"Point","coordinates":[38.21480500035068,34.513727000301]},"properties":{"ID":"SY268","Elev":495,"ANb":2,"AML":334,"ES":0.142243996263,"ESb":0,"ESbP":0,"EPI":0,"EtW":10,"EtF":1,"EtFA":1,"CS":13,"CA":0,"CP":0,"CIP":0,"CC":13,"_layer":"GlobalKites - Sample 610"}},{"type":"Feature","geometry":{"type":"Point","coordinates":[37.96418600018393,34.37150499955624]},"properties":{"ID":"SY27","Elev":709,"ANb":2,"AML":178,"ES":0.593284010887,"ESb":0,"ESbP":0,"EPI":2,"EtW":18,"EtF":1,"EtFA":1,"CS":1,"CA":3,"CP":0,"CIP":0,"CC":0,"_layer":"GlobalKites - Sample 610"}},{"type":"Feature","geometry":{"type":"Point","coordinates":[38.2658800003619,34.582394000382976]},"properties":{"ID":"SY273","Elev":534,"ANb":2,"AML":206,"ES":0.17328299582,"ESb":0,"ESbP":0,"EPI":2,"EtW":7,"EtF":1,"EtFA":0,"CS":4,"CA":2,"CP":0,"CIP":0,"CC":0,"_layer":"GlobalKites - Sample 610"}},{"type":"Feature","geometry":{"type":"Point","coordinates":[38.26513400013414,34.58517099984192]},"properties":{"ID":"SY274","Elev":522,"ANb":2,"AML":344,"ES":0.315189003944,"ESb":0,"ESbP":0,"EPI":2,"EtW":9,"EtF":1,"EtFA":0,"CS":3,"CA":1,"CP":1,"CIP":0,"CC":3,"_layer":"GlobalKites - Sample 610"}},{"type":"Feature","geometry":{"type":"Point","coordinates":[38.31098100007324,34.62321100038753]},"properties":{"ID":"SY281","Elev":509,"ANb":2,"AML":314,"ES":0.235405996442,"ESb":0,"ESbP":0,"EPI":2,"EtW":14,"EtF":1,"EtFA":0,"CS":1,"CA":1,"CP":2,"CIP":1,"CC":0,"_layer":"GlobalKites - Sample 610"}},{"type":"Feature","geometry":{"type":"Point","coordinates":[38.37228100036805,34.670336999952724]},"properties":{"ID":"SY288","Elev":638,"ANb":2,"AML":423,"ES":0.291525989771,"ESb":0,"ESbP":0,"EPI":2,"EtW":9,"EtF":1,"EtFA":0,"CS":4,"CA":3,"CP":3,"CIP":0,"CC":6,"_layer":"GlobalKites - Sample 610"}},{"type":"Feature","geometry":{"type":"Point","coordinates":[37.19190200017732,32.59463399955962]},"properties":{"ID":"SY29","Elev":743,"ANb":5,"AML":1519,"ES":1.8073400259,"ESb":3,"ESbP":1,"EPI":0,"EtW":18,"EtF":0,"EtFA":0,"CS":1,"CA":0,"CP":4,"CIP":2,"CC":2,"_layer":"GlobalKites - Sample 610"}},{"type":"Feature","geometry":{"type":"Point","coordinates":[38.38164399957111,34.68476599985115]},"properties":{"ID":"SY296","Elev":608,"ANb":2,"AML":256,"ES":0.127101004124,"ESb":0,"ESbP":0,"EPI":2,"EtW":10,"EtF":0,"EtFA":0,"CS":0,"CA":1,"CP":3,"CIP":1,"CC":0,"_layer":"GlobalKites - Sample 610"}},{"type":"Feature","geometry":{"type":"Point","coordinates":[38.39560899965579,34.690886999735426]},"properties":{"ID":"SY299","Elev":575,"ANb":2,"AML":384,"ES":0.366708010435,"ESb":0,"ESbP":0,"EPI":2,"EtW":7,"EtF":0,"EtFA":0,"CS":1,"CA":5,"CP":1,"CIP":0,"CC":0,"_layer":"GlobalKites - Sample 610"}},{"type":"Feature","geometry":{"type":"Point","coordinates":[37.19190200017732,32.59463399955962]},"properties":{"ID":"SY29b","Elev":743,"ANb":5,"AML":1519,"ES":2.14425992966,"ESb":3,"ESbP":1,"EPI":2,"EtW":18,"EtF":0,"EtFA":0,"CS":0,"CA":1,"CP":3,"CIP":7,"CC":0,"_layer":"GlobalKites - Sample 610"}},{"type":"Feature","geometry":{"type":"Point","coordinates":[38.38842400016762,34.68360600031684]},"properties":{"ID":"SY300","Elev":613,"ANb":3,"AML":327,"ES":0.301135003567,"ESb":0,"ESbP":0,"EPI":1,"EtW":9,"EtF":1,"EtFA":1,"CS":3,"CA":1,"CP":5,"CIP":0,"CC":0,"_layer":"GlobalKites - Sample 610"}},{"type":"Feature","geometry":{"type":"Point","coordinates":[38.41855400016715,34.72831399989133]},"properties":{"ID":"SY315","Elev":735,"ANb":2,"AML":298,"ES":0.174087002873,"ESb":0,"ESbP":0,"EPI":0,"EtW":12,"EtF":0,"EtFA":0,"CS":5,"CA":1,"CP":0,"CIP":2,"CC":0,"_layer":"GlobalKites - Sample 610"}},{"type":"Feature","geometry":{"type":"Point","coordinates":[38.427826999716444,34.73938699971046]},"properties":{"ID":"SY319","Elev":716,"ANb":2,"AML":284,"ES":0.31571701169,"ESb":0,"ESbP":0,"EPI":2,"EtW":9,"EtF":1,"EtFA":0,"CS":1,"CA":0,"CP":2,"CIP":3,"CC":0,"_layer":"GlobalKites - Sample 610"}},{"type":"Feature","geometry":{"type":"Point","coordinates":[38.45864800010531,34.75697599964286]},"properties":{"ID":"SY322","Elev":760,"ANb":3,"AML":718,"ES":0.40255099535,"ESb":0,"ESbP":0,"EPI":0,"EtW":7,"EtF":1,"EtFA":1,"CS":7,"CA":0,"CP":3,"CIP":3,"CC":7,"_layer":"GlobalKites - Sample 610"}},{"type":"Feature","geometry":{"type":"Point","coordinates":[37.92840400034453,35.35517700001873]},"properties":{"ID":"SY336","Elev":537,"ANb":2,"AML":926,"ES":1.96445000172,"ESb":1,"ESbP":1,"EPI":0,"EtW":13,"EtF":1,"EtFA":1,"CS":1,"CA":0,"CP":0,"CIP":0,"CC":0,"_layer":"GlobalKites - Sample 610"}},{"type":"Feature","geometry":{"type":"Point","coordinates":[37.22176300036233,35.44899399977345]},"properties":{"ID":"SY337","Elev":351,"ANb":2,"AML":614,"ES":5.28079736738,"ESb":0,"ESbP":0,"EPI":2,"EtW":55,"EtF":1,"EtFA":1,"CS":1,"CA":3,"CP":0,"CIP":4,"CC":0,"_layer":"GlobalKites - Sample 610"}},{"type":"Feature","geometry":{"type":"Point","coordinates":[37.184703000043555,35.43069699956703]},"properties":{"ID":"SY339","Elev":379,"ANb":2,"AML":764,"ES":3.66065001488,"ESb":0,"ESbP":0,"EPI":2,"EtW":30,"EtF":1,"EtFA":1,"CS":0,"CA":4,"CP":0,"CIP":0,"CC":0,"_layer":"GlobalKites - Sample 610"}},{"type":"Feature","geometry":{"type":"Point","coordinates":[37.19866800012829,32.68735299994114]},"properties":{"ID":"SY34","Elev":697,"ANb":2,"AML":770,"ES":0.253964006901,"ESb":0,"ESbP":0,"EPI":1,"EtW":7,"EtF":0,"EtFA":0,"CS":1,"CA":0,"CP":3,"CIP":0,"CC":0,"_layer":"GlobalKites - Sample 610"}},{"type":"Feature","geometry":{"type":"Point","coordinates":[37.283682000424164,35.51369500042409]},"properties":{"ID":"SY346","Elev":323,"ANb":2,"AML":753,"ES":5.87348658726,"ESb":0,"ESbP":0,"EPI":2,"EtW":54,"EtF":1,"EtFA":1,"CS":3,"CA":5,"CP":0,"CIP":1,"CC":0,"_layer":"GlobalKites - Sample 610"}},{"type":"Feature","geometry":{"type":"Point","coordinates":[37.34963999968642,35.73259700025153]},"properties":{"ID":"SY349","Elev":322,"ANb":2,"AML":1311,"ES":5.22603988647,"ESb":2,"ESbP":2,"EPI":2,"EtW":37,"EtF":1,"EtFA":1,"CS":1,"CA":3,"CP":1,"CIP":0,"CC":0,"_layer":"GlobalKites - Sample 610"}},{"type":"Feature","geometry":{"type":"Point","coordinates":[37.40220199992251,35.7476750004011]},"properties":{"ID":"SY350","Elev":365,"ANb":2,"AML":604,"ES":1.25147998333,"ESb":1,"ESbP":1,"EPI":2,"EtW":15,"EtF":1,"EtFA":1,"CS":2,"CA":3,"CP":0,"CIP":0,"CC":0,"_layer":"GlobalKites - Sample 610"}},{"type":"Feature","geometry":{"type":"Point","coordinates":[39.11151070185758,34.93208807280649]},"properties":{"ID":"SY360","Elev":443,"ANb":4,"AML":568,"ES":0.386886000633,"ESb":0,"ESbP":0,"EPI":1,"EtW":12,"EtF":1,"EtFA":0,"CS":2,"CA":1,"CP":0,"CIP":0,"CC":0,"_layer":"GlobalKites - Sample 610"}},{"type":"Feature","geometry":{"type":"Point","coordinates":[37.243375348593645,32.8371624692727]},"properties":{"ID":"SY37","Elev":657,"ANb":3,"AML":584,"ES":0.311461985111,"ESb":0,"ESbP":0,"EPI":2,"EtW":9,"EtF":0,"EtFA":0,"CS":0,"CA":0,"CP":5,"CIP":0,"CC":0,"_layer":"GlobalKites - Sample 610"}},{"type":"Feature","geometry":{"type":"Point","coordinates":[37.36319099956512,35.814487000374925]},"properties":{"ID":"SY373","Elev":412,"ANb":2,"AML":1419,"ES":1.97522997856,"ESb":0,"ESbP":0,"EPI":2,"EtW":18,"EtF":1,"EtFA":1,"CS":3,"CA":2,"CP":2,"CIP":0,"CC":0,"_layer":"GlobalKites - Sample 610"}},{"type":"Feature","geometry":{"type":"Point","coordinates":[36.65543999965644,34.3718270000162]},"properties":{"ID":"SY388","Elev":1158,"ANb":2,"AML":374,"ES":1.22070002556,"ESb":0,"ESbP":0,"EPI":2,"EtW":24,"EtF":1,"EtFA":1,"CS":1,"CA":2,"CP":2,"CIP":0,"CC":0,"_layer":"GlobalKites - Sample 610"}},{"type":"Feature","geometry":{"type":"Point","coordinates":[38.58122499963417,34.717601999632734]},"properties":{"ID":"SY403","Elev":573,"ANb":2,"AML":198,"ES":0.586890995502,"ESb":0,"ESbP":0,"EPI":2,"EtW":13,"EtF":1,"EtFA":1,"CS":5,"CA":0,"CP":2,"CIP":0,"CC":0,"_layer":"GlobalKites - Sample 610"}},{"type":"Feature","geometry":{"type":"Point","coordinates":[38.53775300040081,34.708981999619766]},"properties":{"ID":"SY406","Elev":617,"ANb":2,"AML":186,"ES":0.416716009378,"ESb":0,"ESbP":0,"EPI":2,"EtW":12,"EtF":1,"EtFA":0,"CS":1,"CA":1,"CP":2,"CIP":0,"CC":2,"_layer":"GlobalKites - Sample 610"}},{"type":"Feature","geometry":{"type":"Point","coordinates":[38.60516800030314,34.73831599978371]},"properties":{"ID":"SY414","Elev":598,"ANb":3,"AML":506,"ES":0.879944980145,"ESb":0,"ESbP":0,"EPI":2,"EtW":10,"EtF":1,"EtFA":1,"CS":10,"CA":0,"CP":2,"CIP":1,"CC":2,"_layer":"GlobalKites - Sample 610"}},{"type":"Feature","geometry":{"type":"Point","coordinates":[38.64784799988547,34.77017999970741]},"properties":{"ID":"SY417","Elev":641,"ANb":2,"AML":296,"ES":0.48985063324,"ESb":0,"ESbP":0,"EPI":0,"EtW":13,"EtF":0,"EtFA":0,"CS":4,"CA":2,"CP":0,"CIP":0,"CC":2,"_layer":"GlobalKites - Sample 610"}},{"type":"Feature","geometry":{"type":"Point","coordinates":[38.69482000044286,34.88103700015762]},"properties":{"ID":"SY419","Elev":629,"ANb":2,"AML":424,"ES":0.406075000763,"ESb":0,"ESbP":0,"EPI":0,"EtW":13,"EtF":0,"EtFA":0,"CS":8,"CA":0,"CP":0,"CIP":0,"CC":5,"_layer":"GlobalKites - Sample 610"}},{"type":"Feature","geometry":{"type":"Point","coordinates":[38.48675300025093,34.644349000306306]},"properties":{"ID":"SY421","Elev":490,"ANb":3,"AML":230,"ES":0.383186012506,"ESb":0,"ESbP":0,"EPI":2,"EtW":13,"EtF":1,"EtFA":1,"CS":1,"CA":0,"CP":3,"CIP":2,"CC":2,"_layer":"GlobalKites - Sample 610"}},{"type":"Feature","geometry":{"type":"Point","coordinates":[38.6298140001162,34.65935399978741]},"properties":{"ID":"SY424","Elev":482,"ANb":2,"AML":194,"ES":0.545593976974,"ESb":0,"ESbP":0,"EPI":2,"EtW":11,"EtF":1,"EtFA":1,"CS":6,"CA":2,"CP":2,"CIP":0,"CC":0,"_layer":"GlobalKites - Sample 610"}},{"type":"Feature","geometry":{"type":"Point","coordinates":[37.16616312173085,34.13889886688935]},"properties":{"ID":"SY428","Elev":911,"ANb":2,"AML":377,"ES":0.931702017784,"ESb":0,"ESbP":0,"EPI":2,"EtW":13,"EtF":1,"EtFA":1,"CS":1,"CA":5,"CP":1,"CIP":0,"CC":0,"_layer":"GlobalKites - Sample 610"}},{"type":"Feature","geometry":{"type":"Point","coordinates":[37.038123999822915,32.535087000065175]},"properties":{"ID":"SY434","Elev":968,"ANb":2,"AML":225,"ES":0.241662994027,"ESb":0,"ESbP":0,"EPI":0,"EtW":9,"EtF":0,"EtFA":0,"CS":0,"CA":1,"CP":1,"CIP":0,"CC":0,"_layer":"GlobalKites - Sample 610"}},{"type":"Feature","geometry":{"type":"Point","coordinates":[38.8449930000271,35.15923000026447]},"properties":{"ID":"SY454","Elev":478,"ANb":2,"AML":711,"ES":1.14154005051,"ESb":0,"ESbP":0,"EPI":2,"EtW":23,"EtF":1,"EtFA":1,"CS":22,"CA":0,"CP":2,"CIP":0,"CC":2,"_layer":"GlobalKites - Sample 610"}},{"type":"Feature","geometry":{"type":"Point","coordinates":[37.61569799956317,33.64095200033472]},"properties":{"ID":"SY459","Elev":750,"ANb":3,"AML":542,"ES":1.64795005322,"ESb":5,"ESbP":1,"EPI":2,"EtW":19,"EtF":0,"EtFA":0,"CS":36,"CA":0,"CP":3,"CIP":0,"CC":35,"_layer":"GlobalKites - Sample 610"}},{"type":"Feature","geometry":{"type":"Point","coordinates":[37.601692000285766,33.92436900032925]},"properties":{"ID":"SY464","Elev":974,"ANb":3,"AML":549,"ES":0.583481013775,"ESb":0,"ESbP":0,"EPI":2,"EtW":13,"EtF":0,"EtFA":0,"CS":7,"CA":1,"CP":2,"CIP":0,"CC":6,"_layer":"GlobalKites - Sample 610"}},{"type":"Feature","geometry":{"type":"Point","coordinates":[37.60863100012074,33.89201800043054]},"properties":{"ID":"SY466","Elev":929,"ANb":2,"AML":226,"ES":0.30694898963,"ESb":0,"ESbP":0,"EPI":0,"EtW":23,"EtF":0,"EtFA":0,"CS":0,"CA":1,"CP":0,"CIP":0,"CC":0,"_layer":"GlobalKites - Sample 610"}},{"type":"Feature","geometry":{"type":"Point","coordinates":[37.40501500014233,33.90064199972869]},"properties":{"ID":"SY467","Elev":922,"ANb":2,"AML":1208,"ES":1.6535500288,"ESb":0,"ESbP":0,"EPI":0,"EtW":0,"EtF":0,"EtFA":0,"CS":0,"CA":0,"CP":2,"CIP":21,"CC":0,"_layer":"GlobalKites - Sample 610"}},{"type":"Feature","geometry":{"type":"Point","coordinates":[36.84598500030768,33.96365900006299]},"properties":{"ID":"SY484","Elev":995,"ANb":2,"AML":250,"ES":0.351962000132,"ESb":0,"ESbP":0,"EPI":0,"EtW":24,"EtF":0,"EtFA":0,"CS":0,"CA":3,"CP":0,"CIP":1,"CC":0,"_layer":"GlobalKites - Sample 610"}},{"type":"Feature","geometry":{"type":"Point","coordinates":[38.54019892434104,34.98142464732979]},"properties":{"ID":"SY489","Elev":846,"ANb":2,"AML":579,"ES":0.601194024086,"ESb":0,"ESbP":0,"EPI":2,"EtW":13,"EtF":1,"EtFA":1,"CS":3,"CA":7,"CP":1,"CIP":0,"CC":3,"_layer":"GlobalKites - Sample 610"}},{"type":"Feature","geometry":{"type":"Point","coordinates":[38.575411773834446,34.995037444122886]},"properties":{"ID":"SY496","Elev":828,"ANb":2,"AML":166,"ES":0.2418500036,"ESb":0,"ESbP":0,"EPI":2,"EtW":17,"EtF":0,"EtFA":0,"CS":1,"CA":0,"CP":2,"CIP":1,"CC":0,"_layer":"GlobalKites - Sample 610"}},{"type":"Feature","geometry":{"type":"Point","coordinates":[38.589172844551285,34.9951861820968]},"properties":{"ID":"SY499","Elev":817,"ANb":2,"AML":804,"ES":0.23120200634,"ESb":0,"ESbP":0,"EPI":1,"EtW":12,"EtF":0,"EtFA":0,"CS":3,"CA":1,"CP":1,"CIP":0,"CC":2,"_layer":"GlobalKites - Sample 610"}},{"type":"Feature","geometry":{"type":"Point","coordinates":[38.97055108216688,34.98834410129939]},"properties":{"ID":"SY504","Elev":463,"ANb":2,"AML":352,"ES":0.664865016937,"ESb":0,"ESbP":0,"EPI":2,"EtW":26,"EtF":0,"EtFA":0,"CS":1,"CA":1,"CP":2,"CIP":0,"CC":0,"_layer":"GlobalKites - Sample 610"}},{"type":"Feature","geometry":{"type":"Point","coordinates":[38.72810926573021,34.996217359144]},"properties":{"ID":"SY516","Elev":624,"ANb":2,"AML":879,"ES":0.508898973465,"ESb":0,"ESbP":0,"EPI":0,"EtW":7,"EtF":1,"EtFA":1,"CS":8,"CA":1,"CP":0,"CIP":0,"CC":5,"_layer":"GlobalKites - Sample 610"}},{"type":"Feature","geometry":{"type":"Point","coordinates":[38.760413650169994,34.93149770475543]},"properties":{"ID":"SY526","Elev":599,"ANb":2,"AML":376,"ES":0.241469994187,"ESb":0,"ESbP":0,"EPI":0,"EtW":23,"EtF":0,"EtFA":0,"CS":8,"CA":0,"CP":0,"CIP":0,"CC":4,"_layer":"GlobalKites - Sample 610"}},{"type":"Feature","geometry":{"type":"Point","coordinates":[39.01337089305241,34.984705708701654]},"properties":{"ID":"SY531","Elev":422,"ANb":6,"AML":299,"ES":0.719772994518,"ESb":0,"ESbP":0,"EPI":2,"EtW":12,"EtF":1,"EtFA":1,"CS":7,"CA":4,"CP":1,"CIP":0,"CC":4,"_layer":"GlobalKites - Sample 610"}},{"type":"Feature","geometry":{"type":"Point","coordinates":[38.15967161984952,34.98726532403566]},"properties":{"ID":"SY535","Elev":875,"ANb":3,"AML":182,"ES":0.527445018291,"ESb":0,"ESbP":0,"EPI":2,"EtW":11,"EtF":1,"EtFA":1,"CS":0,"CA":0,"CP":5,"CIP":1,"CC":0,"_layer":"GlobalKites - Sample 610"}},{"type":"Feature","geometry":{"type":"Point","coordinates":[40.74001994496467,35.89063529688161]},"properties":{"ID":"SY538","Elev":305,"ANb":2,"AML":544,"ES":5.98294019699,"ESb":1,"ESbP":1,"EPI":2,"EtW":49,"EtF":1,"EtFA":1,"CS":5,"CA":1,"CP":0,"CIP":0,"CC":0,"_layer":"GlobalKites - Sample 610"}},{"type":"Feature","geometry":{"type":"Point","coordinates":[40.741600920746066,35.88264480431445]},"properties":{"ID":"SY539","Elev":299,"ANb":2,"AML":446,"ES":4.3680100441,"ESb":0,"ESbP":0,"EPI":2,"EtW":45,"EtF":1,"EtFA":1,"CS":4,"CA":2,"CP":1,"CIP":4,"CC":0,"_layer":"GlobalKites - Sample 610"}},{"type":"Feature","geometry":{"type":"Point","coordinates":[40.757688698574725,35.841314513554096]},"properties":{"ID":"SY542","Elev":294,"ANb":2,"AML":344,"ES":2.78714990616,"ESb":0,"ESbP":0,"EPI":2,"EtW":34,"EtF":1,"EtFA":1,"CS":0,"CA":2,"CP":0,"CIP":0,"CC":0,"_layer":"GlobalKites - Sample 610"}},{"type":"Feature","geometry":{"type":"Point","coordinates":[38.638173739926344,34.99445941117307]},"properties":{"ID":"SY548","Elev":696,"ANb":2,"AML":306,"ES":0.33351200819,"ESb":0,"ESbP":0,"EPI":2,"EtW":11,"EtF":1,"EtFA":1,"CS":5,"CA":2,"CP":0,"CIP":0,"CC":2,"_layer":"GlobalKites - Sample 610"}},{"type":"Feature","geometry":{"type":"Point","coordinates":[37.32174424030461,32.94000653277544]},"properties":{"ID":"SY55","Elev":603,"ANb":3,"AML":1960,"ES":1.70274996758,"ESb":0,"ESbP":0,"EPI":2,"EtW":16,"EtF":1,"EtFA":0,"CS":0,"CA":1,"CP":9,"CIP":0,"CC":0,"_layer":"GlobalKites - Sample 610"}},{"type":"Feature","geometry":{"type":"Point","coordinates":[38.47309928160672,34.79013526163317]},"properties":{"ID":"SY554","Elev":856,"ANb":2,"AML":494,"ES":0.329904243927,"ESb":0,"ESbP":0,"EPI":2,"EtW":9,"EtF":0,"EtFA":0,"CS":0,"CA":2,"CP":4,"CIP":0,"CC":0,"_layer":"GlobalKites - Sample 610"}},{"type":"Feature","geometry":{"type":"Point","coordinates":[38.373903863872386,34.72669934270067]},"properties":{"ID":"SY567","Elev":741,"ANb":3,"AML":572,"ES":0.253863990307,"ESb":0,"ESbP":0,"EPI":2,"EtW":14,"EtF":1,"EtFA":1,"CS":0,"CA":0,"CP":2,"CIP":0,"CC":0,"_layer":"GlobalKites - Sample 610"}},{"type":"Feature","geometry":{"type":"Point","coordinates":[38.86024230933526,35.07224224078692]},"properties":{"ID":"SY579","Elev":551,"ANb":2,"AML":483,"ES":0.816300988197,"ESb":1,"ESbP":1,"EPI":2,"EtW":11,"EtF":1,"EtFA":1,"CS":4,"CA":0,"CP":2,"CIP":0,"CC":0,"_layer":"GlobalKites - Sample 610"}},{"type":"Feature","geometry":{"type":"Point","coordinates":[39.04218986586977,34.8341932806955]},"properties":{"ID":"SY581","Elev":430,"ANb":2,"AML":272,"ES":0.441226989031,"ESb":0,"ESbP":0,"EPI":1,"EtW":12,"EtF":1,"EtFA":0,"CS":2,"CA":0,"CP":1,"CIP":0,"CC":0,"_layer":"GlobalKites - Sample 610"}},{"type":"Feature","geometry":{"type":"Point","coordinates":[38.46787153963999,34.76609062857983]},"properties":{"ID":"SY589","Elev":758,"ANb":2,"AML":119,"ES":0.636453986168,"ESb":0,"ESbP":0,"EPI":0,"EtW":25,"EtF":0,"EtFA":0,"CS":30,"CA":0,"CP":0,"CIP":0,"CC":30,"_layer":"GlobalKites - Sample 610"}},{"type":"Feature","geometry":{"type":"Point","coordinates":[37.346637372017256,35.71991558633539]},"properties":{"ID":"SY593","Elev":309,"ANb":2,"AML":164,"ES":2.10223007202,"ESb":1,"ESbP":1,"EPI":2,"EtW":58,"EtF":1,"EtFA":1,"CS":2,"CA":0,"CP":2,"CIP":4,"CC":0,"_layer":"GlobalKites - Sample 610"}},{"type":"Feature","geometry":{"type":"Point","coordinates":[37.29395871172534,35.76278667656402]},"properties":{"ID":"SY596","Elev":342,"ANb":2,"AML":522,"ES":2.14645004272,"ESb":0,"ESbP":0,"EPI":2,"EtW":57,"EtF":1,"EtFA":1,"CS":0,"CA":4,"CP":1,"CIP":1,"CC":0,"_layer":"GlobalKites - Sample 610"}},{"type":"Feature","geometry":{"type":"Point","coordinates":[37.03806299970785,32.85216500011484]},"properties":{"ID":"SY61","Elev":764,"ANb":2,"AML":1942,"ES":1.93369996548,"ESb":0,"ESbP":0,"EPI":0,"EtW":38,"EtF":0,"EtFA":0,"CS":3,"CA":0,"CP":0,"CIP":3,"CC":0,"_layer":"GlobalKites - Sample 610"}},{"type":"Feature","geometry":{"type":"Point","coordinates":[37.07045282693656,35.37785194311283]},"properties":{"ID":"SY611","Elev":434,"ANb":3,"AML":460,"ES":4.8954000473,"ESb":0,"ESbP":0,"EPI":2,"EtW":58,"EtF":1,"EtFA":1,"CS":1,"CA":2,"CP":2,"CIP":0,"CC":0,"_layer":"GlobalKites - Sample 610"}},{"type":"Feature","geometry":{"type":"Point","coordinates":[37.11579892607972,35.482532760378774]},"properties":{"ID":"SY631","Elev":367,"ANb":2,"AML":850,"ES":3.72360992432,"ESb":0,"ESbP":0,"EPI":2,"EtW":48,"EtF":1,"EtFA":1,"CS":0,"CA":2,"CP":1,"CIP":0,"CC":0,"_layer":"GlobalKites - Sample 610"}},{"type":"Feature","geometry":{"type":"Point","coordinates":[38.57160290934695,35.06679238965722]},"properties":{"ID":"SY652","Elev":807,"ANb":2,"AML":230,"ES":0.669295351506,"ESb":0,"ESbP":0,"EPI":0,"EtW":11,"EtF":0,"EtFA":0,"CS":8,"CA":1,"CP":0,"CIP":0,"CC":4,"_layer":"GlobalKites - Sample 610"}},{"type":"Feature","geometry":{"type":"Point","coordinates":[38.70522531299798,35.05317798397692]},"properties":{"ID":"SY661","Elev":757,"ANb":2,"AML":420,"ES":0.242669999599,"ESb":0,"ESbP":0,"EPI":1,"EtW":23,"EtF":0,"EtFA":0,"CS":4,"CA":3,"CP":0,"CIP":0,"CC":5,"_layer":"GlobalKites - Sample 610"}},{"type":"Feature","geometry":{"type":"Point","coordinates":[36.76480873183766,33.649984067011246]},"properties":{"ID":"SY671","Elev":792,"ANb":2,"AML":454,"ES":1.23471999168,"ESb":1,"ESbP":0,"EPI":2,"EtW":25,"EtF":1,"EtFA":1,"CS":3,"CA":3,"CP":3,"CIP":3,"CC":0,"_layer":"GlobalKites - Sample 610"}},{"type":"Feature","geometry":{"type":"Point","coordinates":[37.55245235019595,35.871134444399274]},"properties":{"ID":"SY672","Elev":464,"ANb":2,"AML":316,"ES":1.95447003841,"ESb":0,"ESbP":0,"EPI":1,"EtW":23,"EtF":1,"EtFA":1,"CS":1,"CA":1,"CP":1,"CIP":0,"CC":0,"_layer":"GlobalKites - Sample 610"}},{"type":"Feature","geometry":{"type":"Point","coordinates":[37.15101509137355,34.342966890409855]},"properties":{"ID":"SY674","Elev":783,"ANb":2,"AML":268,"ES":2.41460990906,"ESb":0,"ESbP":0,"EPI":2,"EtW":23,"EtF":1,"EtFA":1,"CS":4,"CA":4,"CP":2,"CIP":0,"CC":0,"_layer":"GlobalKites - Sample 610"}},{"type":"Feature","geometry":{"type":"Point","coordinates":[37.171063872899595,34.359347759991294]},"properties":{"ID":"SY679","Elev":749,"ANb":2,"AML":446,"ES":2.26174998283,"ESb":0,"ESbP":0,"EPI":2,"EtW":18,"EtF":1,"EtFA":1,"CS":3,"CA":8,"CP":0,"CIP":0,"CC":0,"_layer":"GlobalKites - Sample 610"}},{"type":"Feature","geometry":{"type":"Point","coordinates":[37.10931985212966,33.8886635516817]},"properties":{"ID":"SY682","Elev":944,"ANb":2,"AML":243,"ES":0.156001999974,"ESb":0,"ESbP":0,"EPI":0,"EtW":9,"EtF":0,"EtFA":0,"CS":0,"CA":2,"CP":0,"CIP":0,"CC":0,"_layer":"GlobalKites - Sample 610"}},{"type":"Feature","geometry":{"type":"Point","coordinates":[36.844595535155975,33.72103292512958]},"properties":{"ID":"SY687","Elev":929,"ANb":2,"AML":220,"ES":0.186954781797,"ESb":0,"ESbP":0,"EPI":2,"EtW":9,"EtF":1,"EtFA":1,"CS":3,"CA":1,"CP":3,"CIP":0,"CC":0,"_layer":"GlobalKites - Sample 610"}},{"type":"Feature","geometry":{"type":"Point","coordinates":[37.2232951402587,34.17749084162921]},"properties":{"ID":"SY703","Elev":815,"ANb":2,"AML":440,"ES":1.17074000835,"ESb":0,"ESbP":0,"EPI":2,"EtW":16,"EtF":1,"EtFA":1,"CS":3,"CA":5,"CP":1,"CIP":0,"CC":0,"_layer":"GlobalKites - Sample 610"}},{"type":"Feature","geometry":{"type":"Point","coordinates":[37.212066750180554,34.16901619274324]},"properties":{"ID":"SY704","Elev":849,"ANb":2,"AML":341,"ES":0.823360025883,"ESb":0,"ESbP":0,"EPI":2,"EtW":35,"EtF":1,"EtFA":1,"CS":4,"CA":2,"CP":2,"CIP":0,"CC":0,"_layer":"GlobalKites - Sample 610"}},{"type":"Feature","geometry":{"type":"Point","coordinates":[40.50269643918949,36.60778678423287]},"properties":{"ID":"SY711","Elev":362,"ANb":2,"AML":440,"ES":0.417670994997,"ESb":0,"ESbP":0,"EPI":2,"EtW":10,"EtF":1,"EtFA":0,"CS":0,"CA":0,"CP":5,"CIP":0,"CC":0,"_layer":"GlobalKites - Sample 610"}},{"type":"Feature","geometry":{"type":"Point","coordinates":[40.483465769130135,36.60381699685706]},"properties":{"ID":"SY717","Elev":337,"ANb":2,"AML":395,"ES":0.424959003925,"ESb":1,"ESbP":0,"EPI":1,"EtW":17,"EtF":0,"EtFA":0,"CS":0,"CA":2,"CP":2,"CIP":1,"CC":0,"_layer":"GlobalKites - Sample 610"}},{"type":"Feature","geometry":{"type":"Point","coordinates":[37.09657346939025,34.41302563002898]},"properties":{"ID":"SY729","Elev":772,"ANb":2,"AML":326,"ES":2.36233997345,"ESb":0,"ESbP":0,"EPI":2,"EtW":21,"EtF":1,"EtFA":1,"CS":4,"CA":5,"CP":0,"CIP":0,"CC":0,"_layer":"GlobalKites - Sample 610"}},{"type":"Feature","geometry":{"type":"Point","coordinates":[36.6715092325652,34.31589700634191]},"properties":{"ID":"SY730","Elev":1222,"ANb":2,"AML":258,"ES":2.00712990761,"ESb":0,"ESbP":0,"EPI":2,"EtW":34,"EtF":1,"EtFA":0,"CS":1,"CA":0,"CP":3,"CIP":0,"CC":0,"_layer":"GlobalKites - Sample 610"}},{"type":"Feature","geometry":{"type":"Point","coordinates":[40.65587591733987,35.681950142285416]},"properties":{"ID":"SY735","Elev":261,"ANb":3,"AML":385,"ES":1.56640005112,"ESb":0,"ESbP":0,"EPI":2,"EtW":52,"EtF":1,"EtFA":1,"CS":1,"CA":1,"CP":1,"CIP":0,"CC":0,"_layer":"GlobalKites - Sample 610"}},{"type":"Feature","geometry":{"type":"Point","coordinates":[37.530484999982946,32.85215399960754]},"properties":{"ID":"SY74","Elev":679,"ANb":3,"AML":1848,"ES":1.51823997498,"ESb":0,"ESbP":0,"EPI":2,"EtW":19,"EtF":0,"EtFA":0,"CS":0,"CA":0,"CP":4,"CIP":13,"CC":0,"_layer":"GlobalKites - Sample 610"}},{"type":"Feature","geometry":{"type":"Point","coordinates":[41.27887297211015,36.34119753773632]},"properties":{"ID":"SY756","Elev":635,"ANb":2,"AML":640,"ES":1.00297999382,"ESb":0,"ESbP":0,"EPI":2,"EtW":16,"EtF":1,"EtFA":0,"CS":5,"CA":4,"CP":0,"CIP":5,"CC":4,"_layer":"GlobalKites - Sample 610"}},{"type":"Feature","geometry":{"type":"Point","coordinates":[41.25765406828077,36.377952780296766]},"properties":{"ID":"SY763","Elev":487,"ANb":2,"AML":436,"ES":1.21322000027,"ESb":0,"ESbP":0,"EPI":2,"EtW":24,"EtF":1,"EtFA":1,"CS":6,"CA":4,"CP":0,"CIP":4,"CC":4,"_layer":"GlobalKites - Sample 610"}},{"type":"Feature","geometry":{"type":"Point","coordinates":[41.289424284203506,36.375689113861654]},"properties":{"ID":"SY769","Elev":492,"ANb":2,"AML":1044,"ES":0.865490972996,"ESb":0,"ESbP":0,"EPI":2,"EtW":26,"EtF":0,"EtFA":0,"CS":3,"CA":2,"CP":0,"CIP":8,"CC":4,"_layer":"GlobalKites - Sample 610"}},{"type":"Feature","geometry":{"type":"Point","coordinates":[41.15412321231656,36.316328011428766]},"properties":{"ID":"SY773","Elev":499,"ANb":2,"AML":502,"ES":1.12651002407,"ESb":0,"ESbP":0,"EPI":2,"EtW":23,"EtF":0,"EtFA":0,"CS":1,"CA":4,"CP":0,"CIP":7,"CC":2,"_layer":"GlobalKites - Sample 610"}},{"type":"Feature","geometry":{"type":"Point","coordinates":[36.87105640822682,33.63871867522687]},"properties":{"ID":"SY783","Elev":675,"ANb":2,"AML":237,"ES":0.21330499649,"ESb":0,"ESbP":0,"EPI":0,"EtW":4,"EtF":0,"EtFA":0,"CS":0,"CA":0,"CP":0,"CIP":11,"CC":0,"_layer":"GlobalKites - Sample 610"}},{"type":"Feature","geometry":{"type":"Point","coordinates":[36.82539954835062,33.56122131561142]},"properties":{"ID":"SY790","Elev":675,"ANb":2,"AML":188,"ES":0.0656547993422,"ESb":0,"ESbP":0,"EPI":0,"EtW":4,"EtF":0,"EtFA":0,"CS":0,"CA":3,"CP":0,"CIP":1,"CC":0,"_layer":"GlobalKites - Sample 610"}},{"type":"Feature","geometry":{"type":"Point","coordinates":[36.82755256759708,33.55995013918772]},"properties":{"ID":"SY791","Elev":680,"ANb":2,"AML":255,"ES":0.0991761013865,"ESb":0,"ESbP":0,"EPI":0,"EtW":5,"EtF":0,"EtFA":0,"CS":0,"CA":3,"CP":0,"CIP":2,"CC":0,"_layer":"GlobalKites - Sample 610"}},{"type":"Feature","geometry":{"type":"Point","coordinates":[36.776592507238604,33.52334855928876]},"properties":{"ID":"SY801","Elev":226,"ANb":2,"AML":272,"ES":6.08949995041,"ESb":4,"ESbP":2,"EPI":1,"EtW":46,"EtF":1,"EtFA":1,"CS":3,"CA":8,"CP":3,"CIP":0,"CC":0,"_layer":"GlobalKites - Sample 610"}},{"type":"Feature","geometry":{"type":"Point","coordinates":[36.738154703277075,33.4665686837979]},"properties":{"ID":"SY806","Elev":621,"ANb":2,"AML":1280,"ES":2.59277009964,"ESb":0,"ESbP":0,"EPI":2,"EtW":25,"EtF":1,"EtFA":1,"CS":5,"CA":0,"CP":5,"CIP":0,"CC":4,"_layer":"GlobalKites - Sample 610"}},{"type":"Feature","geometry":{"type":"Point","coordinates":[36.742519257957554,33.57982427956699]},"properties":{"ID":"SY818","Elev":635,"ANb":2,"AML":621,"ES":2.22535991669,"ESb":1,"ESbP":0,"EPI":2,"EtW":31,"EtF":1,"EtFA":1,"CS":1,"CA":4,"CP":5,"CIP":0,"CC":0,"_layer":"GlobalKites - Sample 610"}},{"type":"Feature","geometry":{"type":"Point","coordinates":[37.62719716291889,35.19891587616689]},"properties":{"ID":"SY82","Elev":509,"ANb":3,"AML":677,"ES":1.32000005245,"ESb":0,"ESbP":0,"EPI":0,"EtW":44,"EtF":0,"EtFA":0,"CS":2,"CA":0,"CP":0,"CIP":0,"CC":0,"_layer":"GlobalKites - Sample 610"}},{"type":"Feature","geometry":{"type":"Point","coordinates":[36.68274762490313,33.19917788505154]},"properties":{"ID":"SY828","Elev":648,"ANb":3,"AML":336,"ES":0.33563606509,"ESb":0,"ESbP":0,"EPI":2,"EtW":26,"EtF":1,"EtFA":0,"CS":0,"CA":0,"CP":2,"CIP":1,"CC":0,"_layer":"GlobalKites - Sample 610"}},{"type":"Feature","geometry":{"type":"Point","coordinates":[36.95820380636076,33.76704950393162]},"properties":{"ID":"SY835","Elev":1122,"ANb":2,"AML":190,"ES":0.0721143784358,"ESb":0,"ESbP":0,"EPI":0,"EtW":13,"EtF":0,"EtFA":0,"CS":6,"CA":0,"CP":0,"CIP":0,"CC":3,"_layer":"GlobalKites - Sample 610"}},{"type":"Feature","geometry":{"type":"Point","coordinates":[37.58180833518668,33.01733635229101]},"properties":{"ID":"SY855","Elev":619,"ANb":4,"AML":1064,"ES":0.727725028992,"ESb":2,"ESbP":1,"EPI":2,"EtW":8,"EtF":1,"EtFA":1,"CS":0,"CA":2,"CP":5,"CIP":0,"CC":0,"_layer":"GlobalKites - Sample 610"}},{"type":"Feature","geometry":{"type":"Point","coordinates":[37.601366667837624,33.06309302882039]},"properties":{"ID":"SY857","Elev":637,"ANb":2,"AML":418,"ES":0.920544981956,"ESb":0,"ESbP":0,"EPI":2,"EtW":24,"EtF":0,"EtFA":0,"CS":0,"CA":0,"CP":5,"CIP":0,"CC":0,"_layer":"GlobalKites - Sample 610"}},{"type":"Feature","geometry":{"type":"Point","coordinates":[37.67077899995104,35.14302800044203]},"properties":{"ID":"SY86","Elev":567,"ANb":2,"AML":502,"ES":1.89469003677,"ESb":0,"ESbP":0,"EPI":0,"EtW":46,"EtF":0,"EtFA":0,"CS":3,"CA":0,"CP":0,"CIP":0,"CC":0,"_layer":"GlobalKites - Sample 610"}},{"type":"Feature","geometry":{"type":"Point","coordinates":[36.98973637283552,32.5308698703484]},"properties":{"ID":"SY868","Elev":1150,"ANb":3,"AML":528,"ES":0.497220993042,"ESb":0,"ESbP":0,"EPI":0,"EtW":7,"EtF":0,"EtFA":0,"CS":2,"CA":0,"CP":1,"CIP":3,"CC":0,"_layer":"GlobalKites - Sample 610"}},{"type":"Feature","geometry":{"type":"Point","coordinates":[36.97427939927502,32.46816237529356]},"properties":{"ID":"SY872","Elev":1289,"ANb":3,"AML":956,"ES":0.426688998938,"ESb":2,"ESbP":0,"EPI":0,"EtW":14,"EtF":0,"EtFA":0,"CS":0,"CA":0,"CP":2,"CIP":2,"CC":0,"_layer":"GlobalKites - Sample 610"}},{"type":"Feature","geometry":{"type":"Point","coordinates":[36.983220750437454,32.433126786672005]},"properties":{"ID":"SY876","Elev":1227,"ANb":2,"AML":859,"ES":0.21327200532,"ESb":1,"ESbP":1,"EPI":0,"EtW":9,"EtF":0,"EtFA":0,"CS":1,"CA":1,"CP":1,"CIP":0,"CC":0,"_layer":"GlobalKites - Sample 610"}},{"type":"Feature","geometry":{"type":"Point","coordinates":[36.972538479967056,32.42652774765759]},"properties":{"ID":"SY878","Elev":1202,"ANb":2,"AML":580,"ES":0.64738702774,"ESb":0,"ESbP":0,"EPI":0,"EtW":11,"EtF":0,"EtFA":0,"CS":0,"CA":1,"CP":4,"CIP":0,"CC":0,"_layer":"GlobalKites - Sample 610"}},{"type":"Feature","geometry":{"type":"Point","coordinates":[36.89760489415073,32.656758588238404]},"properties":{"ID":"SY881","Elev":1297,"ANb":2,"AML":638,"ES":0.712496995926,"ESb":0,"ESbP":0,"EPI":2,"EtW":11,"EtF":0,"EtFA":0,"CS":0,"CA":3,"CP":3,"CIP":1,"CC":0,"_layer":"GlobalKites - Sample 610"}},{"type":"Feature","geometry":{"type":"Point","coordinates":[38.10447099973703,34.33499999965045]},"properties":{"ID":"SY9","Elev":529,"ANb":2,"AML":244,"ES":0.159520000219,"ESb":0,"ESbP":0,"EPI":2,"EtW":7,"EtF":1,"EtFA":0,"CS":0,"CA":3,"CP":2,"CIP":0,"CC":0,"_layer":"GlobalKites - Sample 610"}},{"type":"Feature","geometry":{"type":"Point","coordinates":[37.41614107165333,33.02524709387842]},"properties":{"ID":"SY916","Elev":591,"ANb":4,"AML":198,"ES":0.168397992849,"ESb":0,"ESbP":0,"EPI":0,"EtW":9,"EtF":0,"EtFA":0,"CS":1,"CA":1,"CP":2,"CIP":1,"CC":0,"_layer":"GlobalKites - Sample 610"}},{"type":"Feature","geometry":{"type":"Point","coordinates":[37.58623933627649,33.04637647469474]},"properties":{"ID":"SY925","Elev":624,"ANb":3,"AML":616,"ES":0.506440997124,"ESb":0,"ESbP":0,"EPI":2,"EtW":14,"EtF":0,"EtFA":0,"CS":1,"CA":1,"CP":4,"CIP":0,"CC":2,"_layer":"GlobalKites - Sample 610"}},{"type":"Feature","geometry":{"type":"Point","coordinates":[37.1193294710784,34.34874636105587]},"properties":{"ID":"SY93","Elev":785,"ANb":2,"AML":908,"ES":2.75082993507,"ESb":0,"ESbP":0,"EPI":2,"EtW":19,"EtF":1,"EtFA":1,"CS":8,"CA":3,"CP":0,"CIP":0,"CC":0,"_layer":"GlobalKites - Sample 610"}},{"type":"Feature","geometry":{"type":"Point","coordinates":[36.947614654392964,32.60904831442832]},"properties":{"ID":"SY940","Elev":1141,"ANb":3,"AML":84,"ES":0.0648249983788,"ESb":0,"ESbP":0,"EPI":0,"EtW":10,"EtF":0,"EtFA":0,"CS":0,"CA":3,"CP":0,"CIP":0,"CC":0,"_layer":"GlobalKites - Sample 610"}},{"type":"Feature","geometry":{"type":"Point","coordinates":[37.12144600033281,34.36384799988548]},"properties":{"ID":"SY96","Elev":775,"ANb":2,"AML":320,"ES":1.4899200201,"ESb":0,"ESbP":0,"EPI":2,"EtW":14,"EtF":1,"EtFA":1,"CS":3,"CA":6,"CP":2,"CIP":0,"CC":0,"_layer":"GlobalKites - Sample 610"}},{"type":"Feature","geometry":{"type":"Point","coordinates":[36.857111686954966,32.9290686533958]},"properties":{"ID":"SY970","Elev":918,"ANb":3,"AML":694,"ES":0.135497003794,"ESb":0,"ESbP":0,"EPI":0,"EtW":9,"EtF":0,"EtFA":0,"CS":2,"CA":0,"CP":0,"CIP":0,"CC":0,"_layer":"GlobalKites - Sample 610"}},{"type":"Feature","geometry":{"type":"Point","coordinates":[37.33404090086702,32.963216174986655]},"properties":{"ID":"SY986","Elev":595,"ANb":2,"AML":52,"ES":0.102775998414,"ESb":0,"ESbP":0,"EPI":1,"EtW":10,"EtF":0,"EtFA":0,"CS":0,"CA":0,"CP":2,"CIP":3,"CC":0,"_layer":"GlobalKites - Sample 610"}},{"type":"Feature","geometry":{"type":"Point","coordinates":[37.344938229815625,32.96898270978437]},"properties":{"ID":"SY989","Elev":594,"ANb":2,"AML":1020,"ES":0.343499004841,"ESb":0,"ESbP":0,"EPI":2,"EtW":7,"EtF":0,"EtFA":0,"CS":0,"CA":0,"CP":4,"CIP":0,"CC":0,"_layer":"GlobalKites - Sample 610"}},{"type":"Feature","geometry":{"type":"Point","coordinates":[37.34319912084294,32.975516427441335]},"properties":{"ID":"SY991","Elev":591,"ANb":4,"AML":783,"ES":0.616244018078,"ESb":0,"ESbP":0,"EPI":1,"EtW":12,"EtF":0,"EtFA":0,"CS":0,"CA":0,"CP":4,"CIP":2,"CC":0,"_layer":"GlobalKites - Sample 610"}},{"type":"Feature","geometry":{"type":"Point","coordinates":[39.606679468183074,36.932130342341566]},"properties":{"ID":"TK103","Elev":486,"ANb":2,"AML":255,"ES":3.89358994257,"ESb":0,"ESbP":0,"EPI":2,"EtW":61,"EtF":1,"EtFA":1,"CS":3,"CA":2,"CP":3,"CIP":4,"CC":0,"_layer":"GlobalKites - Sample 610"}},{"type":"Feature","geometry":{"type":"Point","coordinates":[38.647082564409004,36.79183020899711]},"properties":{"ID":"TK11","Elev":480,"ANb":1,"AML":109,"ES":2.34769010544,"ESb":0,"ESbP":0,"EPI":2,"EtW":33,"EtF":1,"EtFA":0,"CS":0,"CA":1,"CP":3,"CIP":0,"CC":0,"_layer":"GlobalKites - Sample 610"}},{"type":"Feature","geometry":{"type":"Point","coordinates":[39.65337245227704,36.92751944356763]},"properties":{"ID":"TK116","Elev":478,"ANb":2,"AML":454,"ES":4.49380016327,"ESb":0,"ESbP":0,"EPI":2,"EtW":57,"EtF":1,"EtFA":1,"CS":2,"CA":0,"CP":2,"CIP":0,"CC":0,"_layer":"GlobalKites - Sample 610"}},{"type":"Feature","geometry":{"type":"Point","coordinates":[39.28682308911442,37.30979178716143]},"properties":{"ID":"TK130","Elev":753,"ANb":2,"AML":245,"ES":3.07476997375,"ESb":0,"ESbP":0,"EPI":2,"EtW":38,"EtF":1,"EtFA":0,"CS":1,"CA":0,"CP":2,"CIP":0,"CC":0,"_layer":"GlobalKites - Sample 610"}},{"type":"Feature","geometry":{"type":"Point","coordinates":[39.718092326100134,36.985622943044575]},"properties":{"ID":"TK157","Elev":486,"ANb":2,"AML":242,"ES":2.25042703207,"ESb":0,"ESbP":0,"EPI":2,"EtW":31,"EtF":1,"EtFA":1,"CS":1,"CA":2,"CP":2,"CIP":3,"CC":0,"_layer":"GlobalKites - Sample 610"}},{"type":"Feature","geometry":{"type":"Point","coordinates":[38.739344987980985,36.97358721267989]},"properties":{"ID":"TK16","Elev":600,"ANb":2,"AML":302,"ES":2.93287091159,"ESb":0,"ESbP":0,"EPI":2,"EtW":52,"EtF":1,"EtFA":1,"CS":2,"CA":0,"CP":2,"CIP":4,"CC":0,"_layer":"GlobalKites - Sample 610"}},{"type":"Feature","geometry":{"type":"Point","coordinates":[39.064221231624686,37.356503789218664]},"properties":{"ID":"TK163","Elev":693,"ANb":2,"AML":468,"ES":4.55527590863,"ESb":0,"ESbP":0,"EPI":2,"EtW":40,"EtF":1,"EtFA":1,"CS":0,"CA":0,"CP":4,"CIP":3,"CC":0,"_layer":"GlobalKites - Sample 610"}},{"type":"Feature","geometry":{"type":"Point","coordinates":[39.14201343577162,37.196641172852026]},"properties":{"ID":"TK188","Elev":530,"ANb":2,"AML":436,"ES":9.55759861393,"ESb":1,"ESbP":1,"EPI":2,"EtW":64,"EtF":1,"EtFA":1,"CS":1,"CA":4,"CP":3,"CIP":0,"CC":0,"_layer":"GlobalKites - Sample 610"}},{"type":"Feature","geometry":{"type":"Point","coordinates":[38.692402033727035,36.921846613630464]},"properties":{"ID":"TK19","Elev":540,"ANb":2,"AML":416,"ES":3.04541993141,"ESb":1,"ESbP":1,"EPI":2,"EtW":36,"EtF":1,"EtFA":1,"CS":0,"CA":2,"CP":2,"CIP":0,"CC":0,"_layer":"GlobalKites - Sample 610"}},{"type":"Feature","geometry":{"type":"Point","coordinates":[39.38166076902945,37.07123042304573]},"properties":{"ID":"TK228","Elev":622,"ANb":2,"AML":722,"ES":4.35605418091,"ESb":0,"ESbP":0,"EPI":0,"EtW":44,"EtF":1,"EtFA":1,"CS":0,"CA":3,"CP":3,"CIP":0,"CC":2,"_layer":"GlobalKites - Sample 610"}},{"type":"Feature","geometry":{"type":"Point","coordinates":[38.605785623208135,36.86711114626257]},"properties":{"ID":"TK23","Elev":600,"ANb":2,"AML":318,"ES":3.35511994362,"ESb":2,"ESbP":1,"EPI":2,"EtW":35,"EtF":1,"EtFA":1,"CS":2,"CA":0,"CP":3,"CIP":0,"CC":0,"_layer":"GlobalKites - Sample 610"}},{"type":"Feature","geometry":{"type":"Point","coordinates":[38.58508762559359,36.84737012623049]},"properties":{"ID":"TK25","Elev":504,"ANb":0,"AML":0,"ES":2.50425004959,"ESb":0,"ESbP":0,"EPI":2,"EtW":54,"EtF":1,"EtFA":0,"CS":0,"CA":1,"CP":2,"CIP":1,"CC":0,"_layer":"GlobalKites - Sample 610"}},{"type":"Feature","geometry":{"type":"Point","coordinates":[38.68408464389137,36.78002636972133]},"properties":{"ID":"TK34","Elev":437,"ANb":2,"AML":331,"ES":2.26200008392,"ESb":0,"ESbP":0,"EPI":2,"EtW":62,"EtF":1,"EtFA":1,"CS":1,"CA":3,"CP":2,"CIP":0,"CC":2,"_layer":"GlobalKites - Sample 610"}},{"type":"Feature","geometry":{"type":"Point","coordinates":[38.60262317971615,36.82911591666641]},"properties":{"ID":"TK37","Elev":499,"ANb":2,"AML":282,"ES":2.41123008728,"ESb":0,"ESbP":0,"EPI":2,"EtW":30,"EtF":1,"EtFA":1,"CS":1,"CA":0,"CP":4,"CIP":0,"CC":0,"_layer":"GlobalKites - Sample 610"}},{"type":"Feature","geometry":{"type":"Point","coordinates":[39.769745715192755,36.98217304475037]},"properties":{"ID":"TK41","Elev":476,"ANb":2,"AML":352,"ES":5.4577498436,"ESb":1,"ESbP":1,"EPI":2,"EtW":30,"EtF":1,"EtFA":1,"CS":0,"CA":4,"CP":4,"CIP":2,"CC":0,"_layer":"GlobalKites - Sample 610"}},{"type":"Feature","geometry":{"type":"Point","coordinates":[39.882617531574,36.931427480793786]},"properties":{"ID":"TK45","Elev":440,"ANb":2,"AML":348,"ES":1.83333003521,"ESb":0,"ESbP":0,"EPI":2,"EtW":26,"EtF":1,"EtFA":1,"CS":2,"CA":0,"CP":2,"CIP":1,"CC":0,"_layer":"GlobalKites - Sample 610"}},{"type":"Feature","geometry":{"type":"Point","coordinates":[39.922597433624844,36.909105637615255]},"properties":{"ID":"TK48","Elev":417,"ANb":2,"AML":181,"ES":0.514882981777,"ESb":0,"ESbP":0,"EPI":2,"EtW":15,"EtF":1,"EtFA":1,"CS":2,"CA":0,"CP":2,"CIP":0,"CC":0,"_layer":"GlobalKites - Sample 610"}},{"type":"Feature","geometry":{"type":"Point","coordinates":[39.967445852444314,36.87763947258378]},"properties":{"ID":"TK53","Elev":394,"ANb":2,"AML":260,"ES":1.60193349866,"ESb":0,"ESbP":0,"EPI":2,"EtW":29,"EtF":1,"EtFA":1,"CS":1,"CA":5,"CP":2,"CIP":0,"CC":0,"_layer":"GlobalKites - Sample 610"}},{"type":"Feature","geometry":{"type":"Point","coordinates":[39.82707505217206,36.95354568508549]},"properties":{"ID":"TK62","Elev":449,"ANb":2,"AML":78,"ES":1.79516005516,"ESb":1,"ESbP":0,"EPI":2,"EtW":16,"EtF":1,"EtFA":1,"CS":1,"CA":2,"CP":4,"CIP":0,"CC":0,"_layer":"GlobalKites - Sample 610"}},{"type":"Feature","geometry":{"type":"Point","coordinates":[39.89401742056765,36.98511485486682]},"properties":{"ID":"TK74","Elev":451,"ANb":2,"AML":374,"ES":2.25633001328,"ESb":0,"ESbP":0,"EPI":2,"EtW":18,"EtF":1,"EtFA":1,"CS":2,"CA":2,"CP":2,"CIP":0,"CC":0,"_layer":"GlobalKites - Sample 610"}},{"type":"Feature","geometry":{"type":"Point","coordinates":[39.913917418254414,36.96185652066208]},"properties":{"ID":"TK80","Elev":439,"ANb":2,"AML":262,"ES":1.3660299778,"ESb":0,"ESbP":0,"EPI":2,"EtW":26,"EtF":1,"EtFA":1,"CS":0,"CA":3,"CP":2,"CIP":0,"CC":0,"_layer":"GlobalKites - Sample 610"}},{"type":"Feature","geometry":{"type":"Point","coordinates":[39.52062071107713,36.929715240865846]},"properties":{"ID":"TK85","Elev":521,"ANb":2,"AML":374,"ES":5.08844279331,"ESb":0,"ESbP":0,"EPI":2,"EtW":37,"EtF":1,"EtFA":1,"CS":0,"CA":0,"CP":6,"CIP":0,"CC":0,"_layer":"GlobalKites - Sample 610"}},{"type":"Feature","geometry":{"type":"Point","coordinates":[39.5754649910167,36.99402719839668]},"properties":{"ID":"TK90","Elev":520,"ANb":2,"AML":422,"ES":5.00626993179,"ESb":0,"ESbP":0,"EPI":2,"EtW":53,"EtF":1,"EtFA":0,"CS":2,"CA":0,"CP":3,"CIP":0,"CC":0,"_layer":"GlobalKites - Sample 610"}},{"type":"Feature","geometry":{"type":"Point","coordinates":[39.49692315967627,36.90437948262718]},"properties":{"ID":"TK92","Elev":516,"ANb":2,"AML":334,"ES":2.14122009277,"ESb":0,"ESbP":0,"EPI":2,"EtW":29,"EtF":0,"EtFA":0,"CS":0,"CA":0,"CP":2,"CIP":3,"CC":0,"_layer":"GlobalKites - Sample 610"}},{"type":"Feature","geometry":{"type":"Point","coordinates":[39.468176445586664,36.92011462818772]},"properties":{"ID":"TK93","Elev":519,"ANb":2,"AML":282,"ES":3.04507994652,"ESb":0,"ESbP":0,"EPI":2,"EtW":22,"EtF":1,"EtFA":1,"CS":1,"CA":0,"CP":5,"CIP":1,"CC":1,"_layer":"GlobalKites - Sample 610"}},{"type":"Feature","geometry":{"type":"Point","coordinates":[39.474950371262764,36.889030558113916]},"properties":{"ID":"TK99","Elev":511,"ANb":2,"AML":311,"ES":2.5764400959,"ESb":0,"ESbP":0,"EPI":2,"EtW":61,"EtF":1,"EtFA":1,"CS":0,"CA":4,"CP":1,"CIP":0,"CC":0,"_layer":"GlobalKites - Sample 610"}},{"type":"Feature","geometry":{"type":"Point","coordinates":[58.36390774064989,45.29956632932283]},"properties":{"ID":"UZ10","Elev":183,"ANb":2,"AML":727,"ES":19.1203994751,"ESb":0,"ESbP":0,"EPI":2,"EtW":105,"EtF":1,"EtFA":0,"CS":0,"CA":0,"CP":6,"CIP":0,"CC":0,"_layer":"GlobalKites - Sample 610"}},{"type":"Feature","geometry":{"type":"Point","coordinates":[58.34836666878692,45.29701042369226]},"properties":{"ID":"UZ11","Elev":181,"ANb":0,"AML":0,"ES":17.5471992493,"ESb":0,"ESbP":0,"EPI":2,"EtW":121,"EtF":1,"EtFA":0,"CS":0,"CA":0,"CP":6,"CIP":0,"CC":0,"_layer":"GlobalKites - Sample 610"}},{"type":"Feature","geometry":{"type":"Point","coordinates":[58.16240245940617,45.38049365465861]},"properties":{"ID":"UZ20","Elev":154,"ANb":0,"AML":0,"ES":20.5062007904,"ESb":0,"ESbP":0,"EPI":2,"EtW":88,"EtF":1,"EtFA":0,"CS":0,"CA":0,"CP":6,"CIP":0,"CC":0,"_layer":"GlobalKites - Sample 610"}},{"type":"Feature","geometry":{"type":"Point","coordinates":[57.91529803587582,45.297298311068346]},"properties":{"ID":"UZ40","Elev":136,"ANb":0,"AML":0,"ES":17.3974990845,"ESb":0,"ESbP":0,"EPI":2,"EtW":143,"EtF":1,"EtFA":0,"CS":0,"CA":0,"CP":6,"CIP":0,"CC":0,"_layer":"GlobalKites - Sample 610"}},{"type":"Feature","geometry":{"type":"Point","coordinates":[57.90196390660918,42.21652807720915]},"properties":{"ID":"UZ44","Elev":84,"ANb":2,"AML":228,"ES":0.135322004557,"ESb":0,"ESbP":0,"EPI":2,"EtW":9,"EtF":1,"EtFA":0,"CS":0,"CA":0,"CP":3,"CIP":0,"CC":0,"_layer":"GlobalKites - Sample 610"}},{"type":"Feature","geometry":{"type":"Point","coordinates":[57.935997086596444,42.401602947917866]},"properties":{"ID":"UZ6","Elev":114,"ANb":2,"AML":92,"ES":0.540193974972,"ESb":0,"ESbP":0,"EPI":2,"EtW":15,"EtF":0,"EtFA":0,"CS":1,"CA":0,"CP":3,"CIP":0,"CC":0,"_layer":"GlobalKites - Sample 610"}}]}